{"type":"FeatureCollection", "features": [
{"type":"Feature","geometry":{"type":"Polygon","coordinates":[[[-92.8506,35.463],[-92.4793,35.4554],[-92.4815,35.3684],[-92.2528,35.3637],[-92.2405,35.7122],[-92.4184,35.716],[-92.4167,35.7886],[-92.6298,35.7908],[-92.6312,35.7184],[-92.8098,35.7224],[-92.8134,35.549],[-92.8506,35.463]]]},"properties":{"NAME":"Van Buren","STATE":"05"}},
{"type":"Feature","geometry":{"type":"Polygon","coordinates":[[[-91.4651,35.0895],[-91.3904,35.2516],[-91.4382,35.3694],[-91.3473,35.4391],[-91.5847,35.4423],[-91.5819,35.5304],[-91.794,35.5341],[-91.852,35.3583],[-92.1115,35.3627],[-92.1197,35.0665],[-92.0131,35.0763],[-91.8789,35.0246],[-91.8025,35.0304],[-91.584,35.0916],[-91.4651,35.0895]]]},"properties":{"NAME":"White","STATE":"05"}},
{"type":"Feature","geometry":{"type":"Polygon","coordinates":[[[-105.4855,37.5779],[-105.4573,37.7515],[-106.0384,37.7484],[-106.0393,37.4009],[-106.0389,37.357],[-105.7433,37.3568],[-105.4855,37.5779]]]},"properties":{"NAME":"Alamosa","STATE":"08"}},
{"type":"Feature","geometry":{"type":"Polygon","coordinates":[[[-105.0551,40.2618],[-105.6533,40.2605],[-105.6388,40.0388],[-105.6758,39.9324],[-105.3978,39.9129],[-105.1473,39.9139],[-105.0528,40.0003],[-105.0551,40.2618]]]},"properties":{"NAME":"Boulder","STATE":"08"}},
{"type":"Feature","geometry":{"type":"Polygon","coordinates":[[[-105.1473,39.9139],[-105.0529,39.9138],[-104.9614,40.0003],[-105.0528,40.0003],[-105.1473,39.9139]]]},"properties":{"NAME":"Broomfield","STATE":"08"}},
{"type":"Feature","geometry":{"type":"Polygon","coordinates":[[[-103.5018,38.265],[-103.5047,38.5164],[-104.0539,38.5224],[-104.0582,38.1465],[-103.8356,38.1133],[-103.6192,38.1134],[-103.5094,38.1725],[-103.5018,38.265]]]},"properties":{"NAME":"Crowley","STATE":"08"}},
{"type":"Feature","geometry":{"type":"Polygon","coordinates":[[[-105.0534,39.6214],[-105.0157,39.6787],[-104.8483,39.6592],[-104.8846,39.7402],[-104.8564,39.7687],[-104.7346,39.7692],[-104.7625,39.823],[-104.6199,39.8266],[-104.6929,39.9142],[-104.7909,39.7983],[-105.0532,39.7911],[-105.0534,39.6214]]]},"properties":{"NAME":"Denver","STATE":"08"}},
{"type":"Feature","geometry":{"type":"Polygon","coordinates":[[[-105.0487,39.5661],[-105.2601,39.2104],[-105.3292,39.1297],[-105.0335,39.1298],[-104.6629,39.1295],[-104.6606,39.5659],[-105.0487,39.5661]]]},"properties":{"NAME":"Douglas","STATE":"08"}},
{"type":"Feature","geometry":{"type":"Polygon","coordinates":[[[-105.3978,39.9129],[-105.6758,39.9324],[-105.6903,39.852],[-105.5451,39.7736],[-105.3979,39.7471],[-105.3978,39.9129]]]},"properties":{"NAME":"Gilpin","STATE":"08"}},
{"type":"Feature","geometry":{"type":"Polygon","coordinates":[[[-107.4821,37.4227],[-107.1287,37.4229],[-107.1451,37.6755],[-107.1382,37.9388],[-107.0006,37.956],[-107.0011,38.1471],[-107.5686,38.1473],[-107.5109,38.0609],[-107.5689,37.965],[-107.5165,37.8265],[-107.4688,37.8097],[-107.4822,37.6395],[-107.4821,37.4227]]]},"properties":{"NAME":"Hinsdale","STATE":"08"}},
{"type":"Feature","geometry":{"type":"Polygon","coordinates":[[[-106.3212,40.9991],[-106.8578,41.0031],[-106.825,40.9321],[-106.6545,40.8491],[-106.6369,40.7895],[-106.7061,40.6166],[-106.6521,40.4452],[-106.6123,40.3794],[-106.4898,40.4116],[-106.4434,40.3465],[-106.2301,40.3234],[-106.0186,40.3733],[-105.9597,40.3481],[-105.8549,40.4863],[-106.0577,40.8171],[-106.1853,40.934],[-106.1905,40.9981],[-106.3212,40.9991]]]},"properties":{"NAME":"Jackson","STATE":"08"}},
{"type":"Feature","geometry":{"type":"Polygon","coordinates":[[[-105.0534,39.6214],[-105.0532,39.7911],[-105.0529,39.9138],[-105.1473,39.9139],[-105.3978,39.9129],[-105.3979,39.7471],[-105.3989,39.5661],[-105.3979,39.1296],[-105.3304,39.1297],[-105.3292,39.1297],[-105.2601,39.2104],[-105.0487,39.5661],[-105.0534,39.6214]]]},"properties":{"NAME":"Jefferson","STATE":"08"}},
{"type":"Feature","geometry":{"type":"Polygon","coordinates":[[[-103.5047,38.5164],[-103.1729,38.5253],[-103.1729,38.6125],[-103.163,39.0376],[-103.1544,39.5657],[-103.7071,39.5663],[-103.7144,39.5663],[-103.7197,38.8668],[-104.0555,38.8689],[-104.0539,38.5224],[-103.5047,38.5164]]]},"properties":{"NAME":"Lincoln","STATE":"08"}},
{"type":"Feature","geometry":{"type":"Polygon","coordinates":[[[-109.0431,37.4852],[-109.0452,36.9991],[-108.3792,36.9995],[-108.1972,37.3555],[-108.0384,37.4519],[-108.023,37.591],[-107.9701,37.6396],[-108.9171,37.6319],[-109.0431,37.4852]]]},"properties":{"NAME":"Montezuma","STATE":"08"}},
{"type":"Feature","geometry":{"type":"Polygon","coordinates":[[[-102.0514,40.6975],[-102.0513,40.7496],[-102.6513,40.7494],[-102.6648,40.4385],[-102.0515,40.44],[-102.0514,40.6975]]]},"properties":{"NAME":"Phillips","STATE":"08"}},
{"type":"Feature","geometry":{"type":"Polygon","coordinates":[[[-106.7108,37.4042],[-106.6784,37.4036],[-106.0393,37.4009],[-106.0384,37.7484],[-106.5864,37.7478],[-106.5871,37.8344],[-106.6938,37.8352],[-106.7116,37.6643],[-106.7108,37.4042]]]},"properties":{"NAME":"Rio Grande","STATE":"08"}},
{"type":"Feature","geometry":{"type":"Polygon","coordinates":[[[-107.7383,37.9054],[-107.8608,37.7755],[-107.9689,37.6965],[-107.9701,37.6396],[-107.4822,37.6395],[-107.4688,37.8097],[-107.5165,37.8265],[-107.5689,37.965],[-107.7383,37.9054]]]},"properties":{"NAME":"San Juan","STATE":"08"}},
{"type":"Feature","geometry":{"type":"Polygon","coordinates":[[[-104.0532,41.0014],[-104.9434,40.9982],[-104.9456,40.3491],[-105.0567,40.3493],[-105.0551,40.2618],[-105.0528,40.0003],[-104.9614,40.0003],[-104.1503,40.0009],[-104.1479,40.5243],[-103.5818,40.5234],[-103.5745,41.0017],[-104.0532,41.0014]]]},"properties":{"NAME":"Weld","STATE":"08"}},
{"type":"Feature","geometry":{"type":"Polygon","coordinates":[[[-109.0479,32.4264],[-109.114,32.4262],[-110.4515,32.4274],[-110.4517,31.7313],[-110.4566,31.5],[-109.0498,31.5],[-109.0479,32.4264]]]},"properties":{"NAME":"Cochise","STATE":"04"}},
{"type":"Feature","geometry":{"type":"Polygon","coordinates":[[[-112,34.0302],[-112,33.2047],[-111.583,33.2055],[-111.5806,33.4659],[-111.0399,33.4661],[-111.1534,33.6776],[-111.2628,33.6232],[-111.3894,33.7767],[-111.3723,33.8239],[-111.4948,33.9998],[-111.7253,33.9998],[-112,34.0302]]]},"properties":{"NAME":"Maricopa","STATE":"04"}},
{"type":"Feature","geometry":{"type":"Polygon","coordinates":[[[-91.0563,34.3366],[-91.1078,34.3534],[-91.2092,34.4832],[-91.3778,34.5635],[-91.5944,34.5681],[-91.678,34.4819],[-91.7052,34.4827],[-91.7118,34.2339],[-91.5402,34.2246],[-91.4456,34.0801],[-91.4217,34.0145],[-91.3476,33.9549],[-91.1327,33.9552],[-91.1943,34.0709],[-91.1179,34.1191],[-91.0606,34.2168],[-91.0563,34.3366]]]},"properties":{"NAME":"Arkansas","STATE":"05"}},
{"type":"Feature","geometry":{"type":"Polygon","coordinates":[[[-93.2961,36.4984],[-93.3001,36.1213],[-92.9447,36.1151],[-92.8907,36.1141],[-92.885,36.4909],[-92.854,36.498],[-93.2961,36.4984]]]},"properties":{"NAME":"Boone","STATE":"05"}},
{"type":"Feature","geometry":{"type":"Polygon","coordinates":[[[-93.3734,33.9571],[-93.2906,33.8451],[-93.1043,33.777],[-92.8935,33.8099],[-92.8863,34.1559],[-93.042,34.1599],[-93.035,34.2367],[-93.3568,34.2803],[-93.4081,34.3395],[-93.4786,34.3409],[-93.4342,34.0497],[-93.3734,33.9571]]]},"properties":{"NAME":"Clark","STATE":"05"}},
{"type":"Feature","geometry":{"type":"Polygon","coordinates":[[[-93.0405,35.0769],[-92.7163,35.0717],[-92.5547,35.1133],[-92.4843,35.2807],[-92.4815,35.3684],[-92.4793,35.4554],[-92.8506,35.463],[-92.855,35.1728],[-92.8961,35.1707],[-93.0405,35.0769]]]},"properties":{"NAME":"Conway","STATE":"05"}},
{"type":"Feature","geometry":{"type":"Polygon","coordinates":[[[-91.9758,33.7044],[-91.9902,33.3982],[-91.4574,33.389],[-91.4534,33.5637],[-91.4503,33.7804],[-91.5576,33.7834],[-91.976,33.7918],[-91.9758,33.7044]]]},"properties":{"NAME":"Drew","STATE":"05"}},
{"type":"Feature","geometry":{"type":"Polygon","coordinates":[[[-93.3943,34.7434],[-93.4072,34.3969],[-92.9481,34.3893],[-92.9151,34.5061],[-92.7932,34.5036],[-92.808,34.5904],[-92.9799,34.6372],[-92.9692,34.7723],[-93.0752,34.7719],[-93.2878,34.7732],[-93.3943,34.7434]]]},"properties":{"NAME":"Garland","STATE":"05"}},
{"type":"Feature","geometry":{"type":"Polygon","coordinates":[[[-93.9354,34.3501],[-94.2547,34.3555],[-94.2437,34.1925],[-94.0901,34.1871],[-94.0701,33.927],[-93.9588,33.751],[-93.9573,33.7509],[-93.8315,33.7477],[-93.8231,34.0089],[-93.8207,34.1838],[-93.9258,34.1865],[-93.9354,34.3501]]]},"properties":{"NAME":"Howard","STATE":"05"}},
{"type":"Feature","geometry":{"type":"Polygon","coordinates":[[[-93.7101,35.3752],[-93.4304,35.4237],[-93.4179,35.3268],[-93.299,35.3274],[-93.2959,35.4699],[-93.2236,35.4686],[-93.1678,35.5977],[-93.1645,35.7288],[-93.5196,35.7344],[-93.5192,35.7635],[-93.696,35.7686],[-93.7101,35.3752]]]},"properties":{"NAME":"Johnson","STATE":"05"}},
{"type":"Feature","geometry":{"type":"Polygon","coordinates":[[[-92.1213,35.0122],[-92.0708,35.0118],[-92.0787,34.73],[-92.1133,34.623],[-92.0295,34.6214],[-92.03,34.4894],[-91.7052,34.4827],[-91.678,34.4819],[-91.6385,34.6261],[-91.7008,34.672],[-91.6937,34.9196],[-91.8037,34.9215],[-91.8025,35.0304],[-91.8789,35.0246],[-92.0131,35.0763],[-92.1197,35.0665],[-92.1213,35.0122]]]},"properties":{"NAME":"Lonoke","STATE":"05"}},
{"type":"Feature","geometry":{"type":"Polygon","coordinates":[[[-93.7103,34.7453],[-93.8702,34.7127],[-93.9305,34.6656],[-93.9354,34.3501],[-93.4786,34.3409],[-93.4081,34.3395],[-93.4072,34.3969],[-93.3943,34.7434],[-93.7103,34.7453]]]},"properties":{"NAME":"Montgomery","STATE":"05"}},
{"type":"Feature","geometry":{"type":"Polygon","coordinates":[[[-92.9447,36.1151],[-93.3001,36.1213],[-93.4795,36.1251],[-93.4507,35.9675],[-93.5236,35.8816],[-93.5192,35.7635],[-93.5196,35.7344],[-93.1645,35.7288],[-92.9513,35.7247],[-92.9447,36.1151]]]},"properties":{"NAME":"Newton","STATE":"05"}},
{"type":"Feature","geometry":{"type":"Polygon","coordinates":[[[-91.037,35.7084],[-91.0392,35.4447],[-90.5024,35.4417],[-90.2869,35.4386],[-90.2867,35.6999],[-91.037,35.7084]]]},"properties":{"NAME":"Poinsett","STATE":"05"}},
{"type":"Feature","geometry":{"type":"Polygon","coordinates":[[[-90.4085,34.9041],[-90.4004,35.1482],[-90.503,35.1442],[-91.0427,35.1482],[-91.0454,35.001],[-91.1498,35.0025],[-91.1525,34.9118],[-91.1,34.8671],[-91.0992,34.9118],[-90.4085,34.9041]]]},"properties":{"NAME":"St. Francis","STATE":"05"}},
{"type":"Feature","geometry":{"type":"Polygon","coordinates":[[[-92.4143,35.9759],[-92.4115,36.0628],[-92.8378,36.0701],[-92.8907,36.1141],[-92.9447,36.1151],[-92.9513,35.7247],[-92.8098,35.7224],[-92.6312,35.7184],[-92.6298,35.7908],[-92.4167,35.7886],[-92.4143,35.9759]]]},"properties":{"NAME":"Searcy","STATE":"05"}},
{"type":"Feature","geometry":{"type":"Polygon","coordinates":[[[-111.9768,43.9274],[-112,43.971],[-112,43.6267],[-111.6264,43.6267],[-111.9328,43.7668],[-111.9768,43.9274]]]},"properties":{"NAME":"Jefferson","STATE":"16"}},
{"type":"Feature","geometry":{"type":"Polygon","coordinates":[[[-111.0481,43.9831],[-111.1871,43.9322],[-111.3989,43.9231],[-111.3999,43.622],[-111.2439,43.6217],[-111.1991,43.5397],[-111.0452,43.5011],[-111.0481,43.9831]]]},"properties":{"NAME":"Teton","STATE":"16"}},
{"type":"Feature","geometry":{"type":"Polygon","coordinates":[[[-90.5137,39.9879],[-90.6071,39.9817],[-90.6959,40.1038],[-90.9136,40.1045],[-90.9166,39.8451],[-90.5718,39.8393],[-90.5835,39.8768],[-90.5137,39.9879]]]},"properties":{"NAME":"Brown","STATE":"17"}},
{"type":"Feature","geometry":{"type":"Polygon","coordinates":[[[-94.7006,41.5041],[-94.7442,41.6022],[-94.7449,41.8624],[-95.0929,41.8634],[-95.0925,41.6021],[-95.0408,41.5047],[-94.7006,41.5041]]]},"properties":{"NAME":"Audubon","STATE":"19"}},
{"type":"Feature","geometry":{"type":"Polygon","coordinates":[[[-92.5542,42.9071],[-92.5545,42.6423],[-92.0817,42.6421],[-92.0816,42.907],[-92.5542,42.9071]]]},"properties":{"NAME":"Bremer","STATE":"19"}},
{"type":"Feature","geometry":{"type":"Polygon","coordinates":[[[-94.9139,42.9097],[-95.3882,42.9099],[-95.388,42.5617],[-94.9145,42.5603],[-94.9139,42.9097]]]},"properties":{"NAME":"Buena Vista","STATE":"19"}},
{"type":"Feature","geometry":{"type":"Polygon","coordinates":[[[-91.3661,41.8601],[-91.3664,41.5984],[-90.8999,41.5971],[-90.8984,41.7714],[-90.8985,41.9462],[-91.3658,41.9474],[-91.3661,41.8601]]]},"properties":{"NAME":"Cedar","STATE":"19"}},
{"type":"Feature","geometry":{"type":"Polygon","coordinates":[[[-94.0142,41.1568],[-94.0148,40.897],[-93.5565,40.8983],[-93.5576,41.1613],[-93.7892,41.162],[-94.0142,41.1568]]]},"properties":{"NAME":"Clarke","STATE":"19"}},
{"type":"Feature","geometry":{"type":"Polygon","coordinates":[[[-90,41.1495],[-90,41.5843],[-90.1856,41.5847],[-90.4321,41.4562],[-90.4338,41.327],[-90.4377,41.1513],[-90,41.1495]]]},"properties":{"NAME":"Henry","STATE":"17"}},
{"type":"Feature","geometry":{"type":"Polygon","coordinates":[[[-90.9098,40.2844],[-90.912,40.1931],[-90.9136,40.1045],[-90.6959,40.1038],[-90.6071,39.9817],[-90.5137,39.9879],[-90.4335,40.024],[-90.3552,40.1242],[-90.1996,40.1839],[-90.4515,40.1889],[-90.4502,40.2763],[-90.9098,40.2844]]]},"properties":{"NAME":"Schuyler","STATE":"17"}},
{"type":"Feature","geometry":{"type":"Polygon","coordinates":[[[-97.3686,39.567],[-97.3698,39.306],[-97.3712,39.132],[-96.9632,39.1323],[-96.9614,39.2201],[-96.9589,39.5664],[-97.3686,39.567]]]},"properties":{"NAME":"Clay","STATE":"20"}},
{"type":"Feature","geometry":{"type":"Polygon","coordinates":[[[-97.3686,39.567],[-97.3687,39.654],[-97.9315,39.6538],[-97.9318,39.5669],[-97.9291,39.3064],[-97.3698,39.306],[-97.3686,39.567]]]},"properties":{"NAME":"Cloud","STATE":"20"}},
{"type":"Feature","geometry":{"type":"Polygon","coordinates":[[[-100.7388,40.0022],[-100.7409,39.568],[-100.7202,39.568],[-100.1804,39.5669],[-100.1778,40.0016],[-100.1936,40.0016],[-100.7388,40.0022]]]},"properties":{"NAME":"Decatur","STATE":"20"}},
{"type":"Feature","geometry":{"type":"Polygon","coordinates":[[[-96.5257,37.4764],[-96.5249,37.3027],[-95.9644,37.2992],[-95.9616,37.3866],[-95.961,37.6038],[-96.5253,37.607],[-96.5257,37.4764]]]},"properties":{"NAME":"Elk","STATE":"20"}},
{"type":"Feature","geometry":{"type":"Polygon","coordinates":[[[-99.6052,39.1325],[-99.6023,39.5673],[-99.628,39.5674],[-100.1617,39.5673],[-100.1642,39.1321],[-100.1479,39.1322],[-99.6052,39.1325]]]},"properties":{"NAME":"Graham","STATE":"20"}},
{"type":"Feature","geometry":{"type":"Polygon","coordinates":[[[-101.5675,38.2631],[-102.0445,38.2624],[-102.042,37.7385],[-101.5271,37.7363],[-101.5428,37.8276],[-101.5423,38.2632],[-101.5675,38.2631]]]},"properties":{"NAME":"Hamilton","STATE":"20"}},
{"type":"Feature","geometry":{"type":"Polygon","coordinates":[[[-95.7889,39.653],[-95.7891,39.5659],[-96.036,39.5661],[-96.0356,39.2165],[-95.5895,39.2161],[-95.5704,39.4191],[-95.5641,39.6529],[-95.7889,39.653]]]},"properties":{"NAME":"Jackson","STATE":"20"}},
{"type":"Feature","geometry":{"type":"Polygon","coordinates":[[[-97.8076,37.4742],[-97.8078,37.7339],[-98.4648,37.7327],[-98.4647,37.471],[-98.465,37.3841],[-98.3498,37.3841],[-97.8071,37.3863],[-97.8076,37.4742]]]},"properties":{"NAME":"Kingman","STATE":"20"}},
{"type":"Feature","geometry":{"type":"Polygon","coordinates":[[[-97.9286,38.9584],[-97.9297,39.2193],[-98.4901,39.2198],[-98.49,39.1327],[-98.4849,38.8708],[-97.9286,38.8711],[-97.9286,38.9584]]]},"properties":{"NAME":"Lincoln","STATE":"20"}},
{"type":"Feature","geometry":{"type":"Polygon","coordinates":[[[-96.8197,38.5225],[-96.93,38.5224],[-96.9303,38.6094],[-97.3719,38.6094],[-97.3717,38.1737],[-97.1531,38.1746],[-97.1529,38.0877],[-96.8408,38.0856],[-96.8197,38.5225]]]},"properties":{"NAME":"Marion","STATE":"20"}},
{"type":"Feature","geometry":{"type":"Polygon","coordinates":[[[-96.5016,38.8697],[-96.8902,38.8701],[-96.9272,38.8122],[-96.9303,38.6094],[-96.93,38.5224],[-96.8197,38.5225],[-96.3538,38.5217],[-96.3526,38.739],[-96.3904,38.8259],[-96.5016,38.8697]]]},"properties":{"NAME":"Morris","STATE":"20"}},
{"type":"Feature","geometry":{"type":"Polygon","coordinates":[[[-99.5842,38.2622],[-99.5848,38.3494],[-99.5851,38.6965],[-99.5983,38.6965],[-100.1538,38.6973],[-100.2472,38.6982],[-100.2444,38.2623],[-100.2271,38.2622],[-99.5842,38.2622]]]},"properties":{"NAME":"Ness","STATE":"20"}},
{"type":"Feature","geometry":{"type":"Polygon","coordinates":[[[-98.9126,38.2611],[-99.0323,38.2612],[-99.0324,38.3483],[-99.5848,38.3494],[-99.5842,38.2622],[-99.5695,38.0874],[-99.3504,38.0876],[-99.3503,38.0007],[-99.0221,38.0002],[-98.9131,38.0005],[-98.9126,38.2611]]]},"properties":{"NAME":"Pawnee","STATE":"20"}},
{"type":"Feature","geometry":{"type":"Polygon","coordinates":[[[-98.4723,37.8245],[-98.4648,37.7327],[-97.8078,37.7339],[-97.6987,37.7351],[-97.702,37.9113],[-97.7018,38.1738],[-97.9221,38.1737],[-98.4728,38.1728],[-98.4723,37.8245]]]},"properties":{"NAME":"Reno","STATE":"20"}},
{"type":"Feature","geometry":{"type":"Polygon","coordinates":[[[-99.5918,39.1324],[-99.0477,39.133],[-99.0444,39.568],[-99.0662,39.5681],[-99.6023,39.5673],[-99.6052,39.1325],[-99.5918,39.1324]]]},"properties":{"NAME":"Rooks","STATE":"20"}},
{"type":"Feature","geometry":{"type":"Polygon","coordinates":[[[-97.8076,37.4742],[-97.1533,37.4755],[-97.1525,37.9127],[-97.702,37.9113],[-97.6987,37.7351],[-97.8078,37.7339],[-97.8076,37.4742]]]},"properties":{"NAME":"Sedgwick","STATE":"20"}},
{"type":"Feature","geometry":{"type":"Polygon","coordinates":[[[-98.4723,37.8245],[-98.4728,38.1728],[-98.4798,38.2608],[-98.9126,38.2611],[-98.9131,38.0005],[-99.0221,38.0002],[-99.0133,37.8253],[-98.4723,37.8245]]]},"properties":{"NAME":"Stafford","STATE":"20"}},
{"type":"Feature","geometry":{"type":"Polygon","coordinates":[[[-99.5983,38.6965],[-99.5918,39.1324],[-99.6052,39.1325],[-100.1479,39.1322],[-100.1538,38.6973],[-99.5983,38.6965]]]},"properties":{"NAME":"Trego","STATE":"20"}},
{"type":"Feature","geometry":{"type":"Polygon","coordinates":[[[-101.5671,38.6997],[-101.5675,38.2631],[-101.5423,38.2632],[-101.1254,38.2645],[-101.1284,38.7006],[-101.4844,38.7002],[-101.5671,38.6997]]]},"properties":{"NAME":"Wichita","STATE":"20"}},
{"type":"Feature","geometry":{"type":"Polygon","coordinates":[[[-95.9616,37.3866],[-95.5256,37.384],[-95.5255,37.7328],[-95.9609,37.7343],[-95.961,37.6038],[-95.9616,37.3866]]]},"properties":{"NAME":"Wilson","STATE":"20"}},
{"type":"Feature","geometry":{"type":"Polygon","coordinates":[[[-93.4282,32.2359],[-93.214,32.2361],[-93.1872,32.1484],[-92.9391,32.1479],[-92.8147,32.1469],[-92.7749,32.2371],[-92.7772,32.4535],[-92.8793,32.4541],[-92.8808,32.5853],[-93.1788,32.5849],[-93.1472,32.4552],[-93.2367,32.4101],[-93.3728,32.4102],[-93.4282,32.2359]]]},"properties":{"NAME":"Bienville","STATE":"22"}},
{"type":"Feature","geometry":{"type":"Polygon","coordinates":[[[-92.0652,32.723],[-92.2723,32.581],[-92.4151,32.5828],[-92.4153,32.4955],[-92.4154,32.4078],[-92.3119,32.2774],[-92.0344,32.2771],[-92.0043,32.3805],[-91.9131,32.5059],[-91.911,32.6611],[-92.0652,32.723]]]},"properties":{"NAME":"Ouachita","STATE":"22"}},
{"type":"Feature","geometry":{"type":"Polygon","coordinates":[[[-90.1521,41.9289],[-90.1542,42.0331],[-90.8984,42.0335],[-90.8985,41.9462],[-90.8984,41.7714],[-90.4736,41.7735],[-90.317,41.7291],[-90.2427,41.7838],[-90.182,41.8071],[-90.1521,41.9289]]]},"properties":{"NAME":"Clinton","STATE":"19"}},
{"type":"Feature","geometry":{"type":"Polygon","coordinates":[[[-95.0929,41.8634],[-95.0909,42.2104],[-95.3235,42.2109],[-95.6708,42.2114],[-95.6728,41.8631],[-95.5573,41.8634],[-95.0929,41.8634]]]},"properties":{"NAME":"Crawford","STATE":"19"}},
{"type":"Feature","geometry":{"type":"Polygon","coordinates":[[[-91.3633,42.2964],[-91.1301,42.2958],[-91.1328,42.6458],[-91.6071,42.644],[-91.597,42.2964],[-91.3633,42.2964]]]},"properties":{"NAME":"Delaware","STATE":"19"}},
{"type":"Feature","geometry":{"type":"Polygon","coordinates":[[[-94.8546,43.5006],[-94.9146,43.5005],[-94.9137,43.2551],[-94.4431,43.255],[-94.4428,43.5006],[-94.8546,43.5006]]]},"properties":{"NAME":"Emmet","STATE":"19"}},
{"type":"Feature","geometry":{"type":"Polygon","coordinates":[[[-93.0251,42.9075],[-92.5542,42.9071],[-92.5544,43.2128],[-93.0241,43.2128],[-93.0251,42.9075]]]},"properties":{"NAME":"Floyd","STATE":"19"}},
{"type":"Feature","geometry":{"type":"Polygon","coordinates":[[[-93.6984,42.2093],[-93.463,42.2093],[-93.4626,42.4708],[-93.4995,42.5577],[-93.9716,42.5581],[-93.9317,42.472],[-93.9316,42.2101],[-93.6984,42.2093]]]},"properties":{"NAME":"Hamilton","STATE":"19"}},
{"type":"Feature","geometry":{"type":"Polygon","coordinates":[[[-91.3707,41.0741],[-91.3703,41.1612],[-91.4857,41.1624],[-91.7159,41.1628],[-91.7183,40.9008],[-91.7188,40.8135],[-91.4093,40.8127],[-91.3721,40.8126],[-91.3707,41.0741]]]},"properties":{"NAME":"Henry","STATE":"19"}},
{"type":"Feature","geometry":{"type":"Polygon","coordinates":[[[-92.2975,41.5098],[-91.946,41.5107],[-91.8292,41.5115],[-91.8314,41.8619],[-92.2982,41.8628],[-92.2975,41.5098]]]},"properties":{"NAME":"Iowa","STATE":"19"}},
{"type":"Feature","geometry":{"type":"Polygon","coordinates":[[[-91.3658,41.9474],[-90.8985,41.9462],[-90.8984,42.0335],[-90.898,42.2952],[-91.1301,42.2958],[-91.3633,42.2964],[-91.3658,41.9474]]]},"properties":{"NAME":"Jones","STATE":"19"}},
{"type":"Feature","geometry":{"type":"Polygon","coordinates":[[[-91.3658,41.9474],[-91.3633,42.2964],[-91.597,42.2964],[-91.8311,42.2991],[-91.8314,41.8619],[-91.3661,41.8601],[-91.3658,41.9474]]]},"properties":{"NAME":"Linn","STATE":"19"}},
{"type":"Feature","geometry":{"type":"Polygon","coordinates":[[[-94.2416,41.1571],[-94.0142,41.1568],[-93.7892,41.162],[-93.7906,41.5119],[-94.2416,41.5037],[-94.2416,41.1571]]]},"properties":{"NAME":"Madison","STATE":"19"}},
{"type":"Feature","geometry":{"type":"Polygon","coordinates":[[[-93.3279,41.1607],[-93.0992,41.1609],[-92.8698,41.1611],[-92.8714,41.5085],[-93.3286,41.5078],[-93.3284,41.4909],[-93.3279,41.1607]]]},"properties":{"NAME":"Marion","STATE":"19"}},
{"type":"Feature","geometry":{"type":"Polygon","coordinates":[[[-94.9276,41.1585],[-95.1559,41.1592],[-95.3843,41.16],[-95.385,40.9016],[-94.9285,40.9007],[-94.9276,41.1585]]]},"properties":{"NAME":"Montgomery","STATE":"19"}},
{"type":"Feature","geometry":{"type":"Polygon","coordinates":[[[-95.3881,43.2552],[-95.8619,43.2576],[-95.8594,42.9091],[-95.3882,42.9099],[-95.3881,43.2552]]]},"properties":{"NAME":"O'Brien","STATE":"19"}},
{"type":"Feature","geometry":{"type":"Polygon","coordinates":[[[-94.4431,42.6452],[-94.443,42.9081],[-94.9139,42.9097],[-94.9145,42.5603],[-94.443,42.5588],[-94.4431,42.6452]]]},"properties":{"NAME":"Pocahontas","STATE":"19"}},
{"type":"Feature","geometry":{"type":"Polygon","coordinates":[[[-94.9145,42.5603],[-95.388,42.5617],[-95.3224,42.4747],[-95.3235,42.2109],[-95.0909,42.2104],[-94.8584,42.2097],[-94.8567,42.474],[-94.9145,42.5603]]]},"properties":{"NAME":"Sac","STATE":"19"}},
{"type":"Feature","geometry":{"type":"Polygon","coordinates":[[[-93.2319,41.8627],[-93.2317,42.2089],[-93.463,42.2093],[-93.6984,42.2093],[-93.698,41.8634],[-93.3479,41.8631],[-93.2319,41.8627]]]},"properties":{"NAME":"Story","STATE":"19"}},
{"type":"Feature","geometry":{"type":"Polygon","coordinates":[[[-94.2416,41.1571],[-94.4706,41.1576],[-94.4708,40.8995],[-94.0148,40.897],[-94.0142,41.1568],[-94.2416,41.1571]]]},"properties":{"NAME":"Union","STATE":"19"}},
{"type":"Feature","geometry":{"type":"Polygon","coordinates":[[[-93.3279,41.1607],[-93.3284,41.4909],[-93.4123,41.5055],[-93.7906,41.5119],[-93.7892,41.162],[-93.5576,41.1613],[-93.3279,41.1607]]]},"properties":{"NAME":"Warren","STATE":"19"}},
{"type":"Feature","geometry":{"type":"Polygon","coordinates":[[[-93.0492,43.4996],[-93.4973,43.4995],[-93.4976,43.2555],[-93.0241,43.2555],[-93.0243,43.4996],[-93.0492,43.4996]]]},"properties":{"NAME":"Worth","STATE":"19"}},
{"type":"Feature","geometry":{"type":"Polygon","coordinates":[[[-95.0696,39.6151],[-95.1152,39.6525],[-95.3397,39.653],[-95.5641,39.6529],[-95.5704,39.4191],[-95.1809,39.4192],[-94.9691,39.4189],[-95.1029,39.5333],[-95.0696,39.6151]]]},"properties":{"NAME":"Atchison","STATE":"20"}},
{"type":"Feature","geometry":{"type":"Polygon","coordinates":[[[-96.5228,38.0864],[-96.8408,38.0856],[-97.1529,38.0877],[-97.1525,37.9127],[-97.1533,37.4755],[-96.5257,37.4764],[-96.5253,37.607],[-96.5228,38.0864]]]},"properties":{"NAME":"Butler","STATE":"20"}},
{"type":"Feature","geometry":{"type":"Polygon","coordinates":[[[-96.4521,44.9775],[-96.4516,44.8056],[-95.849,44.8053],[-95.8475,44.8918],[-95.737,44.9362],[-96.0367,45.1522],[-96.1036,45.1767],[-96.2835,45.247],[-96.4529,45.2689],[-96.4521,44.9775]]]},"properties":{"NAME":"Lac qui Parle","STATE":"27"}},
{"type":"Feature","geometry":{"type":"Polygon","coordinates":[[[-96.0638,44.1964],[-95.5936,44.1955],[-95.5948,44.5423],[-95.604,44.6299],[-96.0929,44.6305],[-96.0786,44.1966],[-96.0638,44.1964]]]},"properties":{"NAME":"Lyon","STATE":"27"}},
{"type":"Feature","geometry":{"type":"Polygon","coordinates":[[[-94.5024,44.8923],[-94.4981,44.7172],[-94.4978,44.6299],[-94.2547,44.6303],[-94.2541,44.7179],[-94.0105,44.7175],[-94.0122,44.9787],[-94.2561,44.9795],[-94.5019,44.9797],[-94.5024,44.8923]]]},"properties":{"NAME":"McLeod","STATE":"27"}},
{"type":"Feature","geometry":{"type":"Polygon","coordinates":[[[-94.2561,44.9795],[-94.2608,45.2839],[-94.3836,45.3267],[-94.7631,45.3261],[-94.7582,44.8921],[-94.5024,44.8923],[-94.5019,44.9797],[-94.2561,44.9795]]]},"properties":{"NAME":"Meeker","STATE":"27"}},
{"type":"Feature","geometry":{"type":"Polygon","coordinates":[[[-94.7806,44.4567],[-94.6661,44.394],[-94.523,44.3654],[-94.3717,44.2644],[-94.0553,44.154],[-94.0118,44.2392],[-93.9327,44.3449],[-93.9296,44.4566],[-94.6242,44.456],[-94.7806,44.4567]]]},"properties":{"NAME":"Nicollet","STATE":"27"}},
{"type":"Feature","geometry":{"type":"Polygon","coordinates":[[[-95.7474,45.4123],[-95.2552,45.4125],[-95.1317,45.4124],[-95.1337,45.5],[-95.7502,45.5],[-95.7474,45.4123]]]},"properties":{"NAME":"Pope","STATE":"27"}},
{"type":"Feature","geometry":{"type":"Polygon","coordinates":[[[-94.8658,44.4982],[-95.1327,44.5964],[-95.3602,44.6985],[-95.3604,44.5418],[-95.5948,44.5423],[-95.5936,44.1955],[-95.4625,44.1959],[-95.1088,44.195],[-95.1075,44.2818],[-94.8663,44.2824],[-94.8658,44.4982]]]},"properties":{"NAME":"Redwood","STATE":"27"}},
{"type":"Feature","geometry":{"type":"Polygon","coordinates":[[[-93.0459,44.1967],[-93.4066,44.1964],[-93.4066,43.8481],[-93.0495,43.8484],[-93.046,43.8485],[-93.0459,44.1967]]]},"properties":{"NAME":"Steele","STATE":"27"}},
{"type":"Feature","geometry":{"type":"Polygon","coordinates":[[[-93.768,44.1958],[-93.7678,43.848],[-93.6483,43.8481],[-93.4066,43.8481],[-93.4066,44.1964],[-93.5252,44.196],[-93.768,44.1958]]]},"properties":{"NAME":"Waseca","STATE":"27"}},
{"type":"Feature","geometry":{"type":"Polygon","coordinates":[[[-90.7368,31.6985],[-90.28,31.6999],[-90.2452,31.7175],[-90.1226,31.7527],[-90.1326,31.8569],[-90.2303,32.0497],[-90.7183,32.0484],[-90.7363,31.7861],[-90.7368,31.6985]]]},"properties":{"NAME":"Copiah","STATE":"28"}},
{"type":"Feature","geometry":{"type":"Polygon","coordinates":[[[-90.7373,31.6111],[-91.1539,31.6101],[-91.1557,31.5],[-90.6333,31.5],[-90.6332,31.6114],[-90.7373,31.6111]]]},"properties":{"NAME":"Franklin","STATE":"28"}},
{"type":"Feature","geometry":{"type":"Polygon","coordinates":[[[-90.45,32.5738],[-90.5538,32.5076],[-90.6362,32.3745],[-90.6945,32.353],[-90.7286,32.2251],[-90.7183,32.0484],[-90.2303,32.0497],[-90.2454,32.1714],[-90.1605,32.3083],[-90.0657,32.3995],[-90.2438,32.4001],[-90.2436,32.4875],[-90.4498,32.488],[-90.45,32.5738]]]},"properties":{"NAME":"Hinds","STATE":"28"}},
{"type":"Feature","geometry":{"type":"Polygon","coordinates":[[[-92.3626,31.7966],[-92.3126,31.9274],[-92.3122,32.1461],[-92.8147,32.1469],[-92.9391,32.1479],[-92.8722,31.9459],[-92.9668,31.7813],[-92.9735,31.7089],[-92.62,31.7096],[-92.6192,31.7971],[-92.3626,31.7966]]]},"properties":{"NAME":"Winn","STATE":"22"}},
{"type":"Feature","geometry":{"type":"Polygon","coordinates":[[[-93.7674,44.978],[-94.0122,44.9787],[-94.0105,44.7175],[-93.8886,44.717],[-93.768,44.6403],[-93.6181,44.7071],[-93.5204,44.8043],[-93.5207,44.8915],[-93.767,44.8909],[-93.7674,44.978]]]},"properties":{"NAME":"Carver","STATE":"27"}},
{"type":"Feature","geometry":{"type":"Polygon","coordinates":[[[-92.6787,44.1955],[-93.0412,44.1967],[-93.0459,44.1967],[-93.046,43.8485],[-92.6894,43.8486],[-92.6787,44.1955]]]},"properties":{"NAME":"Dodge","STATE":"27"}},
{"type":"Feature","geometry":{"type":"Polygon","coordinates":[[[-95.1317,45.4124],[-95.2552,45.4125],[-95.2465,45.1524],[-95.2485,44.8913],[-94.7582,44.8921],[-94.7631,45.3261],[-94.7629,45.4129],[-95.1317,45.4124]]]},"properties":{"NAME":"Kandiyohi","STATE":"27"}},
{"type":"Feature","geometry":{"type":"Polygon","coordinates":[[[-94.0821,37.3493],[-94.6175,37.3642],[-94.6176,37.3384],[-94.6179,37.0568],[-94.0592,37.0481],[-94.0523,37.2901],[-94.0821,37.3493]]]},"properties":{"NAME":"Jasper","STATE":"29"}},
{"type":"Feature","geometry":{"type":"Polygon","coordinates":[[[-92.3451,40.0372],[-92.2879,39.9525],[-91.9527,39.9494],[-91.9508,40.2572],[-91.9497,40.3008],[-92.3478,40.3028],[-92.3451,40.0372]]]},"properties":{"NAME":"Knox","STATE":"29"}},
{"type":"Feature","geometry":{"type":"Polygon","coordinates":[[[-94.0592,37.0481],[-94.0627,36.9318],[-93.611,36.9228],[-93.6101,36.9958],[-93.6089,37.0982],[-93.6258,37.282],[-94.0523,37.2901],[-94.0592,37.0481]]]},"properties":{"NAME":"Lawrence","STATE":"29"}},
{"type":"Feature","geometry":{"type":"Polygon","coordinates":[[[-93.762,39.9596],[-93.759,39.7847],[-93.7584,39.6114],[-93.2781,39.6156],[-93.267,39.7036],[-93.3648,39.7038],[-93.362,39.9676],[-93.762,39.9596]]]},"properties":{"NAME":"Livingston","STATE":"29"}},
{"type":"Feature","geometry":{"type":"Polygon","coordinates":[[[-92.6959,38.222],[-92.605,38.1568],[-92.516,38.0223],[-92.4063,38.0212],[-92.1854,38.0163],[-92.1957,38.2922],[-92.1945,38.3355],[-92.4084,38.3413],[-92.4035,38.4253],[-92.4952,38.4278],[-92.6252,38.4308],[-92.6898,38.3485],[-92.6959,38.222]]]},"properties":{"NAME":"Miller","STATE":"29"}},
{"type":"Feature","geometry":{"type":"Polygon","coordinates":[[[-91.7152,39.6576],[-91.8467,39.6585],[-92.185,39.6629],[-92.2993,39.6053],[-92.3009,39.6053],[-92.31,39.3478],[-91.718,39.3391],[-91.7152,39.6576]]]},"properties":{"NAME":"Monroe","STATE":"29"}},
{"type":"Feature","geometry":{"type":"Polygon","coordinates":[[[-91.6447,38.2885],[-91.6404,38.7038],[-91.6472,38.7034],[-91.8695,38.6639],[-91.9442,38.5969],[-92.0259,38.552],[-92.0435,38.4665],[-92.1945,38.3355],[-92.1957,38.2922],[-91.6447,38.2885]]]},"properties":{"NAME":"Osage","STATE":"29"}},
{"type":"Feature","geometry":{"type":"Polygon","coordinates":[[[-93.4973,38.9284],[-93.511,38.5562],[-93.5127,38.5125],[-93.2905,38.5354],[-93.0673,38.53],[-93.06,38.6931],[-93.0505,38.9282],[-93.4964,38.9428],[-93.4973,38.9284]]]},"properties":{"NAME":"Pettis","STATE":"29"}},
{"type":"Feature","geometry":{"type":"Polygon","coordinates":[[[-92.4063,38.0212],[-92.4092,37.8592],[-92.4137,37.7139],[-92.2489,37.6484],[-92.2495,37.6045],[-92.0293,37.6025],[-92.0212,38.0106],[-92.1854,38.0163],[-92.4063,38.0212]]]},"properties":{"NAME":"Pulaski","STATE":"29"}},
{"type":"Feature","geometry":{"type":"Polygon","coordinates":[[[-90.7796,37.0503],[-90.7355,37.271],[-90.7729,37.3737],[-90.7687,37.603],[-91.1551,37.5881],[-91.3125,37.5928],[-91.3142,37.5051],[-91.211,37.5019],[-91.2119,37.4153],[-91.1593,37.2549],[-91.0343,37.1693],[-91.0178,37.0957],[-90.9645,37.0536],[-90.7796,37.0503]]]},"properties":{"NAME":"Reynolds","STATE":"29"}},
{"type":"Feature","geometry":{"type":"Polygon","coordinates":[[[-92.8492,39.2262],[-92.9598,39.3125],[-93.1045,39.3837],[-93.2007,39.4018],[-93.2301,39.3279],[-93.4772,39.2928],[-93.4964,38.9428],[-93.0505,38.9282],[-92.9346,39.0645],[-92.9416,39.1259],[-92.8492,39.2262]]]},"properties":{"NAME":"Saline","STATE":"29"}},
{"type":"Feature","geometry":{"type":"Polygon","coordinates":[[[-92.2993,39.6053],[-92.185,39.6629],[-91.8467,39.6585],[-91.8404,39.9482],[-91.9527,39.9494],[-92.2879,39.9525],[-92.2993,39.6053]]]},"properties":{"NAME":"Shelby","STATE":"29"}},
{"type":"Feature","geometry":{"type":"Polygon","coordinates":[[[-93.3672,40.2663],[-93.362,40.0331],[-92.8562,40.0373],[-92.8556,40.3427],[-92.8553,40.3859],[-93.3669,40.383],[-93.3672,40.2663]]]},"properties":{"NAME":"Sullivan","STATE":"29"}},
{"type":"Feature","geometry":{"type":"Polygon","coordinates":[[[-90.64,38.0765],[-90.7802,38.2041],[-91.0958,38.2041],[-91.1,37.74],[-90.6451,37.7348],[-90.64,38.0765]]]},"properties":{"NAME":"Washington","STATE":"29"}},
{"type":"Feature","geometry":{"type":"Polygon","coordinates":[[[-92.2523,37.4729],[-92.6867,37.4815],[-92.6859,37.0671],[-92.2514,37.0597],[-92.2523,37.4729]]]},"properties":{"NAME":"Wright","STATE":"29"}},
{"type":"Feature","geometry":{"type":"Polygon","coordinates":[[[-97.7038,41.3949],[-97.7055,41.3091],[-98.0531,41.2931],[-98.2754,41.2643],[-98.2866,41.3939],[-98.2872,41.0464],[-98.2826,40.8723],[-98.0194,41.0664],[-97.8925,41.1115],[-97.8282,41.1738],[-97.5983,41.3331],[-97.7038,41.3949]]]},"properties":{"NAME":"Merrick","STATE":"31"}},
{"type":"Feature","geometry":{"type":"Polygon","coordinates":[[[-97.7038,41.3949],[-97.7036,41.5268],[-97.8298,41.5262],[-98.0413,41.5105],[-98.0995,41.4808],[-98.2913,41.4807],[-98.2914,41.3939],[-98.2866,41.3939],[-98.2754,41.2643],[-98.0531,41.2931],[-97.7055,41.3091],[-97.7038,41.3949]]]},"properties":{"NAME":"Nance","STATE":"31"}},
{"type":"Feature","geometry":{"type":"Polygon","coordinates":[[[-102.0518,41.0039],[-102.0517,41.0024],[-102.0513,40.7496],[-102.0514,40.6975],[-101.3454,40.6981],[-101.248,40.6978],[-101.25,41.004],[-102.0518,41.0039]]]},"properties":{"NAME":"Perkins","STATE":"31"}},
{"type":"Feature","geometry":{"type":"Polygon","coordinates":[[[-99.4173,40.6708],[-99.6435,40.6849],[-99.6422,40.3512],[-99.6305,40.3511],[-99.1794,40.3507],[-99.1792,40.6605],[-99.4173,40.6708]]]},"properties":{"NAME":"Phelps","STATE":"31"}},
{"type":"Feature","geometry":{"type":"Polygon","coordinates":[[[-96.0102,40.2615],[-96.0107,40.0006],[-95.7881,40.0005],[-95.3399,40],[-95.3083,40],[-95.5219,40.2495],[-95.5525,40.2619],[-96.0102,40.2615]]]},"properties":{"NAME":"Richardson","STATE":"31"}},
{"type":"Feature","geometry":{"type":"Polygon","coordinates":[[[-96.9109,41.0461],[-97.3681,41.0469],[-97.3684,40.6986],[-96.9135,40.6979],[-96.9109,41.0461]]]},"properties":{"NAME":"Seward","STATE":"31"}},
{"type":"Feature","geometry":{"type":"Polygon","coordinates":[[[-98.7485,41.0466],[-98.7443,41.3942],[-98.7516,41.3941],[-99.2033,41.3941],[-99.2076,41.047],[-98.7485,41.0466]]]},"properties":{"NAME":"Sherman","STATE":"31"}},
{"type":"Feature","geometry":{"type":"Polygon","coordinates":[[[-100.8461,42.0882],[-100.8425,41.7404],[-100.7117,41.7398],[-100.2655,41.7399],[-100.2676,42.0861],[-100.8461,42.0882]]]},"properties":{"NAME":"Thomas","STATE":"31"}},
{"type":"Feature","geometry":{"type":"Polygon","coordinates":[[[-98.2958,41.7412],[-98.2956,41.915],[-98.3006,42.0889],[-98.7612,42.0885],[-98.7591,41.7404],[-98.7522,41.7404],[-98.2958,41.7412]]]},"properties":{"NAME":"Wheeler","STATE":"31"}},
{"type":"Feature","geometry":{"type":"Polygon","coordinates":[[[-107.0667,34.9572],[-107.0248,34.8703],[-106.7207,34.8701],[-106.6859,34.9061],[-106.411,34.8703],[-106.1496,34.8701],[-106.1502,34.9534],[-106.2439,34.9533],[-106.2439,35.0401],[-106.2448,35.2152],[-107.1962,35.2193],[-107.0667,34.9572]]]},"properties":{"NAME":"Bernalillo","STATE":"35"}},
{"type":"Feature","geometry":{"type":"Polygon","coordinates":[[[-109.0459,34.9597],[-109.0462,34.5793],[-107.7249,34.5781],[-107.2044,34.5788],[-107.203,34.9581],[-107.0667,34.9572],[-107.1962,35.2193],[-107.2392,35.3054],[-107.31,35.3052],[-108.4686,35.3068],[-108.4693,34.959],[-109.0459,34.9597]]]},"properties":{"NAME":"Cibola","STATE":"35"}},
{"type":"Feature","geometry":{"type":"Polygon","coordinates":[[[-98.3006,42.0889],[-98.2956,41.915],[-97.8333,41.9163],[-97.8345,42.0898],[-97.8344,42.4377],[-98.3002,42.4369],[-98.3006,42.0889]]]},"properties":{"NAME":"Antelope","STATE":"31"}},
{"type":"Feature","geometry":{"type":"Polygon","coordinates":[[[-99.687,42.0861],[-100.1676,42.0858],[-100.2676,42.0861],[-100.2655,41.7399],[-100.2512,41.7398],[-99.6868,41.7403],[-99.687,42.0861]]]},"properties":{"NAME":"Blaine","STATE":"31"}},
{"type":"Feature","geometry":{"type":"Polygon","coordinates":[[[-96.9059,41.4564],[-97.1756,41.3771],[-97.2535,41.3842],[-97.3682,41.3964],[-97.3681,41.0469],[-96.9109,41.0461],[-96.9085,41.0461],[-96.9059,41.4534],[-96.9059,41.4564]]]},"properties":{"NAME":"Butler","STATE":"31"}},
{"type":"Feature","geometry":{"type":"Polygon","coordinates":[[[-98.2736,40.3504],[-97.8241,40.3505],[-97.8248,40.6985],[-97.8257,40.6986],[-98.2781,40.6983],[-98.2781,40.3503],[-98.2736,40.3504]]]},"properties":{"NAME":"Clay","STATE":"31"}},
{"type":"Feature","geometry":{"type":"Polygon","coordinates":[[[-96.9059,41.4564],[-96.9059,41.7428],[-97.0199,41.743],[-97.2524,41.7431],[-97.2535,41.3842],[-97.1756,41.3771],[-96.9059,41.4564]]]},"properties":{"NAME":"Colfax","STATE":"31"}},
{"type":"Feature","geometry":{"type":"Polygon","coordinates":[[[-100.2233,40.7003],[-99.9817,40.7],[-99.6435,40.6849],[-99.4173,40.6708],[-99.426,41.0465],[-100.2242,41.0466],[-100.2233,40.7003]]]},"properties":{"NAME":"Dawson","STATE":"31"}},
{"type":"Feature","geometry":{"type":"Polygon","coordinates":[[[-96.9059,41.4564],[-96.9059,41.4534],[-96.5704,41.4334],[-96.4707,41.3932],[-96.329,41.3931],[-96.4439,41.5239],[-96.4448,41.6836],[-96.5552,41.742],[-96.9059,41.7428],[-96.9059,41.4564]]]},"properties":{"NAME":"Dodge","STATE":"31"}},
{"type":"Feature","geometry":{"type":"Polygon","coordinates":[[[-100.1978,40.35],[-100.0948,40.3512],[-100.0951,40.4387],[-99.9812,40.4383],[-99.9817,40.7],[-100.2233,40.7003],[-100.7778,40.7001],[-100.7774,40.3495],[-100.7584,40.3495],[-100.1978,40.35]]]},"properties":{"NAME":"Frontier","STATE":"31"}},
{"type":"Feature","geometry":{"type":"Polygon","coordinates":[[[-99.6422,40.3512],[-99.6435,40.6849],[-99.9817,40.7],[-99.9812,40.4383],[-100.0951,40.4387],[-100.0948,40.3512],[-99.6422,40.3512]]]},"properties":{"NAME":"Gosper","STATE":"31"}},
{"type":"Feature","geometry":{"type":"Polygon","coordinates":[[[-100.7774,40.3495],[-100.7778,40.7001],[-101.248,40.6978],[-101.3454,40.6981],[-101.3428,40.3504],[-101.3234,40.3506],[-100.7774,40.3495]]]},"properties":{"NAME":"Hayes","STATE":"31"}},
{"type":"Feature","geometry":{"type":"Polygon","coordinates":[[[-98.2914,41.3939],[-98.7443,41.3942],[-98.7485,41.0466],[-98.722,41.0467],[-98.2872,41.0464],[-98.2866,41.3939],[-98.2914,41.3939]]]},"properties":{"NAME":"Howard","STATE":"31"}},
{"type":"Feature","geometry":{"type":"Polygon","coordinates":[[[-96.067,40.5231],[-96.4636,40.523],[-96.4637,40.2622],[-96.0667,40.262],[-96.067,40.5231]]]},"properties":{"NAME":"Johnson","STATE":"31"}},
{"type":"Feature","geometry":{"type":"Polygon","coordinates":[[[-101.2697,41.3949],[-100.7132,41.3935],[-100.7117,41.7398],[-100.8425,41.7404],[-101.4065,41.7432],[-101.4073,41.3954],[-101.2697,41.3949]]]},"properties":{"NAME":"McPherson","STATE":"31"}},
{"type":"Feature","geometry":{"type":"Polygon","coordinates":[[[-90.1368,33.7216],[-90.1826,33.8093],[-90.4516,33.8114],[-90.4532,33.3295],[-90.3316,33.3028],[-90.3215,33.3751],[-90.1746,33.3334],[-90.1748,33.417],[-90.1014,33.4589],[-90.1278,33.677],[-90.1368,33.7216]]]},"properties":{"NAME":"Leflore","STATE":"28"}},
{"type":"Feature","geometry":{"type":"Polygon","coordinates":[[[-90,31.7601],[-90,32.0485],[-90.2303,32.0497],[-90.1326,31.8569],[-90.1226,31.7527],[-90,31.7601]]]},"properties":{"NAME":"Simpson","STATE":"28"}},
{"type":"Feature","geometry":{"type":"Polygon","coordinates":[[[-90.7163,33.27],[-90.7638,33.2704],[-90.7635,33.5294],[-91.2157,33.5294],[-91.1251,33.4728],[-91.1844,33.4196],[-91.086,33.2216],[-91.0876,33.1452],[-91.1577,33.0112],[-90.9143,33.0077],[-90.9145,33.0974],[-90.7018,33.0963],[-90.6803,33.202],[-90.7163,33.27]]]},"properties":{"NAME":"Washington","STATE":"28"}},
{"type":"Feature","geometry":{"type":"Polygon","coordinates":[[[-92.3451,40.0372],[-92.3478,40.3028],[-92.35,40.3465],[-92.6842,40.3435],[-92.8556,40.3427],[-92.8562,40.0373],[-92.8475,40.0373],[-92.3451,40.0372]]]},"properties":{"NAME":"Adair","STATE":"29"}},
{"type":"Feature","geometry":{"type":"Polygon","coordinates":[[[-94.0689,36.7478],[-94.0771,36.4987],[-93.8668,36.4988],[-93.5843,36.4989],[-93.5738,36.82],[-93.611,36.9228],[-94.0627,36.9318],[-94.0689,36.7478]]]},"properties":{"NAME":"Barry","STATE":"29"}},
{"type":"Feature","geometry":{"type":"Polygon","coordinates":[[[-94.6023,39.7472],[-94.6028,39.8196],[-94.9083,39.8122],[-94.8953,39.7632],[-95.0696,39.6151],[-95.1029,39.5333],[-94.6012,39.5304],[-94.6023,39.7472]]]},"properties":{"NAME":"Buchanan","STATE":"29"}},
{"type":"Feature","geometry":{"type":"Polygon","coordinates":[[[-93.7584,39.6114],[-93.7592,39.5246],[-93.7585,39.207],[-93.6505,39.2482],[-93.4879,39.2289],[-93.4772,39.2928],[-93.2301,39.3279],[-93.2007,39.4018],[-93.1045,39.3837],[-93.2759,39.4844],[-93.2781,39.6156],[-93.7584,39.6114]]]},"properties":{"NAME":"Carroll","STATE":"29"}},
{"type":"Feature","geometry":{"type":"Polygon","coordinates":[[[-92.9093,36.8092],[-92.9033,37.0707],[-93.0653,37.0887],[-93.6089,37.0982],[-93.6101,36.9958],[-93.3375,36.9925],[-93.3044,36.8169],[-92.9093,36.8092]]]},"properties":{"NAME":"Christian","STATE":"29"}},
{"type":"Feature","geometry":{"type":"Polygon","coordinates":[[[-93.0505,38.9282],[-93.06,38.6931],[-92.8398,38.684],[-92.6171,38.68],[-92.4984,38.9221],[-92.5581,38.9707],[-92.8416,38.9798],[-92.9346,39.0645],[-93.0505,38.9282]]]},"properties":{"NAME":"Cooper","STATE":"29"}},
{"type":"Feature","geometry":{"type":"Polygon","coordinates":[[[-91.5288,37.789],[-91.8062,37.7913],[-91.8091,37.5989],[-91.7548,37.5988],[-91.755,37.4241],[-91.6466,37.4227],[-91.2119,37.4153],[-91.211,37.5019],[-91.3142,37.5051],[-91.3125,37.5928],[-91.1551,37.5881],[-91.1533,37.6973],[-91.3107,37.7],[-91.3083,37.7872],[-91.5288,37.789]]]},"properties":{"NAME":"Dent","STATE":"29"}},
{"type":"Feature","geometry":{"type":"Polygon","coordinates":[[[-94.2167,40.1366],[-94.2143,40.3843],[-94.5985,40.3867],[-94.6059,40.1261],[-94.6054,40.0392],[-94.2188,40.0349],[-94.2167,40.1366]]]},"properties":{"NAME":"Gentry","STATE":"29"}},
{"type":"Feature","geometry":{"type":"Polygon","coordinates":[[[-93.0652,38.0625],[-93.504,38.0718],[-93.5121,37.9135],[-93.5732,37.828],[-93.1879,37.8027],[-93.1827,37.9041],[-93.0724,37.9026],[-93.0652,38.0625]]]},"properties":{"NAME":"Hickory","STATE":"29"}},
{"type":"Feature","geometry":{"type":"Polygon","coordinates":[[[-100.0004,35.1827],[-100.0004,35.0304],[-99.8886,35.0303],[-99.7829,35.0301],[-99.7827,35.1168],[-99.4093,35.1145],[-99.3602,35.1167],[-99.3642,35.4653],[-99.3641,35.5088],[-99.5756,35.5089],[-99.5758,35.4217],[-100.0004,35.4224],[-100.0004,35.1827]]]},"properties":{"NAME":"Beckham","STATE":"40"}},
{"type":"Feature","geometry":{"type":"Polygon","coordinates":[[[-96.9337,34.1726],[-96.9335,34.3327],[-97.0365,34.3754],[-97.3522,34.3762],[-97.3521,34.5068],[-97.5623,34.507],[-97.5626,34.2892],[-97.5608,34.0711],[-96.9696,34.071],[-96.9337,34.1726]]]},"properties":{"NAME":"Carter","STATE":"40"}},
{"type":"Feature","geometry":{"type":"Polygon","coordinates":[[[-98.1421,34.507],[-98.1418,34.6812],[-98.0891,34.6811],[-98.0926,34.8549],[-98.6198,34.855],[-98.8261,34.8555],[-98.826,34.5944],[-98.8261,34.5074],[-98.662,34.5075],[-98.662,34.4059],[-98.505,34.4494],[-98.2959,34.449],[-98.2441,34.5071],[-98.1421,34.507]]]},"properties":{"NAME":"Comanche","STATE":"40"}},
{"type":"Feature","geometry":{"type":"Polygon","coordinates":[[[-99.381,36.0129],[-99.3758,35.8122],[-98.632,35.8124],[-98.6369,36.1649],[-98.9558,36.1616],[-99.3821,36.1643],[-99.381,36.0129]]]},"properties":{"NAME":"Dewey","STATE":"40"}},
{"type":"Feature","geometry":{"type":"Polygon","coordinates":[[[-97.4625,36.5936],[-97.4623,36.9987],[-97.8023,36.9987],[-98.112,36.9981],[-98.1043,36.5936],[-97.4625,36.5936]]]},"properties":{"NAME":"Grant","STATE":"40"}},
{"type":"Feature","geometry":{"type":"Polygon","coordinates":[[[-104.0245,32],[-103.9802,32.0001],[-103.7229,32.0002],[-103.7229,32.5226],[-103.814,32.5225],[-103.8146,32.9652],[-104.8412,32.9633],[-104.8515,32.5205],[-104.8478,32.0005],[-104.0245,32]]]},"properties":{"NAME":"Eddy","STATE":"35"}},
{"type":"Feature","geometry":{"type":"Polygon","coordinates":[[[-105.313,34.3467],[-105.3132,34.26],[-105.924,34.26],[-105.9247,33.8256],[-106.0528,33.8259],[-106.0528,33.6503],[-106.3739,33.6604],[-106.3731,33.4801],[-106.3459,33.3908],[-105.7273,33.3905],[-105.726,33.3048],[-105.319,33.3051],[-105.3169,33.1322],[-104.9058,33.1386],[-104.8852,33.3063],[-104.8931,34.0883],[-104.8918,34.347],[-105.313,34.3467]]]},"properties":{"NAME":"Lincoln","STATE":"35"}},
{"type":"Feature","geometry":{"type":"Polygon","coordinates":[[[-106.2482,35.7557],[-106.2454,35.9309],[-106.2479,35.9663],[-106.3996,35.9601],[-106.4007,35.8076],[-106.2482,35.7557]]]},"properties":{"NAME":"Los Alamos","STATE":"35"}},
{"type":"Feature","geometry":{"type":"Polygon","coordinates":[[[-107.6242,36.2198],[-107.6183,36.8047],[-107.4514,36.904],[-107.4209,37],[-107.4817,37],[-108.3792,36.9995],[-109.0452,36.9991],[-109.046,36.0023],[-107.6265,36.0003],[-107.6242,36.2198]]]},"properties":{"NAME":"San Juan","STATE":"35"}},
{"type":"Feature","geometry":{"type":"Polygon","coordinates":[[[-107.2044,34.5788],[-107.7249,34.5781],[-107.7163,34.2599],[-107.7127,33.4769],[-106.4743,33.4758],[-106.3731,33.4801],[-106.3739,33.6604],[-106.0528,33.6503],[-106.0528,33.8259],[-105.9247,33.8256],[-105.924,34.26],[-106.4159,34.2597],[-106.417,34.4398],[-106.7731,34.5333],[-106.8826,34.5795],[-107.2044,34.5788]]]},"properties":{"NAME":"Socorro","STATE":"35"}},
{"type":"Feature","geometry":{"type":"Polygon","coordinates":[[[-98.3315,43.9377],[-98.8078,43.9352],[-98.7946,43.4992],[-98.7058,43.4993],[-98.3206,43.4987],[-98.3252,43.8511],[-98.3315,43.9377]]]},"properties":{"NAME":"Aurora","STATE":"46"}},
{"type":"Feature","geometry":{"type":"Polygon","coordinates":[[[-101.2281,42.9979],[-101.2282,43.3892],[-102.1108,43.3899],[-102.1089,43.1293],[-102.0825,42.9994],[-101.2281,42.9979]]]},"properties":{"NAME":"Bennett","STATE":"46"}},
{"type":"Feature","geometry":{"type":"Polygon","coordinates":[[[-99.5766,44.1924],[-99.5625,44.1015],[-99.3537,43.9953],[-99.3559,43.9344],[-98.927,43.9351],[-98.926,44.1966],[-99.3002,44.1948],[-99.5766,44.1924]]]},"properties":{"NAME":"Buffalo","STATE":"46"}},
{"type":"Feature","geometry":{"type":"Polygon","coordinates":[[[-96.8823,44.9769],[-96.8839,45.1502],[-97.2263,45.1518],[-97.4943,45.1516],[-97.4913,44.804],[-96.8846,44.8044],[-96.8823,44.9769]]]},"properties":{"NAME":"Codington","STATE":"46"}},
{"type":"Feature","geometry":{"type":"Polygon","coordinates":[[[-97.965,43.499],[-97.9673,43.8507],[-98.3252,43.8511],[-98.3206,43.4987],[-98.1148,43.4983],[-97.965,43.499]]]},"properties":{"NAME":"Davison","STATE":"46"}},
{"type":"Feature","geometry":{"type":"Polygon","coordinates":[[[-98.7058,43.4993],[-98.6807,43.3732],[-98.1095,43.1968],[-98.1148,43.4983],[-98.3206,43.4987],[-98.7058,43.4993]]]},"properties":{"NAME":"Douglas","STATE":"46"}},
{"type":"Feature","geometry":{"type":"Polygon","coordinates":[[[-101.1368,44.7471],[-101.2351,44.6906],[-101.3599,44.689],[-101.531,44.5679],[-101.715,44.5795],[-101.8112,44.5224],[-102.0004,44.5117],[-102.0011,44.5109],[-102.0073,43.9945],[-101.0641,43.9949],[-101.0469,44.1685],[-101.1668,44.1681],[-101.1545,44.6899],[-101.1368,44.7471]]]},"properties":{"NAME":"Haakon","STATE":"46"}},
{"type":"Feature","geometry":{"type":"Polygon","coordinates":[[[-97.6085,43.8491],[-97.8511,43.8499],[-97.9673,43.8507],[-97.965,43.499],[-97.607,43.4998],[-97.6085,43.8491]]]},"properties":{"NAME":"Hanson","STATE":"46"}},
{"type":"Feature","geometry":{"type":"Polygon","coordinates":[[[-97.3695,43.8485],[-97.6085,43.8491],[-97.607,43.4998],[-97.4014,43.4998],[-97.1295,43.4997],[-97.1291,43.848],[-97.3695,43.8485]]]},"properties":{"NAME":"McCook","STATE":"46"}},
{"type":"Feature","geometry":{"type":"Polygon","coordinates":[[[-100.339,43.7169],[-100.4731,43.7209],[-100.5834,43.768],[-100.735,43.7076],[-101.0314,43.8579],[-101.0643,43.8411],[-101.2283,43.7888],[-101.2282,43.3892],[-100.2142,43.3903],[-100.2308,43.7139],[-100.339,43.7169]]]},"properties":{"NAME":"Mellette","STATE":"46"}},
{"type":"Feature","geometry":{"type":"Polygon","coordinates":[[[-104.0551,43.8535],[-102.6872,43.8554],[-102.6955,43.7982],[-102.8104,43.6881],[-102.1752,43.6878],[-102.1392,43.7009],[-102.0189,43.7086],[-102.0073,43.9945],[-102.0011,44.5109],[-102.1642,44.4275],[-102.3062,44.4341],[-102.388,44.1402],[-103.4525,44.1408],[-104.0546,44.1411],[-104.0551,43.8535]]]},"properties":{"NAME":"Pennington","STATE":"46"}},
{"type":"Feature","geometry":{"type":"Polygon","coordinates":[[[-97.8537,44.1952],[-98.332,44.1966],[-98.3315,43.9377],[-98.3252,43.8511],[-97.9673,43.8507],[-97.8511,43.8499],[-97.8495,44.1952],[-97.8537,44.1952]]]},"properties":{"NAME":"Sanborn","STATE":"46"}},
{"type":"Feature","geometry":{"type":"Polygon","coordinates":[[[-96.9248,43.5],[-97.1295,43.4997],[-97.4014,43.4998],[-97.3992,43.1694],[-97.1605,43.17],[-97.1605,43.0831],[-96.9241,43.0837],[-96.9248,43.5]]]},"properties":{"NAME":"Turner","STATE":"46"}},
{"type":"Feature","geometry":{"type":"Polygon","coordinates":[[[-101.9998,45.4724],[-102,45.038],[-102.0004,44.5117],[-101.8112,44.5224],[-101.715,44.5795],[-101.531,44.5679],[-101.3599,44.689],[-101.2351,44.6906],[-101.1368,44.7471],[-101.1362,44.9941],[-101.501,44.9936],[-101.4863,45.3856],[-101.4702,45.4724],[-101.9998,45.4724]]]},"properties":{"NAME":"Ziebach","STATE":"46"}},
{"type":"Feature","geometry":{"type":"Polygon","coordinates":[[[-100.0026,37.0017],[-100.0032,36.5933],[-99.6056,36.5928],[-99.2953,36.5951],[-99.2952,36.8196],[-99.373,36.8786],[-99.4562,36.9995],[-99.5411,36.9996],[-100.0026,37.0017]]]},"properties":{"NAME":"Harper","STATE":"40"}},
{"type":"Feature","geometry":{"type":"Polygon","coordinates":[[[-96.4908,34.9106],[-96.4062,34.9084],[-96.4065,34.7676],[-96.092,34.7675],[-96.0888,35.0499],[-95.9837,35.1516],[-95.9814,35.2899],[-96.4414,35.2901],[-96.4414,35.1158],[-96.4904,35.1159],[-96.4908,34.9106]]]},"properties":{"NAME":"Hughes","STATE":"40"}},
{"type":"Feature","geometry":{"type":"Polygon","coordinates":[[[-98.1039,36.1649],[-98.2105,36.1649],[-98.2071,35.7251],[-97.674,35.726],[-97.6756,36.1647],[-98.1039,36.1649]]]},"properties":{"NAME":"Kingfisher","STATE":"40"}},
{"type":"Feature","geometry":{"type":"Polygon","coordinates":[[[-96.6206,35.639],[-96.6211,35.9415],[-97.1406,35.942],[-97.1411,35.7244],[-97.1415,35.464],[-96.6249,35.4627],[-96.6206,35.639]]]},"properties":{"NAME":"Lincoln","STATE":"40"}},
{"type":"Feature","geometry":{"type":"Polygon","coordinates":[[[-97.6716,35.3359],[-97.6681,34.8552],[-96.9325,34.8545],[-96.9306,34.9644],[-97.0159,34.9073],[-97.1423,34.9282],[-97.3415,34.964],[-97.3542,35.0767],[-97.5415,35.2142],[-97.557,35.2884],[-97.6715,35.3375],[-97.6716,35.3359]]]},"properties":{"NAME":"McClain","STATE":"40"}},
{"type":"Feature","geometry":{"type":"Polygon","coordinates":[[[-95.44,36.0752],[-95.2079,36.0747],[-95.1184,36.0745],[-95.1185,36.1616],[-95.0113,36.1618],[-95.0057,36.5099],[-95.3282,36.5102],[-95.4356,36.5102],[-95.44,36.0752]]]},"properties":{"NAME":"Mayes","STATE":"40"}},
{"type":"Feature","geometry":{"type":"Polygon","coordinates":[[[-97.6714,35.3772],[-97.1421,35.3769],[-97.1415,35.464],[-97.1411,35.7244],[-97.674,35.726],[-97.6714,35.3772]]]},"properties":{"NAME":"Oklahoma","STATE":"40"}},
{"type":"Feature","geometry":{"type":"Polygon","coordinates":[[[-96.9306,34.9644],[-96.9325,34.8545],[-96.9323,34.6368],[-96.8273,34.5932],[-96.8273,34.506],[-96.5139,34.5054],[-96.5122,34.6801],[-96.4064,34.68],[-96.4065,34.7676],[-96.4062,34.9084],[-96.4908,34.9106],[-96.7229,34.8568],[-96.7757,34.9],[-96.9306,34.9644]]]},"properties":{"NAME":"Pontotoc","STATE":"40"}},
{"type":"Feature","geometry":{"type":"Polygon","coordinates":[[[-95.7794,34.1567],[-95.1565,34.157],[-95.1512,34.2439],[-95.0466,34.2437],[-95.0467,34.5072],[-94.9376,34.5068],[-94.9378,34.6809],[-95.0596,34.6807],[-95.5145,34.6811],[-95.5143,34.5942],[-95.672,34.5939],[-95.6717,34.5068],[-95.7794,34.5066],[-95.7794,34.1567]]]},"properties":{"NAME":"Pushmataha","STATE":"40"}},
{"type":"Feature","geometry":{"type":"Polygon","coordinates":[[[-96.0012,36.4237],[-95.8127,36.4236],[-95.8096,36.5975],[-95.8098,36.9419],[-95.7868,36.9993],[-95.9643,36.9991],[-96.0008,36.9989],[-96.0012,36.4237]]]},"properties":{"NAME":"Washington","STATE":"40"}},
{"type":"Feature","geometry":{"type":"Polygon","coordinates":[[[-99.6056,36.5928],[-99.5961,36.1641],[-99.3821,36.1643],[-98.9558,36.1616],[-98.9603,36.5069],[-98.96,36.599],[-99.1399,36.783],[-99.2952,36.8196],[-99.2953,36.5951],[-99.6056,36.5928]]]},"properties":{"NAME":"Woodward","STATE":"40"}},
{"type":"Feature","geometry":{"type":"Polygon","coordinates":[[[-100.5461,36.4993],[-100.9542,36.4996],[-101.0852,36.4992],[-101.0857,36.0576],[-100.5467,36.0565],[-100.5461,36.4993]]]},"properties":{"NAME":"Ochiltree","STATE":"48"}},
{"type":"Feature","geometry":{"type":"Polygon","coordinates":[[[-103.0424,35.1832],[-102.1675,35.1832],[-102.1628,35.62],[-102.1628,35.6275],[-103.0416,35.6225],[-103.0424,35.1832]]]},"properties":{"NAME":"Oldham","STATE":"48"}},
{"type":"Feature","geometry":{"type":"Polygon","coordinates":[[[-97.5442,32.9942],[-97.9216,33.0013],[-98.0561,33.0033],[-98.0668,32.5588],[-97.6171,32.5555],[-97.5506,32.5554],[-97.5442,32.9942]]]},"properties":{"NAME":"Parker","STATE":"48"}},
{"type":"Feature","geometry":{"type":"Polygon","coordinates":[[[-95.6654,32.9604],[-95.8625,32.9796],[-95.9453,32.9799],[-95.9873,32.8764],[-95.9344,32.8372],[-95.8296,32.767],[-95.635,32.7204],[-95.6654,32.9604]]]},"properties":{"NAME":"Rains","STATE":"48"}},
{"type":"Feature","geometry":{"type":"Polygon","coordinates":[[[-102.1688,34.7474],[-101.9985,34.7482],[-101.6293,34.7476],[-101.6229,35.1831],[-102.1675,35.1832],[-102.1688,34.7474]]]},"properties":{"NAME":"Randall","STATE":"48"}},
{"type":"Feature","geometry":{"type":"Polygon","coordinates":[[[-100.5402,35.6193],[-100.5402,36.0565],[-100.5467,36.0565],[-101.0857,36.0576],[-101.0857,36.0553],[-101.0861,35.6253],[-101.0859,35.6191],[-100.5402,35.6193]]]},"properties":{"NAME":"Roberts","STATE":"48"}},
{"type":"Feature","geometry":{"type":"Polygon","coordinates":[[[-96.519,32.8136],[-96.2973,32.8417],[-96.2972,32.9818],[-96.5169,32.9823],[-96.519,32.8136]]]},"properties":{"NAME":"Rockwall","STATE":"48"}},
{"type":"Feature","geometry":{"type":"Polygon","coordinates":[[[-97.8649,32.0873],[-97.6151,32.2036],[-97.6153,32.3186],[-97.7828,32.3165],[-97.9456,32.2335],[-97.8649,32.0873]]]},"properties":{"NAME":"Somervell","STATE":"48"}},
{"type":"Feature","geometry":{"type":"Polygon","coordinates":[[[-98.5756,32.9543],[-98.9509,32.9569],[-99.096,32.957],[-99.096,32.5148],[-98.5763,32.5152],[-98.5756,32.9543]]]},"properties":{"NAME":"Stephens","STATE":"48"}},
{"type":"Feature","geometry":{"type":"Polygon","coordinates":[[[-99.9888,32.9601],[-99.991,33.3974],[-100.5174,33.3979],[-100.5192,32.9629],[-100.1442,32.96],[-99.9888,32.9601]]]},"properties":{"NAME":"Stonewall","STATE":"48"}},
{"type":"Feature","geometry":{"type":"Polygon","coordinates":[[[-102.2085,32.959],[-102.0762,32.9597],[-102.0759,33.3896],[-102.5948,33.3885],[-102.595,32.9588],[-102.2085,32.959]]]},"properties":{"NAME":"Terry","STATE":"48"}},
{"type":"Feature","geometry":{"type":"Polygon","coordinates":[[[-95.1255,33.3895],[-95.1261,33.0346],[-94.9265,33.0693],[-94.8198,32.9829],[-94.8088,33.3636],[-95.1255,33.3895]]]},"properties":{"NAME":"Titus","STATE":"48"}},
{"type":"Feature","geometry":{"type":"Polygon","coordinates":[[[-95.1534,32.5701],[-94.9869,32.5372],[-94.7018,32.6522],[-94.7021,32.7931],[-94.7059,32.8792],[-94.7199,32.9045],[-95.1521,32.9026],[-95.1534,32.5701]]]},"properties":{"NAME":"Upshur","STATE":"48"}},
{"type":"Feature","geometry":{"type":"Polygon","coordinates":[[[-102.7989,31.6518],[-103.3275,31.6514],[-103.6109,31.6518],[-103.5309,31.6423],[-103.4833,31.5],[-102.7676,31.5],[-102.7672,31.6517],[-102.7989,31.6518]]]},"properties":{"NAME":"Ward","STATE":"48"}},
{"type":"Feature","geometry":{"type":"Polygon","coordinates":[[[-97.4871,33.4337],[-97.9182,33.4339],[-97.9216,33.0013],[-97.5442,32.9942],[-97.3985,32.9908],[-97.3831,33.4305],[-97.4871,33.4337]]]},"properties":{"NAME":"Wise","STATE":"48"}},
{"type":"Feature","geometry":{"type":"Polygon","coordinates":[[[-111.7386,40.8611],[-111.8152,40.9575],[-111.8563,41.1391],[-112,41.145],[-112,40.9146],[-111.9159,40.822],[-111.7386,40.8611]]]},"properties":{"NAME":"Davis","STATE":"49"}},
{"type":"Feature","geometry":{"type":"Polygon","coordinates":[[[-98.9531,33.834],[-98.9539,33.3975],[-98.4207,33.3962],[-98.4214,33.4668],[-98.4236,33.836],[-98.9531,33.834]]]},"properties":{"NAME":"Archer","STATE":"48"}},
{"type":"Feature","geometry":{"type":"Polygon","coordinates":[[[-101.4716,34.7475],[-101.0907,34.7482],[-101.0863,35.1821],[-101.6229,35.1831],[-101.6293,34.7476],[-101.4716,34.7475]]]},"properties":{"NAME":"Armstrong","STATE":"48"}},
{"type":"Feature","geometry":{"type":"Polygon","coordinates":[[[-95.1521,32.9026],[-94.7199,32.9045],[-94.8198,32.9829],[-94.9265,33.0693],[-95.1261,33.0346],[-95.1522,33.0135],[-95.1521,32.9026]]]},"properties":{"NAME":"Camp","STATE":"48"}},
{"type":"Feature","geometry":{"type":"Polygon","coordinates":[[[-102.1688,34.7474],[-102.5252,34.7469],[-102.5256,34.313],[-102.0904,34.3131],[-101.998,34.313],[-101.9985,34.7482],[-102.1688,34.7474]]]},"properties":{"NAME":"Castro","STATE":"48"}},
{"type":"Feature","geometry":{"type":"Polygon","coordinates":[[[-103.0473,33.8247],[-103.0526,33.5706],[-103.0567,33.3884],[-102.5948,33.3885],[-102.6154,33.8251],[-103.0473,33.8247]]]},"properties":{"NAME":"Cochran","STATE":"48"}},
{"type":"Feature","geometry":{"type":"Polygon","coordinates":[[[-100.1112,31.5803],[-100.1119,31.5],[-99.6132,31.5],[-99.7217,31.5768],[-100.1112,31.5803]]]},"properties":{"NAME":"Concho","STATE":"48"}},
{"type":"Feature","geometry":{"type":"Polygon","coordinates":[[[-97.7664,31.6725],[-98.1081,31.5],[-97.544,31.5],[-97.6052,31.5878],[-97.6898,31.711],[-97.7664,31.6725]]]},"properties":{"NAME":"Coryell","STATE":"48"}},
{"type":"Feature","geometry":{"type":"Polygon","coordinates":[[[-102.7672,31.6517],[-102.7676,31.5],[-102.3135,31.5],[-102.318,31.6513],[-102.7672,31.6517]]]},"properties":{"NAME":"Crane","STATE":"48"}},
{"type":"Feature","geometry":{"type":"Polygon","coordinates":[[[-102.2085,32.959],[-102.2027,32.5233],[-101.6887,32.5252],[-101.6913,32.9618],[-102.0762,32.9597],[-102.2085,32.959]]]},"properties":{"NAME":"Dawson","STATE":"48"}},
{"type":"Feature","geometry":{"type":"Polygon","coordinates":[[[-95.1255,33.3895],[-95.3066,33.378],[-95.3086,33.3772],[-95.309,32.9626],[-95.1729,32.9618],[-95.1522,33.0135],[-95.1261,33.0346],[-95.1255,33.3895]]]},"properties":{"NAME":"Franklin","STATE":"48"}},
{"type":"Feature","geometry":{"type":"Polygon","coordinates":[[[-101.0387,32.9702],[-101.0388,33.3972],[-101.5569,33.3948],[-101.5574,32.961],[-101.1734,32.9636],[-101.0387,32.9702]]]},"properties":{"NAME":"Garza","STATE":"48"}},
{"type":"Feature","geometry":{"type":"Polygon","coordinates":[[[-101.0859,35.6191],[-101.0863,35.1821],[-100.539,35.1831],[-100.5402,35.6193],[-101.0859,35.6191]]]},"properties":{"NAME":"Gray","STATE":"48"}},
{"type":"Feature","geometry":{"type":"Polygon","coordinates":[[[-100.4159,34.7475],[-100.5407,34.7477],[-100.9449,34.7483],[-100.9461,34.3128],[-100.5173,34.3141],[-100.4178,34.3135],[-100.4159,34.7475]]]},"properties":{"NAME":"Hall","STATE":"48"}},
{"type":"Feature","geometry":{"type":"Polygon","coordinates":[[[-101.0852,36.4992],[-101.6239,36.4995],[-101.6235,36.0554],[-101.0857,36.0553],[-101.0857,36.0576],[-101.0852,36.4992]]]},"properties":{"NAME":"Hansford","STATE":"48"}},
{"type":"Feature","geometry":{"type":"Polygon","coordinates":[[[-96.7191,31.8149],[-96.8962,32.074],[-96.9407,32.0521],[-97.0862,32.2655],[-97.4761,32.1735],[-97.486,32.0176],[-97.3828,31.8708],[-97.2821,31.8432],[-97.2773,31.7455],[-97.0373,31.8631],[-96.9322,31.7089],[-96.7191,31.8149]]]},"properties":{"NAME":"Hill","STATE":"48"}},
{"type":"Feature","geometry":{"type":"Polygon","coordinates":[[[-101.6887,32.5252],[-101.695,32.0875],[-101.2642,32.0871],[-101.184,32.0872],[-101.1746,32.5241],[-101.6887,32.5252]]]},"properties":{"NAME":"Howard","STATE":"48"}},
{"type":"Feature","geometry":{"type":"Polygon","coordinates":[[[-101.0861,35.6253],[-101.0857,36.0553],[-101.6235,36.0554],[-101.6228,35.6241],[-101.0861,35.6253]]]},"properties":{"NAME":"Hutchinson","STATE":"48"}},
{"type":"Feature","geometry":{"type":"Polygon","coordinates":[[[-97.4761,32.1735],[-97.0862,32.2655],[-97.0868,32.5494],[-97.5506,32.5554],[-97.6171,32.5555],[-97.6153,32.3186],[-97.6151,32.2036],[-97.4761,32.1735]]]},"properties":{"NAME":"Johnson","STATE":"48"}},
{"type":"Feature","geometry":{"type":"Polygon","coordinates":[[[-100.6559,32.9635],[-100.5192,32.9629],[-100.5174,33.3979],[-101.0388,33.3972],[-101.0387,32.9702],[-100.6559,32.9635]]]},"properties":{"NAME":"Kent","STATE":"48"}},
{"type":"Feature","geometry":{"type":"Polygon","coordinates":[[[-99.4745,33.7338],[-99.5999,33.7876],[-99.8351,33.8358],[-99.9964,33.836],[-99.991,33.3974],[-99.4724,33.399],[-99.4745,33.7338]]]},"properties":{"NAME":"Knox","STATE":"48"}},
{"type":"Feature","geometry":{"type":"Polygon","coordinates":[[[-101.5636,33.8305],[-102.0857,33.8247],[-102.0759,33.3896],[-101.5569,33.3948],[-101.5636,33.8305]]]},"properties":{"NAME":"Lubbock","STATE":"48"}},
{"type":"Feature","geometry":{"type":"Polygon","coordinates":[[[-96.8011,31.5223],[-96.9322,31.7089],[-97.0373,31.8631],[-97.2773,31.7455],[-97.6052,31.5878],[-97.544,31.5],[-96.8449,31.5],[-96.8011,31.5223]]]},"properties":{"NAME":"McLennan","STATE":"48"}},
{"type":"Feature","geometry":{"type":"Polygon","coordinates":[[[-101.7758,31.6513],[-101.7761,32.0869],[-102.2112,32.0868],[-102.287,32.087],[-102.2873,31.6513],[-101.7758,31.6513]]]},"properties":{"NAME":"Midland","STATE":"48"}},
{"type":"Feature","geometry":{"type":"Polygon","coordinates":[[[-96.8962,32.074],[-96.7191,31.8149],[-96.4967,31.7962],[-96.0548,32.0125],[-96.1157,32.1609],[-96.3831,32.3289],[-96.8962,32.074]]]},"properties":{"NAME":"Navarro","STATE":"48"}},
{"type":"Feature","geometry":{"type":"Polygon","coordinates":[[[-100.6654,32.0854],[-100.2351,32.0824],[-100.1519,32.0826],[-100.1465,32.5228],[-100.6606,32.5253],[-100.6654,32.0854]]]},"properties":{"NAME":"Nolan","STATE":"48"}},
{"type":"Feature","geometry":{"type":"Polygon","coordinates":[[[-92.1363,44.8578],[-92.1352,44.6844],[-91.6504,44.6836],[-91.6505,44.856],[-91.6656,45.208],[-92.1565,45.2096],[-92.1361,45.1214],[-92.1363,44.8578]]]},"properties":{"NAME":"Dunn","STATE":"55"}},
{"type":"Feature","geometry":{"type":"Polygon","coordinates":[[[-91.1518,44.0797],[-91.3373,44.0375],[-91.4201,43.9842],[-91.2841,43.8471],[-91.2682,43.7266],[-90.9105,43.7253],[-90.9129,44.0715],[-90.9728,44.0708],[-91.1518,44.0797]]]},"properties":{"NAME":"La Crosse","STATE":"55"}},
{"type":"Feature","geometry":{"type":"Polygon","coordinates":[[[-90,45.1201],[-90,45.5],[-90.0431,45.5],[-90.0423,45.3819],[-90.0437,45.1202],[-90,45.1201]]]},"properties":{"NAME":"Lincoln","STATE":"55"}},
{"type":"Feature","geometry":{"type":"Polygon","coordinates":[[[-90.3163,44.6852],[-90,44.685],[-90,45.1201],[-90.0437,45.1202],[-90.1978,45.1206],[-90.1975,45.0336],[-90.315,45.0338],[-90.3163,44.6852]]]},"properties":{"NAME":"Marathon","STATE":"55"}},
{"type":"Feature","geometry":{"type":"Polygon","coordinates":[[[-90.9728,44.0708],[-90.9129,44.0715],[-90.9105,43.7253],[-90.3122,43.7313],[-90.3126,44.1553],[-90.9062,44.1583],[-90.9728,44.0708]]]},"properties":{"NAME":"Monroe","STATE":"55"}},
{"type":"Feature","geometry":{"type":"Polygon","coordinates":[[[-92.1554,45.5],[-92.7048,45.5],[-92.6641,45.3933],[-92.7461,45.296],[-92.7659,45.2102],[-92.1565,45.2096],[-92.1554,45.5]]]},"properties":{"NAME":"Polk","STATE":"55"}},
{"type":"Feature","geometry":{"type":"Polygon","coordinates":[[[-90.4298,43.2009],[-90.2925,43.2069],[-90.1938,43.1645],[-90.192,43.555],[-90.3111,43.554],[-90.6717,43.553],[-90.6686,43.423],[-90.6668,43.1718],[-90.5454,43.2115],[-90.4298,43.2009]]]},"properties":{"NAME":"Richland","STATE":"55"}},
{"type":"Feature","geometry":{"type":"Polygon","coordinates":[[[-90,44.2493],[-90,44.685],[-90.3163,44.6852],[-90.316,44.4247],[-90.312,44.2488],[-90,44.2493]]]},"properties":{"NAME":"Wood","STATE":"55"}},
{"type":"Feature","geometry":{"type":"Polygon","coordinates":[[[-106.0759,42.4332],[-106.0727,42.7782],[-106.0781,43.4945],[-107.1107,43.5003],[-107.5349,43.5014],[-107.517,43.4727],[-107.5023,43.1281],[-107.5014,42.7815],[-107.5435,42.7816],[-107.5229,42.4344],[-106.6548,42.4311],[-106.0759,42.4332]]]},"properties":{"NAME":"Natrona","STATE":"56"}},
{"type":"Feature","geometry":{"type":"Polygon","coordinates":[[[-104.6533,41.653],[-104.6556,42.6095],[-104.8924,42.6089],[-105.2865,42.6058],[-105.2839,42.4314],[-105.2737,42.0888],[-105.2782,41.6567],[-104.6533,41.653]]]},"properties":{"NAME":"Platte","STATE":"56"}},
{"type":"Feature","geometry":{"type":"Polygon","coordinates":[[[-106.0097,44.564],[-106.0248,44.9937],[-106.2636,44.9938],[-106.8888,44.9959],[-107.9115,45.0009],[-107.8323,44.7902],[-107.7415,44.7144],[-107.6159,44.7013],[-107.3696,44.5598],[-106.4289,44.5568],[-106.0097,44.564]]]},"properties":{"NAME":"Sheridan","STATE":"56"}},
{"type":"Feature","geometry":{"type":"Polygon","coordinates":[[[-104.0551,43.8535],[-104.0546,44.1411],[-104.0545,44.1804],[-105.0793,44.1762],[-105.0798,43.4984],[-104.8999,43.4996],[-104.0548,43.5033],[-104.0551,43.8535]]]},"properties":{"NAME":"Weston","STATE":"56"}},
{"type":"Feature","geometry":{"type":"Polygon","coordinates":[[[-91.6656,45.208],[-91.5422,45.2065],[-91.5413,45.292],[-91.5407,45.5],[-92.1554,45.5],[-92.1565,45.2096],[-91.6656,45.208]]]},"properties":{"NAME":"Barron","STATE":"55"}},
{"type":"Feature","geometry":{"type":"Polygon","coordinates":[[[-90.9234,45.0311],[-90.9252,45.292],[-91.5413,45.292],[-91.5422,45.2065],[-91.6656,45.208],[-91.6505,44.856],[-90.9222,44.8573],[-90.9234,45.0311]]]},"properties":{"NAME":"Chippewa","STATE":"55"}},
{"type":"Feature","geometry":{"type":"Polygon","coordinates":[[[-111.2648,41.1443],[-111.2214,41.2129],[-111.3317,41.3574],[-111.4206,41.3614],[-111.4966,41.2269],[-111.5959,41.2391],[-111.6782,41.181],[-111.8584,41.1974],[-111.8563,41.1391],[-111.8152,40.9575],[-111.7386,40.8611],[-111.641,40.7991],[-111.5196,40.7918],[-111.4796,40.8584],[-111.593,40.993],[-111.5086,41.0628],[-111.2648,41.1443]]]},"properties":{"NAME":"Morgan","STATE":"49"}},
{"type":"Feature","geometry":{"type":"Polygon","coordinates":[[[-112,38.5044],[-112,38.1509],[-111.8428,38.1513],[-111.8489,38.425],[-111.7667,38.502],[-112,38.5044]]]},"properties":{"NAME":"Piute","STATE":"49"}},
{"type":"Feature","geometry":{"type":"Polygon","coordinates":[[[-112,40.9146],[-112,40.4228],[-111.5939,40.5771],[-111.5531,40.6094],[-111.641,40.7991],[-111.7386,40.8611],[-111.9159,40.822],[-112,40.9146]]]},"properties":{"NAME":"Salt Lake","STATE":"49"}},
{"type":"Feature","geometry":{"type":"Polygon","coordinates":[[[-111.5939,40.5771],[-111.6117,40.4315],[-111.4803,40.3622],[-111.4265,40.2869],[-111.3148,40.2876],[-111.2255,40.1673],[-111.2058,40.0474],[-111.0831,39.9432],[-111.0825,39.9002],[-110.8919,39.8991],[-110.9019,40.6782],[-111.0244,40.5775],[-111.1514,40.5484],[-111.3749,40.6327],[-111.5531,40.6094],[-111.5939,40.5771]]]},"properties":{"NAME":"Wasatch","STATE":"49"}},
{"type":"Feature","geometry":{"type":"Polygon","coordinates":[[[-93.9629,35.7609],[-93.9442,36.0911],[-93.8878,36.235],[-93.9733,36.2039],[-94.3336,36.2147],[-94.3911,36.0994],[-94.5522,36.1022],[-94.4929,35.7592],[-94.1249,35.7504],[-93.9629,35.7609]]]},"properties":{"NAME":"Washington","STATE":"05"}},
{"type":"Feature","geometry":{"type":"Polygon","coordinates":[[[-91.3686,34.9127],[-91.2931,34.9851],[-91.1498,35.0025],[-91.0454,35.001],[-91.0427,35.1482],[-91.0398,35.3543],[-91.2516,35.3576],[-91.2529,35.4458],[-91.3473,35.4391],[-91.4382,35.3694],[-91.3904,35.2516],[-91.4651,35.0895],[-91.3638,35.0519],[-91.3686,34.9127]]]},"properties":{"NAME":"Woodruff","STATE":"05"}},
{"type":"Feature","geometry":{"type":"Polygon","coordinates":[[[-103.7065,39.7399],[-103.7057,40.0014],[-104.1503,40.0009],[-104.9614,40.0003],[-105.0529,39.9138],[-105.0532,39.7911],[-104.7909,39.7983],[-104.6929,39.9142],[-104.6199,39.8266],[-104.7625,39.823],[-104.7346,39.7692],[-104.8564,39.7687],[-104.8846,39.7402],[-103.7065,39.7399]]]},"properties":{"NAME":"Adams","STATE":"08"}},
{"type":"Feature","geometry":{"type":"Polygon","coordinates":[[[-106.4762,36.9935],[-106.6784,37.2286],[-106.6784,37.4036],[-106.7108,37.4042],[-107.1287,37.3924],[-107.1287,37.4229],[-107.4821,37.4227],[-107.4817,37],[-107.4209,37],[-106.8698,36.9924],[-106.4762,36.9935]]]},"properties":{"NAME":"Archuleta","STATE":"08"}},
{"type":"Feature","geometry":{"type":"Polygon","coordinates":[[[-102.0422,36.9931],[-102.0418,37.3892],[-102.0416,37.6443],[-102.7476,37.6436],[-103.0759,37.6434],[-103.0861,36.9999],[-103.0022,37.0001],[-102.0422,36.9931]]]},"properties":{"NAME":"Baca","STATE":"08"}},
{"type":"Feature","geometry":{"type":"Polygon","coordinates":[[[-106.578,39.0579],[-106.5992,38.998],[-106.465,38.9104],[-106.3261,38.911],[-106.4521,38.6988],[-106.2469,38.4228],[-106.0108,38.4466],[-105.9087,38.5056],[-105.8792,38.6073],[-105.9697,38.6936],[-105.9066,38.807],[-105.9251,38.8722],[-106.0281,38.9428],[-106.111,38.9401],[-106.191,39.0561],[-106.578,39.0579]]]},"properties":{"NAME":"Chaffee","STATE":"08"}},
{"type":"Feature","geometry":{"type":"Polygon","coordinates":[[[-102.0466,39.047],[-103.163,39.0376],[-103.1729,38.6125],[-102.0453,38.6152],[-102.0452,38.6976],[-102.0466,39.047]]]},"properties":{"NAME":"Cheyenne","STATE":"08"}},
{"type":"Feature","geometry":{"type":"Polygon","coordinates":[[[-105.7185,36.9958],[-105.7702,37.0612],[-105.7298,37.1805],[-105.7433,37.3568],[-106.0389,37.357],[-106.0393,37.4009],[-106.6784,37.4036],[-106.6784,37.2286],[-106.4762,36.9935],[-106.0066,36.9953],[-105.7185,36.9958]]]},"properties":{"NAME":"Conejos","STATE":"08"}},
{"type":"Feature","geometry":{"type":"Polygon","coordinates":[[[-105.155,36.9953],[-105.1542,37.2931],[-105.1875,37.6197],[-105.2956,37.6544],[-105.4855,37.5779],[-105.7433,37.3568],[-105.7298,37.1805],[-105.7702,37.0612],[-105.7185,36.9958],[-105.2206,36.9952],[-105.155,36.9953]]]},"properties":{"NAME":"Costilla","STATE":"08"}},
{"type":"Feature","geometry":{"type":"Polygon","coordinates":[[[-107.5007,38.6686],[-107.5006,39.2179],[-107.7655,39.0433],[-107.8582,39.0798],[-108.379,38.8291],[-108.3787,38.6681],[-107.5007,38.6686]]]},"properties":{"NAME":"Delta","STATE":"08"}},
{"type":"Feature","geometry":{"type":"Polygon","coordinates":[[[-106.2067,39.3796],[-106.2516,39.465],[-106.1776,39.6091],[-106.3855,39.7672],[-106.4345,39.9249],[-106.6266,39.9248],[-107.034,39.9189],[-107.1137,39.9191],[-107.1134,39.3661],[-106.4265,39.3619],[-106.2067,39.3796]]]},"properties":{"NAME":"Eagle","STATE":"08"}},
{"type":"Feature","geometry":{"type":"Polygon","coordinates":[[[-104.9415,38.5196],[-104.9424,38.6499],[-105.2404,38.6476],[-105.3291,38.6972],[-105.9697,38.6936],[-105.8792,38.6073],[-105.9087,38.5056],[-106.0108,38.4466],[-105.7969,38.265],[-105.0492,38.258],[-104.9404,38.2583],[-104.9415,38.5196]]]},"properties":{"NAME":"Fremont","STATE":"08"}},
{"type":"Feature","geometry":{"type":"Polygon","coordinates":[[[-95.5083,38.4339],[-95.5083,38.3903],[-95.0658,38.3899],[-95.0564,38.7386],[-95.5007,38.7388],[-95.5083,38.4339]]]},"properties":{"NAME":"Franklin","STATE":"20"}},
{"type":"Feature","geometry":{"type":"Polygon","coordinates":[[[-102.0446,38.2687],[-102.0453,38.6152],[-103.1729,38.6125],[-103.1729,38.5253],[-103.5047,38.5164],[-103.5018,38.265],[-103.3999,38.2654],[-102.7423,38.267],[-102.0446,38.2687]]]},"properties":{"NAME":"Kiowa","STATE":"08"}},
{"type":"Feature","geometry":{"type":"Polygon","coordinates":[[[-102.0498,39.5741],[-102.8029,39.5678],[-103.1544,39.5657],[-103.163,39.0376],[-102.0466,39.047],[-102.0472,39.1331],[-102.0498,39.5682],[-102.0498,39.5741]]]},"properties":{"NAME":"Kit Carson","STATE":"08"}},
{"type":"Feature","geometry":{"type":"Polygon","coordinates":[[[-105.2769,40.9982],[-106.1905,40.9981],[-106.1853,40.934],[-106.0577,40.8171],[-105.8549,40.4863],[-105.6533,40.2605],[-105.0551,40.2618],[-105.0567,40.3493],[-104.9456,40.3491],[-104.9434,40.9982],[-105.2769,40.9982]]]},"properties":{"NAME":"Larimer","STATE":"08"}},
{"type":"Feature","geometry":{"type":"Polygon","coordinates":[[[-109.06,38.5],[-109.0421,38.153],[-107.9658,38.1523],[-107.9376,38.219],[-108.0866,38.2552],[-108.1324,38.3316],[-107.6357,38.3321],[-107.635,38.3019],[-107.5,38.3019],[-107.5007,38.6686],[-108.3787,38.6681],[-108.3791,38.5],[-109.06,38.5]]]},"properties":{"NAME":"Montrose","STATE":"08"}},
{"type":"Feature","geometry":{"type":"Polygon","coordinates":[[[-103.5745,41.0017],[-103.5818,40.5234],[-103.4672,40.5233],[-103.4654,40.4363],[-102.78,40.4384],[-102.6648,40.4385],[-102.6513,40.7494],[-102.6535,41.0023],[-103.3825,41.0019],[-103.5745,41.0017]]]},"properties":{"NAME":"Logan","STATE":"08"}},
{"type":"Feature","geometry":{"type":"Polygon","coordinates":[[[-109.06,38.5],[-108.3791,38.5],[-108.3787,38.6681],[-108.379,38.8291],[-107.8582,39.0798],[-107.7655,39.0433],[-107.5006,39.2179],[-107.3945,39.2563],[-107.4309,39.3662],[-109.0514,39.3667],[-109.06,38.5]]]},"properties":{"NAME":"Mesa","STATE":"08"}},
{"type":"Feature","geometry":{"type":"Polygon","coordinates":[[[-109.0501,41.0007],[-109.0483,40.6626],[-109.0509,40.2227],[-107.4394,40.2234],[-107.4288,40.5422],[-107.3142,40.6003],[-107.3178,41.003],[-107.9184,41.002],[-109.0501,41.0007]]]},"properties":{"NAME":"Moffat","STATE":"08"}},
{"type":"Feature","geometry":{"type":"Polygon","coordinates":[[[-104.1503,40.0009],[-103.7057,40.0014],[-103.472,40.0015],[-103.4654,40.4363],[-103.4672,40.5233],[-103.5818,40.5234],[-104.1479,40.5243],[-104.1503,40.0009]]]},"properties":{"NAME":"Morgan","STATE":"08"}},
{"type":"Feature","geometry":{"type":"Polygon","coordinates":[[[-107.7383,37.9054],[-107.5689,37.965],[-107.5109,38.0609],[-107.5686,38.1473],[-107.635,38.3019],[-107.6357,38.3321],[-108.1324,38.3316],[-108.0866,38.2552],[-107.9376,38.219],[-107.9658,38.1523],[-107.8915,38.116],[-107.9002,38.0262],[-107.7955,37.9885],[-107.7383,37.9054]]]},"properties":{"NAME":"Ouray","STATE":"08"}},
{"type":"Feature","geometry":{"type":"Polygon","coordinates":[[[-107.3945,39.2563],[-107.2825,39.1187],[-107.0663,39.1188],[-107.0016,39.0423],[-106.8019,38.9783],[-106.695,39.0557],[-106.5992,38.998],[-106.578,39.0579],[-106.5086,39.1667],[-106.4851,39.3126],[-106.4265,39.3619],[-107.1134,39.3661],[-107.4309,39.3662],[-107.3945,39.2563]]]},"properties":{"NAME":"Pitkin","STATE":"08"}},
{"type":"Feature","geometry":{"type":"Polygon","coordinates":[[[-109.0509,40.2227],[-109.0512,39.6605],[-107.9385,39.6945],[-107.9385,39.825],[-107.4318,39.8284],[-107.4317,39.9177],[-107.3188,39.915],[-107.317,40.0908],[-107.0374,40.0915],[-107.0379,40.2254],[-107.4394,40.2234],[-109.0509,40.2227]]]},"properties":{"NAME":"Rio Blanco","STATE":"08"}},
{"type":"Feature","geometry":{"type":"Polygon","coordinates":[[[-106.2469,38.4228],[-107.0006,38.4256],[-107.0011,38.1471],[-107.0006,37.956],[-106.8792,37.9611],[-106.6935,37.8735],[-106.6938,37.8352],[-106.5871,37.8344],[-106.5864,37.7478],[-106.0384,37.7484],[-105.4573,37.7515],[-105.4289,37.8517],[-105.4732,37.896],[-105.6044,38.0087],[-105.6763,38.1462],[-105.7969,38.265],[-106.0108,38.4466],[-106.2469,38.4228]]]},"properties":{"NAME":"Saguache","STATE":"08"}},
{"type":"Feature","geometry":{"type":"Polygon","coordinates":[[[-105.3304,39.1297],[-105.3291,38.6972],[-105.2404,38.6476],[-104.9424,38.6499],[-104.939,38.7969],[-105.0289,38.8689],[-105.0335,39.1298],[-105.3292,39.1297],[-105.3304,39.1297]]]},"properties":{"NAME":"Teller","STATE":"08"}},
{"type":"Feature","geometry":{"type":"Polygon","coordinates":[[[-103.7057,40.0014],[-103.7065,39.7399],[-103.7071,39.5663],[-103.1544,39.5657],[-102.8029,39.5678],[-102.8038,40.0026],[-102.78,40.4384],[-103.4654,40.4363],[-103.472,40.0015],[-103.7057,40.0014]]]},"properties":{"NAME":"Washington","STATE":"08"}},
{"type":"Feature","geometry":{"type":"Polygon","coordinates":[[[-102.0515,40.44],[-102.6648,40.4385],[-102.78,40.4384],[-102.8038,40.0026],[-102.8029,39.5678],[-102.0498,39.5741],[-102.0517,40.0031],[-102.0517,40.3492],[-102.0515,40.44]]]},"properties":{"NAME":"Yuma","STATE":"08"}},
{"type":"Feature","geometry":{"type":"Polygon","coordinates":[[[-93.8668,36.4988],[-93.8617,36.3393],[-93.8156,36.3066],[-93.6577,36.3031],[-93.5511,36.1263],[-93.4795,36.1251],[-93.3001,36.1213],[-93.2961,36.4984],[-93.3153,36.4984],[-93.5843,36.4989],[-93.8668,36.4988]]]},"properties":{"NAME":"Carroll","STATE":"05"}},
{"type":"Feature","geometry":{"type":"Polygon","coordinates":[[[-91.2157,33.5294],[-91.2283,33.5599],[-91.3508,33.5195],[-91.4534,33.5637],[-91.4574,33.389],[-91.4604,33.0062],[-91.4358,33.0061],[-91.265,33.0051],[-91.1661,33.0041],[-91.1577,33.0112],[-91.0876,33.1452],[-91.086,33.2216],[-91.1844,33.4196],[-91.1251,33.4728],[-91.2157,33.5294]]]},"properties":{"NAME":"Chicot","STATE":"05"}},
{"type":"Feature","geometry":{"type":"Polygon","coordinates":[[[-91.9538,34.0641],[-92.2334,34.0623],[-92.3368,34.0596],[-92.4717,34.0571],[-92.4756,33.9727],[-92.4008,33.9136],[-92.3342,33.7951],[-92.3308,33.7078],[-91.9758,33.7044],[-91.976,33.7918],[-91.9538,34.0641]]]},"properties":{"NAME":"Cleveland","STATE":"05"}},
{"type":"Feature","geometry":{"type":"Polygon","coordinates":[[[-93.2386,33.018],[-92.9887,33.0173],[-92.9785,33.3773],[-93.119,33.3803],[-93.1164,33.4529],[-93.3656,33.4445],[-93.442,33.2582],[-93.4818,33.26],[-93.4905,33.0184],[-93.2386,33.018]]]},"properties":{"NAME":"Columbia","STATE":"05"}},
{"type":"Feature","geometry":{"type":"Polygon","coordinates":[[[-94.4318,35.3977],[-94.2238,35.3537],[-94.0749,35.4454],[-93.9842,35.6608],[-93.9108,35.7598],[-93.9629,35.7609],[-94.1249,35.7504],[-94.4929,35.7592],[-94.4726,35.6386],[-94.4318,35.3977]]]},"properties":{"NAME":"Crawford","STATE":"05"}},
{"type":"Feature","geometry":{"type":"Polygon","coordinates":[[[-92.1197,35.0665],[-92.1115,35.3627],[-92.2528,35.3637],[-92.4815,35.3684],[-92.4843,35.2807],[-92.5547,35.1133],[-92.5936,35.0118],[-92.5443,34.9533],[-92.2299,34.9276],[-92.2275,35.0145],[-92.1213,35.0122],[-92.1197,35.0665]]]},"properties":{"NAME":"Faulkner","STATE":"05"}},
{"type":"Feature","geometry":{"type":"Polygon","coordinates":[[[-93.9108,35.7598],[-93.9842,35.6608],[-94.0749,35.4454],[-94.0828,35.2159],[-94.0285,35.2138],[-93.9202,35.2294],[-93.9171,35.319],[-93.8101,35.3131],[-93.7101,35.3752],[-93.696,35.7686],[-93.9108,35.7598]]]},"properties":{"NAME":"Franklin","STATE":"05"}},
{"type":"Feature","geometry":{"type":"Polygon","coordinates":[[[-92.2458,34.4935],[-92.4047,34.4519],[-92.5894,34.4556],[-92.6687,34.4142],[-92.6784,34.1496],[-92.4937,34.1442],[-92.3368,34.0596],[-92.2334,34.0623],[-92.2129,34.2304],[-92.208,34.4928],[-92.2458,34.4935]]]},"properties":{"NAME":"Grant","STATE":"05"}},
{"type":"Feature","geometry":{"type":"Polygon","coordinates":[[[-92.7932,34.5036],[-92.9151,34.5061],[-92.9481,34.3893],[-93.4072,34.3969],[-93.4081,34.3395],[-93.3568,34.2803],[-93.035,34.2367],[-93.042,34.1599],[-92.8863,34.1559],[-92.6784,34.1496],[-92.6687,34.4142],[-92.6853,34.4731],[-92.7932,34.5036]]]},"properties":{"NAME":"Hot Spring","STATE":"05"}},
{"type":"Feature","geometry":{"type":"Polygon","coordinates":[[[-91.5819,35.5304],[-91.5847,35.4423],[-91.3473,35.4391],[-91.2529,35.4458],[-91.2516,35.3576],[-91.0398,35.3543],[-91.0392,35.4447],[-91.037,35.7084],[-91.0325,35.8851],[-91.1986,35.89],[-91.2324,35.8127],[-91.3483,35.7191],[-91.3696,35.5264],[-91.5819,35.5304]]]},"properties":{"NAME":"Jackson","STATE":"05"}},
{"type":"Feature","geometry":{"type":"Polygon","coordinates":[[[-93.4905,33.0184],[-93.4818,33.26],[-93.442,33.2582],[-93.3656,33.4445],[-93.4831,33.4761],[-93.7229,33.482],[-93.7333,33.4209],[-93.6655,33.327],[-93.7502,33.1839],[-93.8501,33.1453],[-93.8049,33.0193],[-93.521,33.0186],[-93.4905,33.0184]]]},"properties":{"NAME":"Lafayette","STATE":"05"}},
{"type":"Feature","geometry":{"type":"Polygon","coordinates":[[[-94.0435,33.5523],[-93.9515,33.5493],[-93.8259,33.6099],[-93.9656,33.6697],[-93.9573,33.7509],[-93.9588,33.751],[-94.0408,33.782],[-94.2374,33.8021],[-94.4773,33.9409],[-94.4859,33.6379],[-94.3559,33.5432],[-94.1818,33.5932],[-94.0435,33.5523]]]},"properties":{"NAME":"Little River","STATE":"05"}},
{"type":"Feature","geometry":{"type":"Polygon","coordinates":[[[-93.7049,35.0197],[-93.7067,35.1349],[-93.5298,35.1454],[-93.457,35.2158],[-93.28,35.2126],[-93.2783,35.3174],[-93.299,35.3274],[-93.4179,35.3268],[-93.4304,35.4237],[-93.7101,35.3752],[-93.8101,35.3131],[-93.9171,35.319],[-93.9202,35.2294],[-94.0285,35.2138],[-94.0312,35.1409],[-94.1406,35.0997],[-94.0743,35.0266],[-93.7049,35.0197]]]},"properties":{"NAME":"Logan","STATE":"05"}},
{"type":"Feature","geometry":{"type":"Polygon","coordinates":[[[-93.9629,35.7609],[-93.9108,35.7598],[-93.696,35.7686],[-93.5192,35.7635],[-93.5236,35.8816],[-93.4507,35.9675],[-93.4795,36.1251],[-93.5511,36.1263],[-93.6577,36.3031],[-93.8156,36.3066],[-93.8878,36.235],[-93.9442,36.0911],[-93.9629,35.7609]]]},"properties":{"NAME":"Madison","STATE":"05"}},
{"type":"Feature","geometry":{"type":"Polygon","coordinates":[[[-111.0452,43.5011],[-111.1991,43.5397],[-111.2439,43.6217],[-111.3999,43.622],[-111.6264,43.6267],[-112,43.6267],[-112,43.3666],[-111.8226,43.3661],[-111.8227,43.2822],[-111.5878,43.2816],[-111.5896,43.0201],[-111.0442,43.0201],[-111.0446,43.3157],[-111.0452,43.5011]]]},"properties":{"NAME":"Bonneville","STATE":"16"}},
{"type":"Feature","geometry":{"type":"Polygon","coordinates":[[[-92.854,36.498],[-92.885,36.4909],[-92.8907,36.1141],[-92.8378,36.0701],[-92.4115,36.0628],[-92.4119,36.1621],[-92.4693,36.2509],[-92.543,36.2693],[-92.5291,36.4977],[-92.7723,36.4978],[-92.854,36.498]]]},"properties":{"NAME":"Marion","STATE":"05"}},
{"type":"Feature","geometry":{"type":"Polygon","coordinates":[[[-94.043,33.2712],[-94.043,33.0192],[-93.8146,33.0194],[-93.8049,33.0193],[-93.8501,33.1453],[-93.7502,33.1839],[-93.6655,33.327],[-93.7333,33.4209],[-93.7229,33.482],[-93.8259,33.6099],[-93.9515,33.5493],[-94.0435,33.5523],[-94.043,33.2712]]]},"properties":{"NAME":"Miller","STATE":"05"}},
{"type":"Feature","geometry":{"type":"Polygon","coordinates":[[[-90,35.5481],[-90,35.9987],[-90.2889,35.9964],[-90.2867,35.6999],[-90.2869,35.4386],[-90.1524,35.4368],[-90.034,35.4688],[-90,35.5481]]]},"properties":{"NAME":"Mississippi","STATE":"05"}},
{"type":"Feature","geometry":{"type":"Polygon","coordinates":[[[-93.3656,33.4445],[-93.1164,33.4529],[-93.1043,33.777],[-93.2906,33.8451],[-93.3734,33.9571],[-93.4567,33.9568],[-93.4831,33.4761],[-93.3656,33.4445]]]},"properties":{"NAME":"Nevada","STATE":"05"}},
{"type":"Feature","geometry":{"type":"Polygon","coordinates":[[[-92.5672,33.3672],[-92.7051,33.4312],[-92.7767,33.5376],[-92.7357,33.6243],[-92.6479,33.6638],[-92.5831,33.8022],[-92.8935,33.8099],[-93.1043,33.777],[-93.1164,33.4529],[-93.119,33.3803],[-92.9785,33.3773],[-92.6602,33.3556],[-92.5672,33.3672]]]},"properties":{"NAME":"Ouachita","STATE":"05"}},
{"type":"Feature","geometry":{"type":"Polygon","coordinates":[[[-94.4611,34.5075],[-94.4703,34.1899],[-94.2437,34.1925],[-94.2547,34.3555],[-93.9354,34.3501],[-93.9305,34.6656],[-94.0182,34.6925],[-94.3177,34.6974],[-94.4546,34.729],[-94.4611,34.5075]]]},"properties":{"NAME":"Polk","STATE":"05"}},
{"type":"Feature","geometry":{"type":"Polygon","coordinates":[[[-92.8961,35.1707],[-92.855,35.1728],[-92.8506,35.463],[-92.8134,35.549],[-92.8098,35.7224],[-92.9513,35.7247],[-93.1645,35.7288],[-93.1678,35.5977],[-93.2236,35.4686],[-93.2959,35.4699],[-93.299,35.3274],[-93.2783,35.3174],[-93.1561,35.2353],[-93.0847,35.1274],[-92.8961,35.1707]]]},"properties":{"NAME":"Pope","STATE":"05"}},
{"type":"Feature","geometry":{"type":"Polygon","coordinates":[[[-91.4071,36.4971],[-91.3087,36.4204],[-91.2589,36.2579],[-91.0827,36.1509],[-90.8098,36.1496],[-90.8066,36.2669],[-90.7518,36.28],[-90.7486,36.4128],[-90.7844,36.4985],[-91.1265,36.4977],[-91.4071,36.4971]]]},"properties":{"NAME":"Randolph","STATE":"05"}},
{"type":"Feature","geometry":{"type":"Polygon","coordinates":[[[-94.4773,33.9409],[-94.2374,33.8021],[-94.0408,33.782],[-93.9588,33.751],[-94.0701,33.927],[-94.0901,34.1871],[-94.2437,34.1925],[-94.4703,34.1899],[-94.4773,33.9409]]]},"properties":{"NAME":"Sevier","STATE":"05"}},
{"type":"Feature","geometry":{"type":"Polygon","coordinates":[[[-92.1954,36.1328],[-92.1976,36.0593],[-92.305,36.0611],[-92.3072,35.974],[-92.4143,35.9759],[-92.4167,35.7886],[-92.4184,35.716],[-92.2405,35.7122],[-91.8372,35.7049],[-91.8494,35.8674],[-91.953,35.9316],[-92.1086,35.9313],[-92.0636,36.0244],[-92.1954,36.1328]]]},"properties":{"NAME":"Stone","STATE":"05"}},
{"type":"Feature","geometry":{"type":"Polygon","coordinates":[[[-112,37.0012],[-112,34.9751],[-111.7778,34.9813],[-111.7779,34.8033],[-111.5521,34.8025],[-111.5551,34.4722],[-111.5024,34.4981],[-111.3972,34.4261],[-111.2509,34.4533],[-111.1471,34.3752],[-111.0967,34.3964],[-110.8481,34.2672],[-110.7507,34.2633],[-110.7507,35.5],[-110.7507,36.4099],[-110.7507,37.0032],[-111.4128,37.0015],[-112,37.0012]]]},"properties":{"NAME":"Coconino","STATE":"04"}},
{"type":"Feature","geometry":{"type":"Polygon","coordinates":[[[-110.449,33.1945],[-110.4512,32.5138],[-110.4515,32.4274],[-109.114,32.4262],[-109.2261,32.5291],[-109.2138,32.6807],[-109.4957,33.0784],[-109.4954,33.6527],[-109.7998,33.4883],[-109.8918,33.5678],[-110.0006,33.5769],[-110.0006,33.4659],[-110.3409,33.4271],[-110.4415,33.3817],[-110.449,33.1945]]]},"properties":{"NAME":"Graham","STATE":"04"}},
{"type":"Feature","geometry":{"type":"Polygon","coordinates":[[[-109.0471,32.7776],[-109.0472,33.209],[-109.0466,33.7782],[-109.3481,33.7775],[-109.4954,33.6527],[-109.4957,33.0784],[-109.2138,32.6807],[-109.2261,32.5291],[-109.114,32.4262],[-109.0479,32.4264],[-109.0471,32.7776]]]},"properties":{"NAME":"Greenlee","STATE":"04"}},
{"type":"Feature","geometry":{"type":"Polygon","coordinates":[[[-109.8918,33.5678],[-109.8593,33.7777],[-109.8482,34.4734],[-109.8652,34.5597],[-109.8446,34.8226],[-109.8438,35.5179],[-109.8269,35.6625],[-110.0007,35.6627],[-109.9992,36.6959],[-110.0007,36.998],[-110.7507,37.0032],[-110.7507,36.4099],[-110.7507,35.5],[-110.7507,34.2633],[-110.7507,34],[-110.0007,34],[-110.0006,33.5769],[-109.8918,33.5678]]]},"properties":{"NAME":"Navajo","STATE":"04"}},
{"type":"Feature","geometry":{"type":"Polygon","coordinates":[[[-112,33.2047],[-112,32.5068],[-111.2706,32.5014],[-110.4512,32.5138],[-110.449,33.1945],[-110.678,33.1112],[-110.7808,32.9837],[-110.9467,33.2501],[-111.0399,33.4661],[-111.5806,33.4659],[-111.583,33.2055],[-112,33.2047]]]},"properties":{"NAME":"Pinal","STATE":"04"}},
{"type":"Feature","geometry":{"type":"Polygon","coordinates":[[[-110.4517,31.7313],[-111.1642,31.726],[-111.1637,31.5218],[-111.3666,31.5],[-110.4566,31.5],[-110.4517,31.7313]]]},"properties":{"NAME":"Santa Cruz","STATE":"04"}},
{"type":"Feature","geometry":{"type":"Polygon","coordinates":[[[-91.4604,33.0062],[-91.4574,33.389],[-91.9902,33.3982],[-91.9773,33.302],[-92.1285,33.2088],[-92.1375,33.163],[-92.0691,33.0082],[-91.4604,33.0062]]]},"properties":{"NAME":"Ashley","STATE":"05"}},
{"type":"Feature","geometry":{"type":"Polygon","coordinates":[[[-92.3504,33.2989],[-92.3745,33.3787],[-92.3111,33.4998],[-92.3308,33.7078],[-92.3342,33.7951],[-92.5831,33.8022],[-92.6479,33.6638],[-92.7357,33.6243],[-92.7767,33.5376],[-92.7051,33.4312],[-92.5672,33.3672],[-92.4454,33.2749],[-92.3504,33.2989]]]},"properties":{"NAME":"Calhoun","STATE":"05"}},
{"type":"Feature","geometry":{"type":"Polygon","coordinates":[[[-90.1521,41.9289],[-90,41.9294],[-90,42.1958],[-90.3163,42.1936],[-90.1622,42.1149],[-90.1542,42.0331],[-90.1521,41.9289]]]},"properties":{"NAME":"Carroll","STATE":"17"}},
{"type":"Feature","geometry":{"type":"Polygon","coordinates":[[[-94.2416,41.1571],[-94.2416,41.5037],[-94.7006,41.5041],[-94.7006,41.1581],[-94.4706,41.1576],[-94.2416,41.1571]]]},"properties":{"NAME":"Adair","STATE":"19"}},
{"type":"Feature","geometry":{"type":"Polygon","coordinates":[[[-90,40.3955],[-90,40.7123],[-90.4443,40.7147],[-90.4455,40.6278],[-90.4502,40.2763],[-90.4515,40.1889],[-90.1996,40.1839],[-90.119,40.2353],[-90,40.3955]]]},"properties":{"NAME":"Fulton","STATE":"17"}},
{"type":"Feature","geometry":{"type":"Polygon","coordinates":[[[-111.0442,43.0201],[-111.5896,43.0201],[-112,43.0221],[-112,42.7138],[-111.9694,42.718],[-111.8756,42.4163],[-111.5986,42.4158],[-111.6349,42.5701],[-111.3648,42.5905],[-111.2347,42.4784],[-111.0462,42.5131],[-111.0442,43.0201]]]},"properties":{"NAME":"Caribou","STATE":"16"}},
{"type":"Feature","geometry":{"type":"Polygon","coordinates":[[[-112,44.5475],[-112,44.1441],[-111.858,44.1878],[-111.8524,44.3169],[-111.7916,44.4015],[-111.6178,44.4016],[-111.6175,44.553],[-111.8065,44.5155],[-111.8705,44.564],[-112,44.5475]]]},"properties":{"NAME":"Clark","STATE":"16"}},
{"type":"Feature","geometry":{"type":"Polygon","coordinates":[[[-111.5073,41.9995],[-111.5944,42.0935],[-111.6262,42.2086],[-111.5522,42.3515],[-111.5986,42.4158],[-111.8756,42.4163],[-111.8972,42.2566],[-112,42.2695],[-112,41.9979],[-111.5073,41.9995]]]},"properties":{"NAME":"Franklin","STATE":"16"}},
{"type":"Feature","geometry":{"type":"Polygon","coordinates":[[[-111.049,44.4741],[-111.1066,44.4863],[-111.2192,44.6226],[-111.3777,44.7517],[-111.4815,44.7092],[-111.5258,44.6049],[-111.6175,44.553],[-111.6178,44.4016],[-111.7916,44.4015],[-111.8524,44.3169],[-111.858,44.1878],[-112,44.1441],[-112,43.971],[-111.9768,43.9274],[-111.8378,43.8983],[-111.5588,43.8833],[-111.3989,43.9231],[-111.1871,43.9322],[-111.0481,43.9831],[-111.049,44.4741]]]},"properties":{"NAME":"Fremont","STATE":"16"}},
{"type":"Feature","geometry":{"type":"Polygon","coordinates":[[[-111.3989,43.9231],[-111.5588,43.8833],[-111.8378,43.8983],[-111.9768,43.9274],[-111.9328,43.7668],[-111.6264,43.6267],[-111.3999,43.622],[-111.3989,43.9231]]]},"properties":{"NAME":"Madison","STATE":"16"}},
{"type":"Feature","geometry":{"type":"Polygon","coordinates":[[[-94.608,38.8472],[-94.6074,39.0441],[-94.8724,39.0591],[-94.9088,38.9914],[-95.0563,38.9821],[-95.0564,38.7386],[-94.6095,38.7381],[-94.608,38.8472]]]},"properties":{"NAME":"Johnson","STATE":"20"}},
{"type":"Feature","geometry":{"type":"Polygon","coordinates":[[[-99.5432,37.3811],[-99.0115,37.3843],[-99.0126,37.4704],[-99.0135,37.733],[-99.5596,37.7349],[-99.5561,37.4677],[-99.5432,37.3811]]]},"properties":{"NAME":"Kiowa","STATE":"20"}},
{"type":"Feature","geometry":{"type":"Polygon","coordinates":[[[-95.4076,36.9992],[-95.0735,36.9995],[-95.0752,37.3399],[-95.0882,37.3838],[-95.5211,37.384],[-95.5224,36.9993],[-95.4076,36.9992]]]},"properties":{"NAME":"Labette","STATE":"20"}},
{"type":"Feature","geometry":{"type":"Polygon","coordinates":[[[-94.9691,39.4189],[-95.1809,39.4192],[-95.1871,39.0441],[-95.1641,38.9816],[-95.0563,38.9821],[-94.9088,38.9914],[-94.9002,39.2029],[-94.7939,39.2013],[-94.901,39.3017],[-94.9691,39.4189]]]},"properties":{"NAME":"Leavenworth","STATE":"20"}},
{"type":"Feature","geometry":{"type":"Polygon","coordinates":[[[-100.8119,39.1334],[-101.3917,39.1351],[-101.4782,39.1348],[-101.4844,38.7002],[-101.1284,38.7006],[-100.8187,38.6999],[-100.8119,39.1334]]]},"properties":{"NAME":"Logan","STATE":"20"}},
{"type":"Feature","geometry":{"type":"Polygon","coordinates":[[[-97.9221,38.1737],[-97.7018,38.1738],[-97.3717,38.1737],[-97.3719,38.6094],[-97.9248,38.6099],[-97.9243,38.5228],[-97.9221,38.1737]]]},"properties":{"NAME":"McPherson","STATE":"20"}},
{"type":"Feature","geometry":{"type":"Polygon","coordinates":[[[-100.0895,37.0021],[-100.0915,37.3869],[-100.1072,37.4748],[-100.2162,37.4752],[-100.6526,37.4748],[-100.6527,37.3876],[-100.6333,36.9999],[-100.0895,37.0021]]]},"properties":{"NAME":"Meade","STATE":"20"}},
{"type":"Feature","geometry":{"type":"Polygon","coordinates":[[[-95.5224,36.9993],[-95.5211,37.384],[-95.5256,37.384],[-95.9616,37.3866],[-95.9644,37.2992],[-95.9643,36.9991],[-95.7868,36.9993],[-95.5224,36.9993]]]},"properties":{"NAME":"Montgomery","STATE":"20"}},
{"type":"Feature","geometry":{"type":"Polygon","coordinates":[[[-96.2392,40.0007],[-96.239,39.5662],[-96.036,39.5661],[-95.7891,39.5659],[-95.7889,39.653],[-95.7881,40.0005],[-96.0107,40.0006],[-96.2392,40.0007]]]},"properties":{"NAME":"Nemaha","STATE":"20"}},
{"type":"Feature","geometry":{"type":"Polygon","coordinates":[[[-99.0375,39.1331],[-98.49,39.1327],[-98.4901,39.2198],[-98.4874,39.5675],[-98.5053,39.5676],[-99.0444,39.568],[-99.0477,39.133],[-99.0375,39.1331]]]},"properties":{"NAME":"Osborne","STATE":"20"}},
{"type":"Feature","geometry":{"type":"Polygon","coordinates":[[[-97.9291,39.3064],[-97.9297,39.2193],[-97.9286,38.9584],[-97.3716,38.9579],[-97.3712,39.132],[-97.3698,39.306],[-97.9291,39.3064]]]},"properties":{"NAME":"Ottawa","STATE":"20"}},
{"type":"Feature","geometry":{"type":"Polygon","coordinates":[[[-97.8215,40.002],[-97.9318,40.002],[-97.9315,39.6538],[-97.3687,39.654],[-97.3692,40.0021],[-97.8215,40.002]]]},"properties":{"NAME":"Republic","STATE":"20"}},
{"type":"Feature","geometry":{"type":"Polygon","coordinates":[[[-99.5851,38.6965],[-99.5848,38.3494],[-99.0324,38.3483],[-99.033,38.6968],[-99.0426,38.6968],[-99.5851,38.6965]]]},"properties":{"NAME":"Rush","STATE":"20"}},
{"type":"Feature","geometry":{"type":"Polygon","coordinates":[[[-99.033,38.6968],[-98.4861,38.6969],[-98.4849,38.8708],[-98.49,39.1327],[-99.0375,39.1331],[-99.0426,38.6968],[-99.033,38.6968]]]},"properties":{"NAME":"Russell","STATE":"20"}},
{"type":"Feature","geometry":{"type":"Polygon","coordinates":[[[-101.1254,38.2645],[-101.1033,38.2646],[-100.6878,38.2642],[-100.688,38.7],[-100.8187,38.6999],[-101.1284,38.7006],[-101.1254,38.2645]]]},"properties":{"NAME":"Scott","STATE":"20"}},
{"type":"Feature","geometry":{"type":"Polygon","coordinates":[[[-95.5003,39.0567],[-95.5968,39.0647],[-95.5895,39.2161],[-96.0356,39.2165],[-96.0391,39.1265],[-95.9468,39.0987],[-95.9466,38.87],[-95.5007,38.8698],[-95.5003,39.0567]]]},"properties":{"NAME":"Shawnee","STATE":"20"}},
{"type":"Feature","geometry":{"type":"Polygon","coordinates":[[[-92.4151,32.5828],[-92.415,32.6701],[-92.5184,32.6707],[-92.5713,32.7486],[-92.7254,32.7595],[-92.8285,32.7588],[-92.8808,32.5853],[-92.8793,32.4541],[-92.7772,32.4535],[-92.6223,32.4964],[-92.4153,32.4955],[-92.4151,32.5828]]]},"properties":{"NAME":"Lincoln","STATE":"22"}},
{"type":"Feature","geometry":{"type":"Polygon","coordinates":[[[-93.4412,31.8452],[-93.4417,31.7145],[-93.339,31.7143],[-93.3375,31.5381],[-93.2365,31.5],[-92.7418,31.5],[-92.719,31.5176],[-92.8062,31.5985],[-92.9083,31.6252],[-92.9735,31.7089],[-92.9668,31.7813],[-92.8722,31.9459],[-92.9391,32.1479],[-93.1872,32.1484],[-93.1227,31.9727],[-93.2385,31.9728],[-93.3555,31.9322],[-93.4412,31.8452]]]},"properties":{"NAME":"Natchitoches","STATE":"22"}},
{"type":"Feature","geometry":{"type":"Polygon","coordinates":[[[-92.7418,31.5],[-92.7151,31.5],[-92.719,31.5176],[-92.7418,31.5]]]},"properties":{"NAME":"Rapides","STATE":"22"}},
{"type":"Feature","geometry":{"type":"Polygon","coordinates":[[[-93.6147,32.2375],[-93.536,32.1931],[-93.5414,32.1059],[-93.4415,31.9892],[-93.3555,31.9322],[-93.2385,31.9728],[-93.1227,31.9727],[-93.1872,32.1484],[-93.214,32.2361],[-93.4282,32.2359],[-93.4712,32.2372],[-93.6147,32.2375]]]},"properties":{"NAME":"Red River","STATE":"22"}},
{"type":"Feature","geometry":{"type":"Polygon","coordinates":[[[-93.8349,31.5862],[-93.7475,31.5],[-93.2365,31.5],[-93.3375,31.5381],[-93.339,31.7143],[-93.4417,31.7145],[-93.4412,31.8452],[-93.8782,31.8443],[-93.8125,31.7152],[-93.8349,31.5862]]]},"properties":{"NAME":"Sabine","STATE":"22"}},
{"type":"Feature","geometry":{"type":"Polygon","coordinates":[[[-93.5569,40.5802],[-93.5565,40.8983],[-94.0148,40.897],[-94.0155,40.5739],[-93.7743,40.5776],[-93.5569,40.5802]]]},"properties":{"NAME":"Decatur","STATE":"19"}},
{"type":"Feature","geometry":{"type":"Polygon","coordinates":[[[-90.897,42.6744],[-91.1328,42.6458],[-91.1301,42.2958],[-90.898,42.2952],[-90.6656,42.2947],[-90.665,42.3822],[-90.4748,42.3815],[-90.654,42.4785],[-90.6409,42.5083],[-90.7202,42.6408],[-90.897,42.6744]]]},"properties":{"NAME":"Dubuque","STATE":"19"}},
{"type":"Feature","geometry":{"type":"Polygon","coordinates":[[[-93.4986,42.9085],[-93.4995,42.5577],[-93.027,42.5568],[-93.0251,42.9075],[-93.4986,42.9085]]]},"properties":{"NAME":"Franklin","STATE":"19"}},
{"type":"Feature","geometry":{"type":"Polygon","coordinates":[[[-92.5335,42.297],[-92.5543,42.5559],[-93.027,42.5568],[-93.0029,42.4706],[-93.0017,42.2093],[-92.7675,42.2101],[-92.7681,42.2967],[-92.5335,42.297]]]},"properties":{"NAME":"Grundy","STATE":"19"}},
{"type":"Feature","geometry":{"type":"Polygon","coordinates":[[[-94.7006,41.5041],[-94.2416,41.5037],[-94.2801,41.6013],[-94.2803,41.863],[-94.6287,41.8628],[-94.7449,41.8624],[-94.7442,41.6022],[-94.7006,41.5041]]]},"properties":{"NAME":"Guthrie","STATE":"19"}},
{"type":"Feature","geometry":{"type":"Polygon","coordinates":[[[-92.5531,43.5003],[-92.5544,43.2128],[-92.081,43.2129],[-92.0798,43.5006],[-92.4489,43.5004],[-92.5531,43.5003]]]},"properties":{"NAME":"Howard","STATE":"19"}},
{"type":"Feature","geometry":{"type":"Polygon","coordinates":[[[-95.3235,42.2109],[-95.3224,42.4747],[-95.388,42.5617],[-95.7416,42.5613],[-95.6693,42.4746],[-95.6708,42.2114],[-95.3235,42.2109]]]},"properties":{"NAME":"Ida","STATE":"19"}},
{"type":"Feature","geometry":{"type":"Polygon","coordinates":[[[-91.9456,41.1636],[-92.18,41.1627],[-92.1791,40.8997],[-91.7183,40.9008],[-91.7159,41.1628],[-91.9456,41.1636]]]},"properties":{"NAME":"Jefferson","STATE":"19"}},
{"type":"Feature","geometry":{"type":"Polygon","coordinates":[[[-91.8292,41.5115],[-91.5225,41.511],[-91.484,41.4238],[-91.3685,41.4232],[-91.3664,41.5984],[-91.3661,41.8601],[-91.8314,41.8619],[-91.8292,41.5115]]]},"properties":{"NAME":"Johnson","STATE":"19"}},
{"type":"Feature","geometry":{"type":"Polygon","coordinates":[[[-92.412,41.5095],[-92.4102,41.1619],[-92.18,41.1627],[-91.9456,41.1636],[-91.946,41.5107],[-92.2975,41.5098],[-92.412,41.5095]]]},"properties":{"NAME":"Keokuk","STATE":"19"}},
{"type":"Feature","geometry":{"type":"Polygon","coordinates":[[[-91.4093,40.8127],[-91.7188,40.8135],[-91.7168,40.5985],[-91.4845,40.3839],[-91.4194,40.3783],[-91.3639,40.4901],[-91.3599,40.6018],[-91.1854,40.6381],[-91.1123,40.6962],[-91.4093,40.8127]]]},"properties":{"NAME":"Lee","STATE":"19"}},
{"type":"Feature","geometry":{"type":"Polygon","coordinates":[[[-92.766,41.8624],[-92.7675,42.2101],[-93.0017,42.2093],[-93.2317,42.2089],[-93.2319,41.8627],[-92.766,41.8624]]]},"properties":{"NAME":"Marshall","STATE":"19"}},
{"type":"Feature","geometry":{"type":"Polygon","coordinates":[[[-95.8231,40.9009],[-95.385,40.9016],[-95.3843,41.16],[-95.8534,41.1603],[-95.8663,41.0517],[-95.8231,40.9009]]]},"properties":{"NAME":"Mills","STATE":"19"}},
{"type":"Feature","geometry":{"type":"Polygon","coordinates":[[[-92.8698,41.1611],[-93.0992,41.1609],[-93.0976,40.8985],[-92.6391,40.8989],[-92.6404,41.1613],[-92.8698,41.1611]]]},"properties":{"NAME":"Monroe","STATE":"19"}},
{"type":"Feature","geometry":{"type":"Polygon","coordinates":[[[-91.3664,41.5984],[-91.3685,41.4232],[-91.3693,41.3361],[-91.0797,41.3337],[-91.0787,41.3361],[-91.0478,41.4109],[-90.7863,41.4529],[-90.7838,41.5965],[-90.8999,41.5971],[-91.3664,41.5984]]]},"properties":{"NAME":"Muscatine","STATE":"19"}},
{"type":"Feature","geometry":{"type":"Polygon","coordinates":[[[-94.9149,40.5751],[-94.9285,40.9007],[-95.385,40.9016],[-95.3739,40.5805],[-95.2023,40.5785],[-94.9149,40.5751]]]},"properties":{"NAME":"Page","STATE":"19"}},
{"type":"Feature","geometry":{"type":"Polygon","coordinates":[[[-101.3891,39.5684],[-101.4139,39.5684],[-102.0498,39.5682],[-102.0472,39.1331],[-101.4782,39.1348],[-101.3917,39.1351],[-101.3891,39.5684]]]},"properties":{"NAME":"Sherman","STATE":"20"}},
{"type":"Feature","geometry":{"type":"Polygon","coordinates":[[[-93.3286,41.5078],[-93.3487,41.601],[-93.3479,41.8631],[-93.698,41.8634],[-93.8155,41.8634],[-93.8143,41.6004],[-93.7906,41.5119],[-93.4123,41.5055],[-93.3284,41.4909],[-93.3286,41.5078]]]},"properties":{"NAME":"Polk","STATE":"19"}},
{"type":"Feature","geometry":{"type":"Polygon","coordinates":[[[-95.8534,41.1603],[-95.3843,41.16],[-95.1559,41.1592],[-95.1547,41.5052],[-95.498,41.5061],[-95.9813,41.5068],[-95.9383,41.3922],[-95.9025,41.2734],[-95.9232,41.191],[-95.8534,41.1603]]]},"properties":{"NAME":"Pottawattamie","STATE":"19"}},
{"type":"Feature","geometry":{"type":"Polygon","coordinates":[[[-94.0155,40.5739],[-94.0148,40.897],[-94.4708,40.8995],[-94.4712,40.5708],[-94.2322,40.5719],[-94.0155,40.5739]]]},"properties":{"NAME":"Ringgold","STATE":"19"}},
{"type":"Feature","geometry":{"type":"Polygon","coordinates":[[[-90.8984,41.7714],[-90.8999,41.5971],[-90.7838,41.5965],[-90.7863,41.4529],[-90.6558,41.4621],[-90.4614,41.5235],[-90.3416,41.6215],[-90.317,41.7291],[-90.4736,41.7735],[-90.8984,41.7714]]]},"properties":{"NAME":"Scott","STATE":"19"}},
{"type":"Feature","geometry":{"type":"Polygon","coordinates":[[[-92.2982,41.8628],[-92.2988,42.2975],[-92.5335,42.297],[-92.7681,42.2967],[-92.7675,42.2101],[-92.766,41.8624],[-92.2982,41.8628]]]},"properties":{"NAME":"Tama","STATE":"19"}},
{"type":"Feature","geometry":{"type":"Polygon","coordinates":[[[-91.7168,40.5985],[-91.7188,40.8135],[-91.7183,40.9008],[-92.1791,40.8997],[-92.1798,40.6005],[-91.9431,40.6059],[-91.7168,40.5985]]]},"properties":{"NAME":"Van Buren","STATE":"19"}},
{"type":"Feature","geometry":{"type":"Polygon","coordinates":[[[-91.4857,41.1624],[-91.484,41.4238],[-91.5225,41.511],[-91.8292,41.5115],[-91.946,41.5107],[-91.9456,41.1636],[-91.7159,41.1628],[-91.4857,41.1624]]]},"properties":{"NAME":"Washington","STATE":"19"}},
{"type":"Feature","geometry":{"type":"Polygon","coordinates":[[[-93.9708,43.4996],[-93.9704,43.2554],[-93.4976,43.2555],[-93.4973,43.4995],[-93.6485,43.4996],[-93.9708,43.4996]]]},"properties":{"NAME":"Winnebago","STATE":"19"}},
{"type":"Feature","geometry":{"type":"Polygon","coordinates":[[[-96.3567,42.2151],[-95.6708,42.2114],[-95.6693,42.4746],[-95.7416,42.5613],[-95.8599,42.5606],[-96.4797,42.5612],[-96.4434,42.4895],[-96.3807,42.4464],[-96.4178,42.3514],[-96.3488,42.282],[-96.3567,42.2151]]]},"properties":{"NAME":"Woodbury","STATE":"19"}},
{"type":"Feature","geometry":{"type":"Polygon","coordinates":[[[-95.519,38.0382],[-95.0779,38.0377],[-95.0658,38.3899],[-95.5083,38.3903],[-95.519,38.0382]]]},"properties":{"NAME":"Anderson","STATE":"20"}},
{"type":"Feature","geometry":{"type":"Polygon","coordinates":[[[-98.4861,38.6969],[-99.033,38.6968],[-99.0324,38.3483],[-99.0323,38.2612],[-98.9126,38.2611],[-98.4798,38.2608],[-98.4804,38.5218],[-98.4861,38.6969]]]},"properties":{"NAME":"Barton","STATE":"20"}},
{"type":"Feature","geometry":{"type":"Polygon","coordinates":[[[-96.3538,38.5217],[-96.8197,38.5225],[-96.8408,38.0856],[-96.5228,38.0864],[-96.3581,38.0858],[-96.3573,38.1727],[-96.3538,38.5217]]]},"properties":{"NAME":"Chase","STATE":"20"}},
{"type":"Feature","geometry":{"type":"Polygon","coordinates":[[[-95.9643,36.9991],[-95.9644,37.2992],[-96.5249,37.3027],[-96.5255,36.9991],[-96.0008,36.9989],[-95.9643,36.9991]]]},"properties":{"NAME":"Chautauqua","STATE":"20"}},
{"type":"Feature","geometry":{"type":"Polygon","coordinates":[[[-96.0786,44.1966],[-96.0929,44.6305],[-96.4518,44.6314],[-96.452,44.5436],[-96.4528,44.1968],[-96.0786,44.1966]]]},"properties":{"NAME":"Lincoln","STATE":"27"}},
{"type":"Feature","geometry":{"type":"Polygon","coordinates":[[[-94.8546,43.5006],[-94.4428,43.5006],[-94.248,43.5003],[-94.2471,43.8479],[-94.369,43.848],[-94.8544,43.8481],[-94.8546,43.5006]]]},"properties":{"NAME":"Martin","STATE":"27"}},
{"type":"Feature","geometry":{"type":"Polygon","coordinates":[[[-93.0243,43.4996],[-92.5531,43.5003],[-92.4489,43.5004],[-92.449,43.8341],[-92.6894,43.8486],[-93.046,43.8485],[-93.0495,43.8484],[-93.0492,43.4996],[-93.0243,43.4996]]]},"properties":{"NAME":"Mower","STATE":"27"}},
{"type":"Feature","geometry":{"type":"Polygon","coordinates":[[[-96.0523,43.8491],[-96.0532,43.5002],[-95.8609,43.5],[-95.4544,43.5006],[-95.4525,43.848],[-95.4624,43.8479],[-96.0523,43.8491]]]},"properties":{"NAME":"Nobles","STATE":"27"}},
{"type":"Feature","geometry":{"type":"Polygon","coordinates":[[[-92.449,43.8341],[-92.0793,43.8471],[-92.0795,44.107],[-92.319,44.1077],[-92.319,44.1941],[-92.5509,44.1949],[-92.6787,44.1955],[-92.6894,43.8486],[-92.449,43.8341]]]},"properties":{"NAME":"Olmsted","STATE":"27"}},
{"type":"Feature","geometry":{"type":"Polygon","coordinates":[[[-96.4533,43.8495],[-96.0646,43.849],[-96.0638,44.1964],[-96.0786,44.1966],[-96.4528,44.1968],[-96.4533,43.8495]]]},"properties":{"NAME":"Pipestone","STATE":"27"}},
{"type":"Feature","geometry":{"type":"Polygon","coordinates":[[[-94.7806,44.4567],[-94.6242,44.456],[-94.6295,44.7167],[-94.4981,44.7172],[-94.5024,44.8923],[-94.7582,44.8921],[-95.2485,44.8913],[-95.4829,44.8907],[-95.4828,44.7525],[-95.3602,44.6985],[-95.1327,44.5964],[-94.8658,44.4982],[-94.7806,44.4567]]]},"properties":{"NAME":"Renville","STATE":"27"}},
{"type":"Feature","geometry":{"type":"Polygon","coordinates":[[[-96.4533,43.8495],[-96.453,43.5004],[-96.0532,43.5002],[-96.0523,43.8491],[-96.0646,43.849],[-96.4533,43.8495]]]},"properties":{"NAME":"Rock","STATE":"27"}},
{"type":"Feature","geometry":{"type":"Polygon","coordinates":[[[-95.3878,43.5002],[-95.3881,43.2552],[-94.9137,43.2551],[-94.9146,43.5005],[-95.3878,43.5002]]]},"properties":{"NAME":"Dickinson","STATE":"19"}},
{"type":"Feature","geometry":{"type":"Polygon","coordinates":[[[-93.5104,45.5],[-94.1425,45.5],[-94.0473,45.4229],[-93.7566,45.2947],[-93.5794,45.2921],[-93.5217,45.2466],[-93.5122,45.2457],[-93.5101,45.4148],[-93.5104,45.5]]]},"properties":{"NAME":"Sherburne","STATE":"27"}},
{"type":"Feature","geometry":{"type":"Polygon","coordinates":[[[-94.1425,45.5],[-95.1337,45.5],[-95.1317,45.4124],[-94.7629,45.4129],[-94.7631,45.3261],[-94.3836,45.3267],[-94.2608,45.2839],[-94.0895,45.3466],[-94.0473,45.4229],[-94.1425,45.5]]]},"properties":{"NAME":"Stearns","STATE":"27"}},
{"type":"Feature","geometry":{"type":"Polygon","coordinates":[[[-95.7474,45.4123],[-95.7502,45.5],[-96.2472,45.5],[-96.2413,45.4127],[-96.117,45.412],[-95.7474,45.4123]]]},"properties":{"NAME":"Stevens","STATE":"27"}},
{"type":"Feature","geometry":{"type":"Polygon","coordinates":[[[-92.0839,44.4062],[-92.242,44.4543],[-92.4303,44.4552],[-92.4306,44.3683],[-92.5507,44.3685],[-92.5509,44.1949],[-92.319,44.1941],[-92.319,44.1077],[-92.0795,44.107],[-92.0794,44.1927],[-91.8629,44.193],[-91.9256,44.3335],[-92.0839,44.4062]]]},"properties":{"NAME":"Wabasha","STATE":"27"}},
{"type":"Feature","geometry":{"type":"Polygon","coordinates":[[[-92.7461,45.296],[-93.0194,45.2968],[-93.0205,45.1239],[-92.9846,45.1238],[-92.9842,44.8908],[-93.02,44.8907],[-93.006,44.7717],[-92.8022,44.7457],[-92.7617,44.862],[-92.7929,45.0785],[-92.7659,45.2102],[-92.7461,45.296]]]},"properties":{"NAME":"Washington","STATE":"27"}},
{"type":"Feature","geometry":{"type":"Polygon","coordinates":[[[-93.5217,45.2466],[-93.5794,45.2921],[-93.7566,45.2947],[-94.0473,45.4229],[-94.0895,45.3466],[-94.2608,45.2839],[-94.2561,44.9795],[-94.0122,44.9787],[-93.7674,44.978],[-93.7619,45.0812],[-93.5217,45.2466]]]},"properties":{"NAME":"Wright","STATE":"27"}},
{"type":"Feature","geometry":{"type":"Polygon","coordinates":[[[-91.2283,33.5599],[-91.2157,33.5294],[-90.7635,33.5294],[-90.7635,33.6162],[-90.6586,33.6163],[-90.657,33.9876],[-90.6595,34.1189],[-90.932,34.12],[-90.8874,34.0325],[-91.0891,33.9727],[-91.0368,33.9147],[-91.1399,33.7771],[-91.1268,33.7078],[-91.2283,33.5599]]]},"properties":{"NAME":"Bolivar","STATE":"28"}},
{"type":"Feature","geometry":{"type":"Polygon","coordinates":[[[-90.1746,33.3334],[-90,33.2845],[-90,33.6769],[-90.1278,33.677],[-90.1014,33.4589],[-90.1748,33.417],[-90.1746,33.3334]]]},"properties":{"NAME":"Carroll","STATE":"28"}},
{"type":"Feature","geometry":{"type":"Polygon","coordinates":[[[-90.7363,31.7861],[-90.7183,32.0484],[-90.7286,32.2251],[-90.7748,32.154],[-91.0279,32.1127],[-91.2481,31.8698],[-91.0137,31.8619],[-90.7363,31.7861]]]},"properties":{"NAME":"Claiborne","STATE":"28"}},
{"type":"Feature","geometry":{"type":"Polygon","coordinates":[[[-96.5233,42.9091],[-96.6321,42.7709],[-96.4797,42.5612],[-95.8599,42.5606],[-95.8594,42.9091],[-96.5233,42.9091]]]},"properties":{"NAME":"Plymouth","STATE":"19"}},
{"type":"Feature","geometry":{"type":"Polygon","coordinates":[[[-90.3316,33.3028],[-90.3303,33.1378],[-90.4317,33.0969],[-90.364,33.0106],[-90,32.8908],[-90,33.2845],[-90.1746,33.3334],[-90.3215,33.3751],[-90.3316,33.3028]]]},"properties":{"NAME":"Holmes","STATE":"28"}},
{"type":"Feature","geometry":{"type":"Polygon","coordinates":[[[-90.4532,33.3295],[-90.5552,33.2705],[-90.7163,33.27],[-90.6803,33.202],[-90.7018,33.0963],[-90.658,33.0965],[-90.6566,32.9225],[-90.4499,32.9233],[-90.4493,33.009],[-90.364,33.0106],[-90.4317,33.0969],[-90.3303,33.1378],[-90.3316,33.3028],[-90.4532,33.3295]]]},"properties":{"NAME":"Humphreys","STATE":"28"}},
{"type":"Feature","geometry":{"type":"Polygon","coordinates":[[[-99.257,42.8043],[-99.5375,42.7176],[-99.6777,42.7309],[-99.6624,42.086],[-99.2346,42.088],[-99.2458,42.7825],[-99.257,42.8043]]]},"properties":{"NAME":"Rock","STATE":"31"}},
{"type":"Feature","geometry":{"type":"Polygon","coordinates":[[[-96.9135,40.6979],[-97.3684,40.6986],[-97.3687,40.3504],[-96.9151,40.3497],[-96.9126,40.5236],[-96.9135,40.6979]]]},"properties":{"NAME":"Saline","STATE":"31"}},
{"type":"Feature","geometry":{"type":"Polygon","coordinates":[[[-96.9059,41.4534],[-96.9085,41.0461],[-96.4639,41.0451],[-96.4639,41.0161],[-96.3192,41.045],[-96.3274,41.19],[-96.3506,41.2652],[-96.4707,41.3932],[-96.5704,41.4334],[-96.9059,41.4534]]]},"properties":{"NAME":"Saunders","STATE":"31"}},
{"type":"Feature","geometry":{"type":"Polygon","coordinates":[[[-102.7921,43],[-102.7734,42.7853],[-102.7734,42.4399],[-102.7494,42.4399],[-102.7423,42.0924],[-102.6978,42.0048],[-102.6776,42.0053],[-102.0666,42.0092],[-102.0062,42.0963],[-102.0403,42.0967],[-102.0382,42.4433],[-102.0667,42.4435],[-102.0825,42.9994],[-102.7921,43]]]},"properties":{"NAME":"Sheridan","STATE":"31"}},
{"type":"Feature","geometry":{"type":"Polygon","coordinates":[[[-97.8215,40.002],[-97.3692,40.0021],[-97.3687,40.3504],[-97.8208,40.3505],[-97.8215,40.002]]]},"properties":{"NAME":"Thayer","STATE":"31"}},
{"type":"Feature","geometry":{"type":"Polygon","coordinates":[[[-96.8225,42.2643],[-96.8237,42.0904],[-96.5555,42.09],[-96.5549,42.0159],[-96.3096,42.0152],[-96.2729,42.0472],[-96.3567,42.2151],[-96.3488,42.282],[-96.7267,42.278],[-96.8225,42.2643]]]},"properties":{"NAME":"Thurston","STATE":"31"}},
{"type":"Feature","geometry":{"type":"Polygon","coordinates":[[[-98.7264,40.0022],[-98.5045,40.0023],[-98.274,40.0025],[-98.2736,40.3504],[-98.2781,40.3503],[-98.7239,40.3504],[-98.7268,40.3504],[-98.7264,40.0022]]]},"properties":{"NAME":"Webster","STATE":"31"}},
{"type":"Feature","geometry":{"type":"Polygon","coordinates":[[[-98.1043,36.5936],[-98.112,36.9981],[-98.3471,36.998],[-98.5447,36.999],[-98.5336,36.4632],[-98.1044,36.4631],[-98.1043,36.5936]]]},"properties":{"NAME":"Alfalfa","STATE":"40"}},
{"type":"Feature","geometry":{"type":"Polygon","coordinates":[[[-98.6369,36.1649],[-98.632,35.8124],[-98.6231,35.5516],[-98.3133,35.5515],[-98.3134,35.7252],[-98.2071,35.7251],[-98.2105,36.1649],[-98.6369,36.1649]]]},"properties":{"NAME":"Blaine","STATE":"40"}},
{"type":"Feature","geometry":{"type":"Polygon","coordinates":[[[-95.8463,33.8411],[-95.7572,33.8673],[-95.8369,33.8734],[-95.9379,33.9482],[-95.9381,34.1251],[-95.9916,34.1568],[-96.4076,34.1573],[-96.4538,34.1144],[-96.5854,34.1145],[-96.548,34.0633],[-96.6135,33.8783],[-96.6129,33.8339],[-96.3785,33.7266],[-96.1701,33.7692],[-96.1481,33.8378],[-95.9499,33.8575],[-95.8463,33.8411]]]},"properties":{"NAME":"Bryan","STATE":"40"}},
{"type":"Feature","geometry":{"type":"Polygon","coordinates":[[[-97.6714,35.3772],[-97.674,35.726],[-98.2071,35.7251],[-98.3134,35.7252],[-98.3133,35.5515],[-98.3063,35.3772],[-98.096,35.3778],[-97.7373,35.3238],[-97.6716,35.3359],[-97.6715,35.3375],[-97.6714,35.3772]]]},"properties":{"NAME":"Canadian","STATE":"40"}},
{"type":"Feature","geometry":{"type":"Polygon","coordinates":[[[-102.1625,36.5003],[-102.0323,36.5001],[-102.0282,36.9931],[-102.0422,36.9931],[-103.0022,37.0001],[-103.0024,36.5004],[-102.1625,36.5003]]]},"properties":{"NAME":"Cimarron","STATE":"40"}},
{"type":"Feature","geometry":{"type":"Polygon","coordinates":[[[-96.092,34.6806],[-96.092,34.7675],[-96.4065,34.7676],[-96.4064,34.68],[-96.5122,34.6801],[-96.5139,34.5054],[-96.5138,34.4196],[-96.4073,34.4184],[-96.1451,34.4187],[-96.0919,34.5062],[-96.092,34.6806]]]},"properties":{"NAME":"Coal","STATE":"40"}},
{"type":"Feature","geometry":{"type":"Polygon","coordinates":[[[-95.0076,36.9995],[-95.0735,36.9995],[-95.4076,36.9992],[-95.4317,36.9428],[-95.4316,36.5975],[-95.3284,36.5976],[-95.3282,36.5102],[-95.0057,36.5099],[-94.9994,36.6706],[-95.0076,36.9995]]]},"properties":{"NAME":"Craig","STATE":"40"}},
{"type":"Feature","geometry":{"type":"Polygon","coordinates":[[[-99.3758,35.8122],[-99.3641,35.5088],[-99.3642,35.4653],[-98.6233,35.4642],[-98.6231,35.5516],[-98.632,35.8124],[-99.3758,35.8122]]]},"properties":{"NAME":"Custer","STATE":"40"}},
{"type":"Feature","geometry":{"type":"Polygon","coordinates":[[[-100.0004,36.0557],[-100.0004,35.8809],[-99.8883,35.9878],[-99.7171,35.8598],[-99.5585,35.866],[-99.4958,35.9787],[-99.381,36.0129],[-99.3821,36.1643],[-99.5961,36.1641],[-99.6056,36.5928],[-100.0032,36.5933],[-100.0038,36.4997],[-100.0004,36.0557]]]},"properties":{"NAME":"Ellis","STATE":"40"}},
{"type":"Feature","geometry":{"type":"Polygon","coordinates":[[[-97.5623,34.507],[-97.3521,34.5068],[-97.144,34.5065],[-97.2001,34.6228],[-96.9323,34.6368],[-96.9325,34.8545],[-97.6681,34.8552],[-97.6684,34.6813],[-97.5628,34.6811],[-97.5623,34.507]]]},"properties":{"NAME":"Garvin","STATE":"40"}},
{"type":"Feature","geometry":{"type":"Polygon","coordinates":[[[-99.4093,35.1145],[-99.7827,35.1168],[-99.7829,35.0301],[-99.8886,35.0303],[-99.8884,34.9439],[-99.7311,34.9441],[-99.7201,34.7685],[-99.6668,34.7246],[-99.4232,34.725],[-99.4058,34.813],[-99.2465,34.8221],[-99.3062,34.8576],[-99.3278,35.0417],[-99.4093,35.1145]]]},"properties":{"NAME":"Greer","STATE":"40"}},
{"type":"Feature","geometry":{"type":"Polygon","coordinates":[[[-101.0415,34.3124],[-100.9461,34.3128],[-100.9449,34.7483],[-101.0907,34.7482],[-101.4716,34.7475],[-101.4716,34.3123],[-101.0415,34.3124]]]},"properties":{"NAME":"Briscoe","STATE":"48"}},
{"type":"Feature","geometry":{"type":"Polygon","coordinates":[[[-99.1187,32.0796],[-99.1959,32.0792],[-99.2024,31.5],[-98.965,31.5],[-98.78,31.6107],[-98.7601,31.6879],[-98.6684,31.7005],[-98.9244,32.078],[-99.1187,32.0796]]]},"properties":{"NAME":"Brown","STATE":"48"}},
{"type":"Feature","geometry":{"type":"Polygon","coordinates":[[[-101.0859,35.6191],[-101.0861,35.6253],[-101.6228,35.6241],[-101.6228,35.6202],[-101.6229,35.1831],[-101.0863,35.1821],[-101.0859,35.6191]]]},"properties":{"NAME":"Carson","STATE":"48"}},
{"type":"Feature","geometry":{"type":"Polygon","coordinates":[[[-94.043,33.2712],[-94.2185,33.2969],[-94.2313,33.2411],[-94.5179,33.2821],[-94.6523,33.2689],[-94.654,32.8795],[-94.0429,32.8811],[-94.043,33.0192],[-94.043,33.2712]]]},"properties":{"NAME":"Cass","STATE":"48"}},
{"type":"Feature","geometry":{"type":"Polygon","coordinates":[[[-94.8659,31.5269],[-94.952,31.6414],[-94.9672,31.7538],[-94.9375,31.8456],[-94.985,31.8462],[-94.9853,32.138],[-95.4599,32.1356],[-95.4285,32.0845],[-95.4467,31.8431],[-95.4129,31.8352],[-95.2589,31.61],[-95.2732,31.5929],[-95.1764,31.5848],[-95.121,31.5],[-94.9025,31.5],[-94.8659,31.5269]]]},"properties":{"NAME":"Cherokee","STATE":"48"}},
{"type":"Feature","geometry":{"type":"Polygon","coordinates":[[[-98.4214,33.4668],[-97.9789,33.4671],[-97.9778,33.8899],[-97.9457,33.9898],[-98.0853,34.0033],[-98.1691,34.1142],[-98.364,34.1571],[-98.4338,34.0961],[-98.4236,33.836],[-98.4214,33.4668]]]},"properties":{"NAME":"Clay","STATE":"48"}},
{"type":"Feature","geometry":{"type":"Polygon","coordinates":[[[-100.2358,31.693],[-100.2351,32.0824],[-100.6654,32.0854],[-100.8216,32.0866],[-100.8254,31.6962],[-100.2358,31.693]]]},"properties":{"NAME":"Coke","STATE":"48"}},
{"type":"Feature","geometry":{"type":"Polygon","coordinates":[[[-96.844,32.9876],[-96.5169,32.9823],[-96.2972,32.9818],[-96.2954,33.3519],[-96.3846,33.3978],[-96.834,33.4055],[-96.844,32.9876]]]},"properties":{"NAME":"Collin","STATE":"48"}},
{"type":"Feature","geometry":{"type":"Polygon","coordinates":[[[-100.0004,35.0304],[-100.0004,35.1827],[-100.539,35.1831],[-100.5407,34.7477],[-100.4159,34.7475],[-100.0004,34.7464],[-100.0004,35.0304]]]},"properties":{"NAME":"Collingsworth","STATE":"48"}},
{"type":"Feature","geometry":{"type":"Polygon","coordinates":[[[-104.0079,36.9962],[-104.732,36.9934],[-105.155,36.9953],[-105.2206,36.9952],[-105.2306,36.7238],[-105.3706,36.681],[-105.3777,36.5521],[-105.3187,36.4917],[-105.3409,36.2622],[-104.8652,36.2611],[-104.8655,36.218],[-104.4361,36.2188],[-104.0089,36.218],[-104.0079,36.9962]]]},"properties":{"NAME":"Colfax","STATE":"35"}},
{"type":"Feature","geometry":{"type":"Polygon","coordinates":[[[-111.3555,45.5],[-112,45.5],[-112,44.7831],[-111.7818,44.7811],[-111.7817,44.7088],[-111.4815,44.7092],[-111.3777,44.7517],[-111.3555,45.5]]]},"properties":{"NAME":"Madison","STATE":"30"}},
{"type":"Feature","geometry":{"type":"Polygon","coordinates":[[[-99.4742,34.3981],[-99.3567,34.4421],[-99.2114,34.3377],[-99.2207,34.4945],[-99.1031,34.6379],[-99.1491,34.7024],[-99.1473,34.8504],[-99.2465,34.8221],[-99.4058,34.813],[-99.4232,34.725],[-99.6668,34.7246],[-99.6665,34.5071],[-99.8464,34.505],[-99.695,34.3783],[-99.5801,34.4167],[-99.4742,34.3981]]]},"properties":{"NAME":"Jackson","STATE":"40"}},
{"type":"Feature","geometry":{"type":"Polygon","coordinates":[[[-96.7498,36.999],[-97.1477,36.9991],[-97.4623,36.9987],[-97.4625,36.5936],[-97.4616,36.5936],[-97.0574,36.5936],[-97.0641,36.6842],[-96.9319,36.6861],[-96.8895,36.7512],[-96.7524,36.7821],[-96.7498,36.999]]]},"properties":{"NAME":"Kay","STATE":"40"}},
{"type":"Feature","geometry":{"type":"Polygon","coordinates":[[[-97.1406,35.942],[-97.3236,36.0109],[-97.3541,36.1591],[-97.4608,36.1645],[-97.6756,36.1647],[-97.674,35.726],[-97.1411,35.7244],[-97.1406,35.942]]]},"properties":{"NAME":"Logan","STATE":"40"}},
{"type":"Feature","geometry":{"type":"Polygon","coordinates":[[[-97.4841,33.9157],[-97.4629,33.8418],[-97.3729,33.8195],[-97.2265,33.9146],[-97.1722,33.7375],[-97.0924,33.7332],[-96.9446,33.949],[-96.9345,33.9537],[-96.9696,34.071],[-97.5608,34.0711],[-97.5611,33.898],[-97.4841,33.9157]]]},"properties":{"NAME":"Love","STATE":"40"}},
{"type":"Feature","geometry":{"type":"Polygon","coordinates":[[[-95.9814,35.2899],[-95.9837,35.1516],[-95.8707,35.186],[-95.756,35.1772],[-95.5994,35.2217],[-95.4512,35.296],[-95.3446,35.2931],[-95.345,35.5522],[-95.713,35.5518],[-95.8224,35.5517],[-95.8234,35.464],[-95.8756,35.3767],[-95.9813,35.3768],[-95.9814,35.2899]]]},"properties":{"NAME":"McIntosh","STATE":"40"}},
{"type":"Feature","geometry":{"type":"Polygon","coordinates":[[[-96.9335,34.3327],[-96.881,34.333],[-96.8808,34.5061],[-96.8273,34.506],[-96.8273,34.5932],[-96.9323,34.6368],[-97.2001,34.6228],[-97.144,34.5065],[-97.3521,34.5068],[-97.3522,34.3762],[-97.0365,34.3754],[-96.9335,34.3327]]]},"properties":{"NAME":"Murray","STATE":"40"}},
{"type":"Feature","geometry":{"type":"Polygon","coordinates":[[[-95.7662,35.8564],[-95.7131,35.7258],[-95.713,35.5518],[-95.345,35.5522],[-95.3446,35.2931],[-95.2438,35.2616],[-95.1705,35.3101],[-95.0499,35.4589],[-95.1324,35.5262],[-95.1275,35.6389],[-95.1272,35.8128],[-95.2657,35.8133],[-95.6383,35.7876],[-95.6504,35.8568],[-95.7662,35.8564]]]},"properties":{"NAME":"Muskogee","STATE":"40"}},
{"type":"Feature","geometry":{"type":"Polygon","coordinates":[[[-96.6237,35.4007],[-96.5367,35.3908],[-96.4413,35.4677],[-96.4414,35.2901],[-95.9814,35.2899],[-95.9813,35.3768],[-96.0875,35.3769],[-96.0878,35.5521],[-96.1928,35.5519],[-96.1926,35.6391],[-96.6206,35.639],[-96.6249,35.4627],[-96.6237,35.4007]]]},"properties":{"NAME":"Okfuskee","STATE":"40"}},
{"type":"Feature","geometry":{"type":"Polygon","coordinates":[[[-96.1926,35.6391],[-96.1928,35.5519],[-96.0878,35.5521],[-96.0875,35.3769],[-95.9813,35.3768],[-95.8756,35.3767],[-95.8234,35.464],[-95.8224,35.5517],[-95.713,35.5518],[-95.7131,35.7258],[-95.7662,35.8564],[-95.82,35.8559],[-96.0331,35.8568],[-96.1925,35.857],[-96.1926,35.6391]]]},"properties":{"NAME":"Okmulgee","STATE":"40"}},
{"type":"Feature","geometry":{"type":"Polygon","coordinates":[[[-96.2683,36.162],[-96.4338,36.2859],[-96.5735,36.3157],[-96.5757,36.3743],[-96.7108,36.4377],[-96.7536,36.5626],[-96.9402,36.4555],[-97.0098,36.5069],[-97.0321,36.3334],[-96.9249,36.3333],[-96.9251,36.2465],[-96.819,36.2465],[-96.819,36.1589],[-96.6214,36.1599],[-96.2979,36.1623],[-96.2683,36.162]]]},"properties":{"NAME":"Pawnee","STATE":"40"}},
{"type":"Feature","geometry":{"type":"Polygon","coordinates":[[[-97.1406,35.942],[-96.6211,35.9415],[-96.6214,36.1599],[-96.819,36.1589],[-96.819,36.2465],[-96.9251,36.2465],[-97.141,36.2464],[-97.1407,36.1592],[-97.3541,36.1591],[-97.3236,36.0109],[-97.1406,35.942]]]},"properties":{"NAME":"Payne","STATE":"40"}},
{"type":"Feature","geometry":{"type":"Polygon","coordinates":[[[-96.6237,35.4007],[-96.6249,35.4627],[-97.1415,35.464],[-97.1421,35.3769],[-97.1423,34.9282],[-97.0159,34.9073],[-96.9306,34.9644],[-96.7757,34.9],[-96.7767,35.4114],[-96.6237,35.4007]]]},"properties":{"NAME":"Pottawatomie","STATE":"40"}},
{"type":"Feature","geometry":{"type":"Polygon","coordinates":[[[-106.2351,45.5],[-106.7419,45.5],[-106.768,45.1797],[-106.2797,45.1799],[-106.2795,45.3518],[-106.2351,45.5]]]},"properties":{"NAME":"Rosebud","STATE":"30"}},
{"type":"Feature","geometry":{"type":"Polygon","coordinates":[[[-110.0638,45.1721],[-110.0633,45.3488],[-109.9322,45.3486],[-109.9321,45.5],[-110.2245,45.5],[-110.2285,45.1728],[-110.0638,45.1721]]]},"properties":{"NAME":"Sweet Grass","STATE":"30"}},
{"type":"Feature","geometry":{"type":"Polygon","coordinates":[[[-102.5252,34.7469],[-103.0428,34.7474],[-103.044,34.3127],[-102.6151,34.3129],[-102.5256,34.313],[-102.5252,34.7469]]]},"properties":{"NAME":"Parmer","STATE":"48"}},
{"type":"Feature","geometry":{"type":"Polygon","coordinates":[[[-101.2676,31.5565],[-101.2671,31.6509],[-101.7758,31.6513],[-101.7759,31.5],[-101.2684,31.5],[-101.2679,31.5287],[-101.2676,31.5565]]]},"properties":{"NAME":"Reagan","STATE":"48"}},
{"type":"Feature","geometry":{"type":"Polygon","coordinates":[[[-94.7461,33.703],[-94.8693,33.7459],[-95.156,33.944],[-95.2194,33.9616],[-95.3105,33.8715],[-95.3086,33.3807],[-95.3066,33.378],[-95.1255,33.3895],[-94.8088,33.3636],[-94.7469,33.3289],[-94.7461,33.703]]]},"properties":{"NAME":"Red River","STATE":"48"}},
{"type":"Feature","geometry":{"type":"Polygon","coordinates":[[[-100.2358,31.693],[-100.2346,31.5871],[-100.1112,31.5803],[-99.7217,31.5768],[-99.714,32.0821],[-100.1519,32.0826],[-100.2351,32.0824],[-100.2358,31.693]]]},"properties":{"NAME":"Runnels","STATE":"48"}},
{"type":"Feature","geometry":{"type":"Polygon","coordinates":[[[-93.9836,31.5],[-93.7475,31.5],[-93.8349,31.5862],[-93.9845,31.5694],[-93.9836,31.5]]]},"properties":{"NAME":"Sabine","STATE":"48"}},
{"type":"Feature","geometry":{"type":"Polygon","coordinates":[[[-101.0387,32.9702],[-101.1734,32.9636],[-101.1746,32.5277],[-100.6606,32.5253],[-100.6559,32.9635],[-101.0387,32.9702]]]},"properties":{"NAME":"Scurry","STATE":"48"}},
{"type":"Feature","geometry":{"type":"Polygon","coordinates":[[[-99.096,32.5148],[-99.096,32.957],[-99.4713,32.957],[-99.612,32.957],[-99.612,32.5147],[-99.1143,32.5148],[-99.096,32.5148]]]},"properties":{"NAME":"Shackelford","STATE":"48"}},
{"type":"Feature","geometry":{"type":"Polygon","coordinates":[[[-94.5114,31.974],[-94.4524,31.8443],[-94.3991,31.6536],[-94.0907,31.6206],[-93.9845,31.5694],[-93.8349,31.5862],[-93.8125,31.7152],[-93.8782,31.8443],[-94.0156,31.9799],[-94.5114,31.974]]]},"properties":{"NAME":"Shelby","STATE":"48"}},
{"type":"Feature","geometry":{"type":"Polygon","coordinates":[[[-94.9853,32.138],[-94.9854,32.3708],[-94.9869,32.5372],[-95.1534,32.5701],[-95.3322,32.6043],[-95.473,32.6064],[-95.5945,32.687],[-95.5943,32.4799],[-95.4492,32.3552],[-95.4887,32.2325],[-95.4599,32.1356],[-94.9853,32.138]]]},"properties":{"NAME":"Smith","STATE":"48"}},
{"type":"Feature","geometry":{"type":"Polygon","coordinates":[[[-100.8216,32.0866],[-101.184,32.0872],[-101.2642,32.0871],[-101.2671,31.6509],[-101.2676,31.5565],[-100.8653,31.5623],[-100.8254,31.6962],[-100.8216,32.0866]]]},"properties":{"NAME":"Sterling","STATE":"48"}},
{"type":"Feature","geometry":{"type":"Polygon","coordinates":[[[-104.0525,41.5643],[-104.0523,41.3932],[-103.3776,41.3946],[-103.369,41.4377],[-103.3704,41.6992],[-104.0528,41.698],[-104.0525,41.5643]]]},"properties":{"NAME":"Banner","STATE":"31"}},
{"type":"Feature","geometry":{"type":"Polygon","coordinates":[[[-97.8333,41.9163],[-98.2956,41.915],[-98.2958,41.7412],[-98.2913,41.4807],[-98.0995,41.4808],[-98.0413,41.5105],[-97.8298,41.5262],[-97.8305,41.7422],[-97.8333,41.9163]]]},"properties":{"NAME":"Boone","STATE":"31"}},
{"type":"Feature","geometry":{"type":"Polygon","coordinates":[[[-103.4445,42.4374],[-103.4441,42.0907],[-103.4016,42.0035],[-103.3633,42.0029],[-102.6978,42.0048],[-102.7423,42.0924],[-102.7494,42.4399],[-102.7734,42.4399],[-103.4445,42.4374]]]},"properties":{"NAME":"Box Butte","STATE":"31"}},
{"type":"Feature","geometry":{"type":"Polygon","coordinates":[[[-98.722,41.0467],[-98.7485,41.0466],[-99.2076,41.047],[-99.426,41.0465],[-99.4173,40.6708],[-99.1792,40.6605],[-98.9061,40.6527],[-98.7244,40.6898],[-98.7214,40.6989],[-98.722,41.0467]]]},"properties":{"NAME":"Buffalo","STATE":"31"}},
{"type":"Feature","geometry":{"type":"Polygon","coordinates":[[[-95.8663,41.0517],[-96.0563,41.0654],[-96.2076,40.9956],[-96.3192,41.045],[-96.4639,41.0161],[-96.4638,40.784],[-95.8542,40.784],[-95.8231,40.9009],[-95.8663,41.0517]]]},"properties":{"NAME":"Cass","STATE":"31"}},
{"type":"Feature","geometry":{"type":"Polygon","coordinates":[[[-102.0517,40.3492],[-101.3428,40.3504],[-101.3454,40.6981],[-102.0514,40.6975],[-102.0515,40.44],[-102.0517,40.3492]]]},"properties":{"NAME":"Chase","STATE":"31"}},
{"type":"Feature","geometry":{"type":"Polygon","coordinates":[[[-103.3825,41.0019],[-102.6535,41.0023],[-102.621,41.0026],[-102.6104,41.2216],[-102.6367,41.4391],[-103.369,41.4377],[-103.3776,41.3946],[-103.3825,41.0019]]]},"properties":{"NAME":"Cheyenne","STATE":"31"}},
{"type":"Feature","geometry":{"type":"Polygon","coordinates":[[[-96.5552,41.742],[-96.5549,42.0159],[-96.5555,42.09],[-96.8237,42.0904],[-97.0194,42.0906],[-97.0199,41.743],[-96.9059,41.7428],[-96.5552,41.742]]]},"properties":{"NAME":"Cuming","STATE":"31"}},
{"type":"Feature","geometry":{"type":"Polygon","coordinates":[[[-103.0009,43.0005],[-103.5051,43.0008],[-103.4804,42.785],[-103.4801,42.4373],[-103.4445,42.4374],[-102.7734,42.4399],[-102.7734,42.7853],[-102.7921,43],[-103.0009,43.0005]]]},"properties":{"NAME":"Dawes","STATE":"31"}},
{"type":"Feature","geometry":{"type":"Polygon","coordinates":[[[-97.0157,42.7587],[-97.0178,42.3513],[-97.0177,42.2645],[-96.8225,42.2643],[-96.7267,42.278],[-96.7222,42.5247],[-96.636,42.5243],[-96.724,42.666],[-96.8066,42.7034],[-97.0157,42.7587]]]},"properties":{"NAME":"Dixon","STATE":"31"}},
{"type":"Feature","geometry":{"type":"Polygon","coordinates":[[[-102.0517,40.3492],[-102.0517,40.0031],[-101.411,40.0024],[-101.3255,40.0027],[-101.3234,40.3506],[-101.3428,40.3504],[-102.0517,40.3492]]]},"properties":{"NAME":"Dundy","STATE":"31"}},
{"type":"Feature","geometry":{"type":"Polygon","coordinates":[[[-99.2218,41.7408],[-99.212,41.7406],[-98.7591,41.7404],[-98.7612,42.0885],[-99.2227,42.0879],[-99.2218,41.7408]]]},"properties":{"NAME":"Garfield","STATE":"31"}},
{"type":"Feature","geometry":{"type":"Polygon","coordinates":[[[-101.9855,41.7423],[-101.4259,41.7431],[-101.4266,42.0922],[-102.0062,42.0963],[-102.0666,42.0092],[-102.0679,41.7421],[-101.9855,41.7423]]]},"properties":{"NAME":"Grant","STATE":"31"}},
{"type":"Feature","geometry":{"type":"Polygon","coordinates":[[[-105.313,34.3467],[-104.8918,34.347],[-104.892,34.6044],[-104.4449,34.6048],[-104.3401,34.7791],[-104.1294,34.7793],[-104.1248,35.1422],[-104.1248,35.2156],[-105.2914,35.2163],[-105.2909,35.0421],[-105.2903,34.6067],[-105.313,34.3467]]]},"properties":{"NAME":"Guadalupe","STATE":"35"}},
{"type":"Feature","geometry":{"type":"Polygon","coordinates":[[[-103.375,35.74],[-103.365,36.0864],[-103.7943,36.0858],[-103.794,36.174],[-104.009,36.1745],[-104.0089,36.218],[-104.4361,36.2188],[-104.3274,35.9606],[-104.3897,35.8576],[-104.3674,35.7814],[-104.0213,35.7815],[-103.9769,35.8017],[-103.7246,35.4222],[-103.6371,35.3897],[-103.3799,35.398],[-103.375,35.74]]]},"properties":{"NAME":"Harding","STATE":"35"}},
{"type":"Feature","geometry":{"type":"Polygon","coordinates":[[[-103.0567,33.3884],[-103.0526,33.5706],[-103.5103,33.5703],[-103.7207,33.5697],[-103.7214,33.3959],[-103.7664,33.3955],[-103.7663,32.9652],[-103.8146,32.9652],[-103.814,32.5225],[-103.7229,32.5226],[-103.7229,32.0002],[-103.3265,32.0004],[-103.0644,32.0005],[-103.0643,32.0871],[-103.0647,32.5222],[-103.0647,32.9591],[-103.0567,33.3884]]]},"properties":{"NAME":"Lea","STATE":"35"}},
{"type":"Feature","geometry":{"type":"Polygon","coordinates":[[[-105.5304,36.013],[-105.5724,35.9725],[-105.7174,35.9788],[-105.7203,35.871],[-105.3478,35.8707],[-105.0188,35.7694],[-104.3674,35.7814],[-104.3897,35.8576],[-104.3274,35.9606],[-104.4361,36.2188],[-104.8655,36.218],[-104.8652,36.2611],[-105.3409,36.2622],[-105.4097,36.2368],[-105.42,36.1317],[-105.5304,36.013]]]},"properties":{"NAME":"Mora","STATE":"35"}},
{"type":"Feature","geometry":{"type":"Polygon","coordinates":[[[-107.6242,36.2198],[-106.885,36.2166],[-106.8853,35.999],[-106.2472,36.0015],[-106.2479,35.9663],[-106.2454,35.9309],[-106.0541,35.9308],[-106.0714,36.002],[-105.7167,36.0024],[-105.7174,35.9788],[-105.5724,35.9725],[-105.5304,36.013],[-105.7359,36.1001],[-105.8569,36.2304],[-106.0584,36.297],[-105.9598,36.3544],[-105.9388,36.4624],[-105.9725,36.6481],[-105.9719,36.8862],[-106.0066,36.9953],[-106.4762,36.9935],[-106.8698,36.9924],[-107.4209,37],[-107.4514,36.904],[-107.6183,36.8047],[-107.6242,36.2198]]]},"properties":{"NAME":"Rio Arriba","STATE":"35"}},
{"type":"Feature","geometry":{"type":"Polygon","coordinates":[[[-90,35.4674],[-90,35.5481],[-90.034,35.4688],[-90.1524,35.4368],[-90.0896,35.3798],[-90,35.4674]]]},"properties":{"NAME":"Tipton","STATE":"47"}},
{"type":"Feature","geometry":{"type":"Polygon","coordinates":[[[-90.9485,41.0702],[-90.7852,41.0687],[-90.4394,41.064],[-90.4377,41.1513],[-90.4338,41.327],[-91.0787,41.3361],[-91.0797,41.3337],[-91.1136,41.2414],[-90.9897,41.1557],[-90.9494,41.0727],[-90.9485,41.0702]]]},"properties":{"NAME":"Mercer","STATE":"17"}},
{"type":"Feature","geometry":{"type":"Polygon","coordinates":[[[-98.2829,40.6983],[-98.2826,40.8723],[-98.2872,41.0464],[-98.722,41.0467],[-98.7214,40.6989],[-98.2829,40.6983]]]},"properties":{"NAME":"Hall","STATE":"31"}},
{"type":"Feature","geometry":{"type":"Polygon","coordinates":[[[-97.8263,41.0466],[-97.8282,41.1738],[-97.8925,41.1115],[-98.0194,41.0664],[-98.2826,40.8723],[-98.2829,40.6983],[-98.2781,40.6983],[-97.8257,40.6986],[-97.8263,41.0466]]]},"properties":{"NAME":"Hamilton","STATE":"31"}},
{"type":"Feature","geometry":{"type":"Polygon","coordinates":[[[-99.6305,40.3511],[-99.6283,40.0019],[-99.6253,40.0019],[-99.1791,40.002],[-99.1794,40.3507],[-99.6305,40.3511]]]},"properties":{"NAME":"Harlan","STATE":"31"}},
{"type":"Feature","geometry":{"type":"Polygon","coordinates":[[[-100.7584,40.3495],[-100.7774,40.3495],[-101.3234,40.3506],[-101.3255,40.0027],[-100.7588,40.0023],[-100.7584,40.3495]]]},"properties":{"NAME":"Hitchcock","STATE":"31"}},
{"type":"Feature","geometry":{"type":"Polygon","coordinates":[[[-98.7239,40.3504],[-98.7244,40.6898],[-98.9061,40.6527],[-99.1792,40.6605],[-99.1794,40.3507],[-98.7268,40.3504],[-98.7239,40.3504]]]},"properties":{"NAME":"Kearney","STATE":"31"}},
{"type":"Feature","geometry":{"type":"Polygon","coordinates":[[[-101.9846,41.3947],[-102.0553,41.3952],[-102.0555,41.2215],[-102.0518,41.0039],[-101.25,41.004],[-101.2704,41.0474],[-101.2697,41.3949],[-101.4073,41.3954],[-101.9846,41.3947]]]},"properties":{"NAME":"Keith","STATE":"31"}},
{"type":"Feature","geometry":{"type":"Polygon","coordinates":[[[-104.0523,41.3932],[-104.0532,41.0014],[-103.5745,41.0017],[-103.3825,41.0019],[-103.3776,41.3946],[-104.0523,41.3932]]]},"properties":{"NAME":"Kimball","STATE":"31"}},
{"type":"Feature","geometry":{"type":"Polygon","coordinates":[[[-96.9109,41.0461],[-96.9135,40.6979],[-96.9126,40.5236],[-96.4636,40.523],[-96.4638,40.784],[-96.4639,41.0161],[-96.4639,41.0451],[-96.9085,41.0461],[-96.9109,41.0461]]]},"properties":{"NAME":"Lancaster","STATE":"31"}},
{"type":"Feature","geometry":{"type":"Polygon","coordinates":[[[-99.2227,42.0879],[-99.2346,42.088],[-99.6624,42.086],[-99.687,42.0861],[-99.6868,41.7403],[-99.2218,41.7408],[-99.2227,42.0879]]]},"properties":{"NAME":"Loup","STATE":"31"}},
{"type":"Feature","geometry":{"type":"Polygon","coordinates":[[[-97.3681,41.7432],[-97.3684,42.0909],[-97.8345,42.0898],[-97.8333,41.9163],[-97.8305,41.7422],[-97.3681,41.7432]]]},"properties":{"NAME":"Madison","STATE":"31"}},
{"type":"Feature","geometry":{"type":"Polygon","coordinates":[[[-90.451,34.0729],[-90.1357,34.0729],[-90.1355,34.1601],[-90.1344,34.2652],[-90.1941,34.3014],[-90.1985,34.5111],[-90.3043,34.5096],[-90.3019,34.4245],[-90.3995,34.4238],[-90.399,34.2615],[-90.4506,34.2624],[-90.451,34.0729]]]},"properties":{"NAME":"Quitman","STATE":"28"}},
{"type":"Feature","geometry":{"type":"Polygon","coordinates":[[[-90.2303,32.0497],[-90,32.0485],[-90,32.4724],[-90.0657,32.3995],[-90.1605,32.3083],[-90.2454,32.1714],[-90.2303,32.0497]]]},"properties":{"NAME":"Rankin","STATE":"28"}},
{"type":"Feature","geometry":{"type":"Polygon","coordinates":[[[-103.0439,34.3026],[-103.74,34.3031],[-103.7382,34.6047],[-103.9488,34.6051],[-103.9459,34.0828],[-103.8416,34.0817],[-103.8419,33.8193],[-103.7168,33.8193],[-103.7183,33.6561],[-103.5097,33.6572],[-103.5103,33.5703],[-103.0526,33.5706],[-103.0473,33.8247],[-103.0439,34.3026]]]},"properties":{"NAME":"Roosevelt","STATE":"35"}},
{"type":"Feature","geometry":{"type":"Polygon","coordinates":[[[-106.2448,35.2152],[-106.2482,35.7557],[-106.4007,35.8076],[-106.3996,35.9601],[-106.2479,35.9663],[-106.2472,36.0015],[-106.8853,35.999],[-106.885,36.2166],[-107.6242,36.2198],[-107.6265,36.0003],[-107.3082,35.9987],[-107.31,35.3052],[-107.2392,35.3054],[-107.1962,35.2193],[-106.2448,35.2152]]]},"properties":{"NAME":"Sandoval","STATE":"35"}},
{"type":"Feature","geometry":{"type":"Polygon","coordinates":[[[-106.2439,35.0401],[-105.7145,35.0416],[-105.7203,35.871],[-105.7174,35.9788],[-105.7167,36.0024],[-106.0714,36.002],[-106.0541,35.9308],[-106.2454,35.9309],[-106.2482,35.7557],[-106.2448,35.2152],[-106.2439,35.0401]]]},"properties":{"NAME":"Santa Fe","STATE":"35"}},
{"type":"Feature","geometry":{"type":"Polygon","coordinates":[[[-106.417,34.4398],[-106.4159,34.2597],[-105.924,34.26],[-105.3132,34.26],[-105.313,34.3467],[-105.2903,34.6067],[-105.2909,35.0421],[-105.7145,35.0416],[-106.2439,35.0401],[-106.2439,34.9533],[-106.1502,34.9534],[-106.1496,34.8701],[-106.411,34.8703],[-106.4642,34.8702],[-106.47,34.5212],[-106.417,34.4398]]]},"properties":{"NAME":"Torrance","STATE":"35"}},
{"type":"Feature","geometry":{"type":"Polygon","coordinates":[[[-107.0667,34.9572],[-107.203,34.9581],[-107.2044,34.5788],[-106.8826,34.5795],[-106.7731,34.5333],[-106.417,34.4398],[-106.47,34.5212],[-106.4642,34.8702],[-106.411,34.8703],[-106.6859,34.9061],[-106.7207,34.8701],[-107.0248,34.8703],[-107.0667,34.9572]]]},"properties":{"NAME":"Valencia","STATE":"35"}},
{"type":"Feature","geometry":{"type":"Polygon","coordinates":[[[-95.7616,36.1628],[-95.6185,36.1625],[-95.5715,36.0753],[-95.44,36.0752],[-95.4356,36.5102],[-95.3282,36.5102],[-95.3284,36.5976],[-95.4316,36.5975],[-95.8096,36.5975],[-95.8127,36.4236],[-95.8154,36.1626],[-95.7616,36.1628]]]},"properties":{"NAME":"Rogers","STATE":"40"}},
{"type":"Feature","geometry":{"type":"Polygon","coordinates":[[[-94.4318,35.3977],[-94.4726,35.6386],[-94.8073,35.6386],[-95.1275,35.6389],[-95.1324,35.5262],[-95.0499,35.4589],[-94.9018,35.3979],[-94.8136,35.3233],[-94.7502,35.357],[-94.6688,35.295],[-94.5948,35.328],[-94.4939,35.3012],[-94.4337,35.3865],[-94.4318,35.3977]]]},"properties":{"NAME":"Sequoyah","STATE":"40"}},
{"type":"Feature","geometry":{"type":"Polygon","coordinates":[[[-98.1421,34.507],[-98.1392,34.2898],[-97.5626,34.2892],[-97.5623,34.507],[-97.5628,34.6811],[-97.6684,34.6813],[-98.0891,34.6811],[-98.1418,34.6812],[-98.1421,34.507]]]},"properties":{"NAME":"Stephens","STATE":"40"}},
{"type":"Feature","geometry":{"type":"Polygon","coordinates":[[[-96.2979,36.1623],[-96.2978,36.0758],[-96.0296,36.0754],[-96.0331,35.8568],[-95.82,35.8559],[-95.7617,35.9008],[-95.7616,36.1628],[-95.8154,36.1626],[-95.8127,36.4236],[-96.0012,36.4237],[-96.0011,36.1613],[-96.2683,36.162],[-96.2979,36.1623]]]},"properties":{"NAME":"Tulsa","STATE":"40"}},
{"type":"Feature","geometry":{"type":"Polygon","coordinates":[[[-95.44,36.0752],[-95.5715,36.0753],[-95.6185,36.1625],[-95.7616,36.1628],[-95.7617,35.9008],[-95.82,35.8559],[-95.7662,35.8564],[-95.6504,35.8568],[-95.6383,35.7876],[-95.2657,35.8133],[-95.2315,35.8512],[-95.2787,35.9641],[-95.2079,36.0747],[-95.44,36.0752]]]},"properties":{"NAME":"Wagoner","STATE":"40"}},
{"type":"Feature","geometry":{"type":"Polygon","coordinates":[[[-98.6211,35.0974],[-98.6233,35.4642],[-99.3642,35.4653],[-99.3602,35.1167],[-98.7503,35.1163],[-98.6211,35.0974]]]},"properties":{"NAME":"Washita","STATE":"40"}},
{"type":"Feature","geometry":{"type":"Polygon","coordinates":[[[-90.2002,34.7244],[-90.24,34.6262],[-90.1986,34.5544],[-90,34.5544],[-90,34.7244],[-90.1289,34.7605],[-90.2002,34.7244]]]},"properties":{"NAME":"Tate","STATE":"28"}},
{"type":"Feature","geometry":{"type":"Polygon","coordinates":[[[-90.2939,34.8606],[-90.408,34.8328],[-90.5373,34.7842],[-90.5098,34.6899],[-90.5758,34.6417],[-90.5701,34.5248],[-90.3995,34.4238],[-90.3019,34.4245],[-90.3043,34.5096],[-90.1985,34.5111],[-90.1986,34.5544],[-90.24,34.6262],[-90.2002,34.7244],[-90.2021,34.8604],[-90.2939,34.8606]]]},"properties":{"NAME":"Tunica","STATE":"28"}},
{"type":"Feature","geometry":{"type":"Polygon","coordinates":[[[-90,32.8206],[-90,32.8908],[-90.364,33.0106],[-90.4493,33.009],[-90.4499,32.9233],[-90.6566,32.9225],[-90.7426,32.7292],[-90.7232,32.6621],[-90.7201,32.6189],[-90.6546,32.546],[-90.5538,32.5076],[-90.45,32.5738],[-90.2781,32.6603],[-90.1977,32.6638],[-90.0491,32.7357],[-90,32.8206]]]},"properties":{"NAME":"Yazoo","STATE":"28"}},
{"type":"Feature","geometry":{"type":"Polygon","coordinates":[[[-92.3145,39.2465],[-92.1044,39.2398],[-92.1104,39.0642],[-91.634,39.0591],[-91.6296,39.1479],[-91.409,39.1425],[-91.4382,39.3187],[-91.718,39.3391],[-92.31,39.3478],[-92.3145,39.2465]]]},"properties":{"NAME":"Audrain","STATE":"29"}},
{"type":"Feature","geometry":{"type":"Polygon","coordinates":[[[-90,37.0508],[-90,37.5984],[-90.1468,37.5974],[-90.1457,37.3121],[-90.2177,37.315],[-90.2232,37.0865],[-90.1112,37.0412],[-90,37.0508]]]},"properties":{"NAME":"Bollinger","STATE":"29"}},
{"type":"Feature","geometry":{"type":"Polygon","coordinates":[[[-90.6786,36.9265],[-90.6626,36.8115],[-90.5922,36.6794],[-90.5762,36.4984],[-90.2207,36.4979],[-90.1484,36.6307],[-90.14,36.6968],[-90.2042,36.7723],[-90.2586,36.922],[-90.6786,36.9265]]]},"properties":{"NAME":"Butler","STATE":"29"}},
{"type":"Feature","geometry":{"type":"Polygon","coordinates":[[[-92.4092,37.8592],[-92.4063,38.0212],[-92.516,38.0223],[-92.605,38.1568],[-92.6959,38.222],[-92.765,38.1895],[-92.9796,38.1977],[-93.0777,38.2631],[-93.0652,38.0625],[-93.0724,37.9026],[-92.8554,37.8957],[-92.6202,37.8925],[-92.5489,37.8005],[-92.4092,37.8592]]]},"properties":{"NAME":"Camden","STATE":"29"}},
{"type":"Feature","geometry":{"type":"Polygon","coordinates":[[[-90.6786,36.9265],[-90.7796,37.0503],[-90.9645,37.0536],[-91.0178,37.0957],[-91.2171,37.0862],[-91.2228,36.8839],[-91.1159,36.8237],[-90.6626,36.8115],[-90.6786,36.9265]]]},"properties":{"NAME":"Carter","STATE":"29"}},
{"type":"Feature","geometry":{"type":"Polygon","coordinates":[[[-93.267,39.7036],[-93.2781,39.6156],[-93.2759,39.4844],[-93.1045,39.3837],[-92.9598,39.3125],[-92.8492,39.2262],[-92.7904,39.3436],[-92.7074,39.3216],[-92.6921,39.6103],[-92.6893,39.6981],[-92.8579,39.7],[-93.267,39.7036]]]},"properties":{"NAME":"Chariton","STATE":"29"}},
{"type":"Feature","geometry":{"type":"Polygon","coordinates":[[[-91.9508,40.2572],[-91.5014,40.2489],[-91.4194,40.3783],[-91.4845,40.3839],[-91.7168,40.5985],[-91.9431,40.6059],[-91.9497,40.3008],[-91.9508,40.2572]]]},"properties":{"NAME":"Clark","STATE":"29"}},
{"type":"Feature","geometry":{"type":"Polygon","coordinates":[[[-101.4716,34.3123],[-101.4716,34.7475],[-101.6293,34.7476],[-101.9985,34.7482],[-101.998,34.313],[-101.5649,34.3125],[-101.4716,34.3123]]]},"properties":{"NAME":"Swisher","STATE":"48"}},
{"type":"Feature","geometry":{"type":"Polygon","coordinates":[[[-99.6314,32.0813],[-99.6296,32.5147],[-100.1465,32.5228],[-100.1519,32.0826],[-99.714,32.0821],[-99.6314,32.0813]]]},"properties":{"NAME":"Taylor","STATE":"48"}},
{"type":"Feature","geometry":{"type":"Polygon","coordinates":[[[-99.4724,33.399],[-99.4713,32.957],[-99.096,32.957],[-98.9509,32.9569],[-98.9539,33.3975],[-99.4724,33.399]]]},"properties":{"NAME":"Throckmorton","STATE":"48"}},
{"type":"Feature","geometry":{"type":"Polygon","coordinates":[[[-100.6928,31.5],[-100.1119,31.5],[-100.1112,31.5803],[-100.2346,31.5871],[-100.2358,31.693],[-100.8254,31.6962],[-100.8653,31.5623],[-101.2676,31.5565],[-101.2679,31.5287],[-100.6931,31.524],[-100.6928,31.5]]]},"properties":{"NAME":"Tom Green","STATE":"48"}},
{"type":"Feature","geometry":{"type":"Polygon","coordinates":[[[-96.0759,32.3575],[-95.4492,32.3552],[-95.5943,32.4799],[-95.5945,32.687],[-95.635,32.7204],[-95.8296,32.767],[-95.9344,32.8372],[-96.0768,32.8385],[-96.0759,32.3575]]]},"properties":{"NAME":"Van Zandt","STATE":"48"}},
{"type":"Feature","geometry":{"type":"Polygon","coordinates":[[[-100.0004,35.1827],[-100.0004,35.4224],[-100.0004,35.6191],[-100.5402,35.6193],[-100.539,35.1831],[-100.0004,35.1827]]]},"properties":{"NAME":"Wheeler","STATE":"48"}},
{"type":"Feature","geometry":{"type":"Polygon","coordinates":[[[-98.4236,33.836],[-98.4338,34.0961],[-98.5042,34.0724],[-98.6101,34.161],[-98.7002,34.136],[-98.8584,34.1527],[-98.9525,34.1956],[-98.9531,33.834],[-98.4236,33.836]]]},"properties":{"NAME":"Wichita","STATE":"48"}},
{"type":"Feature","geometry":{"type":"Polygon","coordinates":[[[-95.1534,32.5701],[-95.1521,32.9026],[-95.1522,33.0135],[-95.1729,32.9618],[-95.309,32.9626],[-95.6654,32.9604],[-95.635,32.7204],[-95.5945,32.687],[-95.473,32.6064],[-95.3322,32.6043],[-95.1534,32.5701]]]},"properties":{"NAME":"Wood","STATE":"48"}},
{"type":"Feature","geometry":{"type":"Polygon","coordinates":[[[-109.9676,39.806],[-110.8579,39.8124],[-111.2475,39.8133],[-111.2474,39.7046],[-111.0812,39.4675],[-110.0241,39.469],[-110.038,39.5667],[-109.9676,39.806]]]},"properties":{"NAME":"Carbon","STATE":"49"}},
{"type":"Feature","geometry":{"type":"Polygon","coordinates":[[[-94.6074,39.1134],[-94.4616,39.1204],[-94.2899,39.2371],[-94.2125,39.2071],[-94.2106,39.4547],[-94.6008,39.4562],[-94.6017,39.1596],[-94.6074,39.1134]]]},"properties":{"NAME":"Clay","STATE":"29"}},
{"type":"Feature","geometry":{"type":"Polygon","coordinates":[[[-92.1945,38.3355],[-92.0435,38.4665],[-92.0259,38.552],[-91.9442,38.5969],[-92.0652,38.5571],[-92.1617,38.5781],[-92.2207,38.6432],[-92.3506,38.6764],[-92.3949,38.7391],[-92.4952,38.4278],[-92.4035,38.4253],[-92.4084,38.3413],[-92.1945,38.3355]]]},"properties":{"NAME":"Cole","STATE":"29"}},
{"type":"Feature","geometry":{"type":"Polygon","coordinates":[[[-91.1,37.74],[-91.0958,38.2041],[-91.3675,38.2097],[-91.5353,38.211],[-91.5344,38.1526],[-91.5288,37.789],[-91.3083,37.7872],[-91.3107,37.7],[-91.1533,37.6973],[-91.1,37.74]]]},"properties":{"NAME":"Crawford","STATE":"29"}},
{"type":"Feature","geometry":{"type":"Polygon","coordinates":[[[-93.616,37.5727],[-94.0754,37.5816],[-94.0821,37.3493],[-94.0523,37.2901],[-93.6258,37.282],[-93.6212,37.4274],[-93.616,37.5727]]]},"properties":{"NAME":"Dade","STATE":"29"}},
{"type":"Feature","geometry":{"type":"Polygon","coordinates":[[[-94.2167,40.1366],[-94.2188,40.0349],[-94.2058,39.789],[-93.759,39.7847],[-93.762,39.9596],[-93.764,40.1329],[-94.2167,40.1366]]]},"properties":{"NAME":"Daviess","STATE":"29"}},
{"type":"Feature","geometry":{"type":"Polygon","coordinates":[[[-92.2514,37.0597],[-92.6859,37.0671],[-92.9033,37.0707],[-92.9093,36.8092],[-92.7649,36.8061],[-92.1123,36.7942],[-92.0887,37.0562],[-92.2514,37.0597]]]},"properties":{"NAME":"Douglas","STATE":"29"}},
{"type":"Feature","geometry":{"type":"Polygon","coordinates":[[[-91.3675,38.2097],[-91.3692,38.6993],[-91.4186,38.7098],[-91.5453,38.6769],[-91.6404,38.7038],[-91.6447,38.2885],[-91.6306,38.1535],[-91.5344,38.1526],[-91.5353,38.211],[-91.3675,38.2097]]]},"properties":{"NAME":"Gasconade","STATE":"29"}},
{"type":"Feature","geometry":{"type":"Polygon","coordinates":[[[-93.0734,37.415],[-93.1825,37.4172],[-93.6212,37.4274],[-93.6258,37.282],[-93.6089,37.0982],[-93.0653,37.0887],[-93.0734,37.415]]]},"properties":{"NAME":"Greene","STATE":"29"}},
{"type":"Feature","geometry":{"type":"Polygon","coordinates":[[[-93.7633,40.264],[-93.764,40.1329],[-93.762,39.9596],[-93.362,39.9676],[-93.362,40.0331],[-93.3672,40.2663],[-93.7633,40.264]]]},"properties":{"NAME":"Grundy","STATE":"29"}},
{"type":"Feature","geometry":{"type":"Polygon","coordinates":[[[-95.5525,40.2619],[-95.5219,40.2495],[-95.3083,40],[-95.1812,39.9],[-95.085,39.8619],[-94.9933,39.9007],[-95.0431,40.1301],[-95.0717,40.2609],[-95.1806,40.2617],[-95.5523,40.2644],[-95.5525,40.2619]]]},"properties":{"NAME":"Holt","STATE":"29"}},
{"type":"Feature","geometry":{"type":"Polygon","coordinates":[[[-98.7005,44.1967],[-98.332,44.1966],[-97.8537,44.1952],[-97.853,44.5444],[-97.8562,44.6312],[-97.9778,44.6316],[-98.7058,44.6342],[-98.7005,44.1967]]]},"properties":{"NAME":"Beadle","STATE":"46"}},
{"type":"Feature","geometry":{"type":"Polygon","coordinates":[[[-97.1297,44.1959],[-96.8892,44.1957],[-96.4528,44.1968],[-96.452,44.5436],[-96.8855,44.5438],[-97.128,44.5431],[-97.1297,44.1959]]]},"properties":{"NAME":"Brookings","STATE":"46"}},
{"type":"Feature","geometry":{"type":"Polygon","coordinates":[[[-104.0559,44.571],[-103.8206,44.6048],[-103.5677,44.6041],[-102.9641,44.6043],[-102.9574,45.0396],[-102.9573,45.2129],[-104.0403,45.2129],[-104.0577,44.9974],[-104.0559,44.571]]]},"properties":{"NAME":"Butte","STATE":"46"}},
{"type":"Feature","geometry":{"type":"Polygon","coordinates":[[[-98.4985,42.9986],[-98.4674,42.9476],[-98.3097,42.8812],[-98.1574,42.8319],[-98.0928,42.9739],[-98.0771,43.1683],[-98.1095,43.1968],[-98.6807,43.3732],[-98.7058,43.4993],[-98.7946,43.4992],[-99.2979,43.4999],[-99.298,43.4997],[-99.1529,43.4269],[-99.0693,43.3207],[-98.8968,43.2469],[-98.8688,43.162],[-98.7734,43.1459],[-98.6905,43.0766],[-98.5249,43.0393],[-98.4985,42.9986]]]},"properties":{"NAME":"Charles Mix","STATE":"46"}},
{"type":"Feature","geometry":{"type":"Polygon","coordinates":[[[-104.0548,43.5033],[-104.0548,43.4778],[-103.0008,43.4768],[-103.0011,43.6058],[-102.8104,43.6881],[-102.6955,43.7982],[-102.6872,43.8554],[-104.0551,43.8535],[-104.0548,43.5033]]]},"properties":{"NAME":"Custer","STATE":"46"}},
{"type":"Feature","geometry":{"type":"Polygon","coordinates":[[[-96.8823,44.9769],[-96.8846,44.8044],[-96.8855,44.5438],[-96.452,44.5436],[-96.4518,44.6314],[-96.4516,44.8056],[-96.4521,44.9775],[-96.8823,44.9769]]]},"properties":{"NAME":"Deuel","STATE":"46"}},
{"type":"Feature","geometry":{"type":"Polygon","coordinates":[[[-100.3419,45.4729],[-101.4702,45.4724],[-101.4863,45.3856],[-101.501,44.9936],[-101.1362,44.9941],[-101.1368,44.7471],[-101.0226,44.7242],[-100.8298,44.7832],[-100.7176,44.7709],[-100.6764,44.8232],[-100.5435,44.7611],[-100.4187,44.8434],[-100.4048,44.8977],[-100.3918,45.026],[-100.3255,45.0993],[-100.2602,45.2468],[-100.3167,45.3179],[-100.2742,45.3818],[-100.3419,45.4729]]]},"properties":{"NAME":"Dewey","STATE":"46"}},
{"type":"Feature","geometry":{"type":"Polygon","coordinates":[[[-99.709,45.2459],[-99.5734,45.2454],[-98.7225,45.2438],[-98.7223,45.5],[-99.708,45.5],[-99.709,45.2459]]]},"properties":{"NAME":"Edmunds","STATE":"46"}},
{"type":"Feature","geometry":{"type":"Polygon","coordinates":[[[-96.4529,45.2689],[-96.47,45.3268],[-96.9929,45.3269],[-97.2262,45.2976],[-97.2263,45.1518],[-96.8839,45.1502],[-96.8823,44.9769],[-96.4521,44.9775],[-96.4529,45.2689]]]},"properties":{"NAME":"Grant","STATE":"46"}},
{"type":"Feature","geometry":{"type":"Polygon","coordinates":[[[-98.7058,44.6342],[-98.7165,44.8969],[-99.3118,44.8972],[-99.3002,44.1948],[-98.926,44.1966],[-98.7005,44.1967],[-98.7058,44.6342]]]},"properties":{"NAME":"Hand","STATE":"46"}},
{"type":"Feature","geometry":{"type":"Polygon","coordinates":[[[-93.2269,45.0357],[-93.2277,45.1245],[-93.0205,45.1239],[-93.0194,45.2968],[-93.0196,45.4118],[-93.5101,45.4148],[-93.5122,45.2457],[-93.3115,45.1438],[-93.2269,45.0357]]]},"properties":{"NAME":"Anoka","STATE":"27"}},
{"type":"Feature","geometry":{"type":"Polygon","coordinates":[[[-96.4529,45.2689],[-96.2835,45.247],[-96.1036,45.1767],[-96.117,45.412],[-96.2413,45.4127],[-96.2472,45.5],[-96.7523,45.5],[-96.6805,45.4105],[-96.5218,45.3756],[-96.47,45.3268],[-96.4529,45.2689]]]},"properties":{"NAME":"Big Stone","STATE":"27"}},
{"type":"Feature","geometry":{"type":"Polygon","coordinates":[[[-92.7461,45.296],[-92.6641,45.3933],[-92.7048,45.5],[-93.0212,45.5],[-93.0196,45.4118],[-93.0194,45.2968],[-92.7461,45.296]]]},"properties":{"NAME":"Chisago","STATE":"27"}},
{"type":"Feature","geometry":{"type":"Polygon","coordinates":[[[-92.732,44.7138],[-92.8022,44.7457],[-93.006,44.7717],[-93.02,44.8907],[-93.1785,44.8883],[-93.3296,44.7911],[-93.3187,44.6306],[-93.2815,44.544],[-93.2817,44.472],[-93.0395,44.4719],[-93.0393,44.5154],[-92.7926,44.543],[-92.7926,44.6297],[-92.732,44.7138]]]},"properties":{"NAME":"Dakota","STATE":"27"}},
{"type":"Feature","geometry":{"type":"Polygon","coordinates":[[[-94.2471,43.8479],[-94.248,43.5003],[-93.9708,43.4996],[-93.6485,43.4996],[-93.6483,43.8481],[-93.7678,43.848],[-94.2471,43.8479]]]},"properties":{"NAME":"Faribault","STATE":"27"}},
{"type":"Feature","geometry":{"type":"Polygon","coordinates":[[[-92.449,43.8341],[-92.4489,43.5004],[-92.0798,43.5006],[-91.7302,43.5007],[-91.7304,43.8469],[-92.0793,43.8471],[-92.449,43.8341]]]},"properties":{"NAME":"Fillmore","STATE":"27"}},
{"type":"Feature","geometry":{"type":"Polygon","coordinates":[[[-93.1785,44.8883],[-93.2269,45.0357],[-93.3115,45.1438],[-93.5122,45.2457],[-93.5217,45.2466],[-93.7619,45.0812],[-93.7674,44.978],[-93.767,44.8909],[-93.5207,44.8915],[-93.5204,44.8043],[-93.3296,44.7911],[-93.1785,44.8883]]]},"properties":{"NAME":"Hennepin","STATE":"27"}},
{"type":"Feature","geometry":{"type":"Polygon","coordinates":[[[-93.0212,45.5],[-93.5104,45.5],[-93.5101,45.4148],[-93.0196,45.4118],[-93.0212,45.5]]]},"properties":{"NAME":"Isanti","STATE":"27"}},
{"type":"Feature","geometry":{"type":"Polygon","coordinates":[[[-95.3878,43.5002],[-94.9146,43.5005],[-94.8546,43.5006],[-94.8544,43.8481],[-94.8594,43.8481],[-95.4525,43.848],[-95.4544,43.5006],[-95.3878,43.5002]]]},"properties":{"NAME":"Jackson","STATE":"27"}},
{"type":"Feature","geometry":{"type":"Polygon","coordinates":[[[-92.2495,37.6045],[-92.2489,37.6484],[-92.4137,37.7139],[-92.4092,37.8592],[-92.5489,37.8005],[-92.6202,37.8925],[-92.8554,37.8957],[-92.8535,37.484],[-92.6867,37.4815],[-92.2523,37.4729],[-92.2495,37.6045]]]},"properties":{"NAME":"Laclede","STATE":"29"}},
{"type":"Feature","geometry":{"type":"Polygon","coordinates":[[[-91.4559,39.9455],[-91.4949,40.0374],[-91.5103,40.2011],[-91.5014,40.2489],[-91.9508,40.2572],[-91.9527,39.9494],[-91.8404,39.9482],[-91.4559,39.9455]]]},"properties":{"NAME":"Lewis","STATE":"29"}},
{"type":"Feature","geometry":{"type":"Polygon","coordinates":[[[-94.618,36.6679],[-94.6179,36.4994],[-94.0771,36.4987],[-94.0689,36.7478],[-94.6183,36.7666],[-94.618,36.6679]]]},"properties":{"NAME":"McDonald","STATE":"29"}},
{"type":"Feature","geometry":{"type":"Polygon","coordinates":[[[-92.1854,38.0163],[-92.0212,38.0106],[-91.8953,38.0512],[-91.6324,38.051],[-91.6306,38.1535],[-91.6447,38.2885],[-92.1957,38.2922],[-92.1854,38.0163]]]},"properties":{"NAME":"Maries","STATE":"29"}},
{"type":"Feature","geometry":{"type":"Polygon","coordinates":[[[-93.7743,40.5776],[-93.7633,40.264],[-93.3672,40.2663],[-93.3669,40.383],[-93.3744,40.5803],[-93.5569,40.5802],[-93.7743,40.5776]]]},"properties":{"NAME":"Mercer","STATE":"29"}},
{"type":"Feature","geometry":{"type":"Polygon","coordinates":[[[-91.2602,39.1398],[-91.409,39.1425],[-91.6296,39.1479],[-91.634,39.0591],[-91.6472,38.7034],[-91.6404,38.7038],[-91.5453,38.6769],[-91.4186,38.7098],[-91.4158,38.8453],[-91.2649,38.8438],[-91.2643,38.9928],[-91.2602,39.1398]]]},"properties":{"NAME":"Montgomery","STATE":"29"}},
{"type":"Feature","geometry":{"type":"Polygon","coordinates":[[[-92.6959,38.222],[-92.6898,38.3485],[-92.6252,38.4308],[-92.8419,38.5968],[-92.8398,38.684],[-93.06,38.6931],[-93.0673,38.53],[-93.0777,38.2631],[-92.9796,38.1977],[-92.765,38.1895],[-92.6959,38.222]]]},"properties":{"NAME":"Morgan","STATE":"29"}},
{"type":"Feature","geometry":{"type":"Polygon","coordinates":[[[-95.0431,40.1301],[-94.6059,40.1261],[-94.5985,40.3867],[-94.632,40.5712],[-94.9149,40.5751],[-95.2023,40.5785],[-95.1777,40.4789],[-95.1806,40.2617],[-95.0717,40.2609],[-95.0431,40.1301]]]},"properties":{"NAME":"Nodaway","STATE":"29"}},
{"type":"Feature","geometry":{"type":"Polygon","coordinates":[[[-92.1123,36.7942],[-92.7649,36.8061],[-92.7723,36.4978],[-92.5291,36.4977],[-92.1503,36.4986],[-92.1204,36.4989],[-92.1123,36.7942]]]},"properties":{"NAME":"Ozark","STATE":"29"}},
{"type":"Feature","geometry":{"type":"Polygon","coordinates":[[[-90,37.5984],[-90,37.8214],[-90.1105,37.6713],[-90.1468,37.6416],[-90.1468,37.5974],[-90,37.5984]]]},"properties":{"NAME":"Perry","STATE":"29"}},
{"type":"Feature","geometry":{"type":"Polygon","coordinates":[[[-91.8091,37.5989],[-91.8062,37.7913],[-91.5288,37.789],[-91.5344,38.1526],[-91.6306,38.1535],[-91.6324,38.051],[-91.8953,38.0512],[-92.0212,38.0106],[-92.0293,37.6025],[-91.8091,37.5989]]]},"properties":{"NAME":"Phelps","STATE":"29"}},
{"type":"Feature","geometry":{"type":"Polygon","coordinates":[[[-93.6212,37.4274],[-93.1825,37.4172],[-93.1879,37.8027],[-93.5732,37.828],[-93.6284,37.8294],[-93.616,37.5727],[-93.6212,37.4274]]]},"properties":{"NAME":"Polk","STATE":"29"}},
{"type":"Feature","geometry":{"type":"Polygon","coordinates":[[[-110.0007,40.9974],[-110.0007,40.8138],[-109.9775,40.8098],[-109.8702,40.7638],[-109.3945,40.8581],[-109.2033,40.8586],[-109.1611,40.6838],[-109.0483,40.6626],[-109.0501,41.0007],[-110.0007,40.9974]]]},"properties":{"NAME":"Daggett","STATE":"49"}},
{"type":"Feature","geometry":{"type":"Polygon","coordinates":[[[-110.8579,39.8124],[-109.9676,39.806],[-109.9775,40.8098],[-110.0007,40.8138],[-110.2943,40.8342],[-110.375,40.7882],[-110.8931,40.7273],[-110.9019,40.6782],[-110.8919,39.8991],[-110.8579,39.8124]]]},"properties":{"NAME":"Duchesne","STATE":"49"}},
{"type":"Feature","geometry":{"type":"Polygon","coordinates":[[[-110.0254,38.5],[-109.06,38.5],[-109.0514,39.3667],[-109.0514,39.4977],[-109.107,39.462],[-110.0241,39.4617],[-110.0106,39.4163],[-110.0773,39.2759],[-110.1793,38.9072],[-110.0363,38.6523],[-110.0254,38.5]]]},"properties":{"NAME":"Grand","STATE":"49"}},
{"type":"Feature","geometry":{"type":"Polygon","coordinates":[[[-112,39.7986],[-112,39.3257],[-111.9225,39.3815],[-111.7471,39.3828],[-111.7132,39.4601],[-111.7186,39.6946],[-111.5851,39.7401],[-111.6406,39.813],[-111.7948,39.9312],[-111.9094,39.8945],[-112,39.7986]]]},"properties":{"NAME":"Juab","STATE":"49"}},
{"type":"Feature","geometry":{"type":"Polygon","coordinates":[[[-95.4285,32.0845],[-96.0528,32.0059],[-95.9806,31.7846],[-95.8759,31.7555],[-95.7873,31.6184],[-95.7101,31.6156],[-95.7393,31.5041],[-95.6518,31.5418],[-95.2732,31.5929],[-95.2589,31.61],[-95.4129,31.8352],[-95.4467,31.8431],[-95.4285,32.0845]]]},"properties":{"NAME":"Anderson","STATE":"48"}},
{"type":"Feature","geometry":{"type":"Polygon","coordinates":[[[-103.044,34.3127],[-103.0439,34.3026],[-103.0473,33.8247],[-102.6154,33.8251],[-102.6151,34.3129],[-103.044,34.3127]]]},"properties":{"NAME":"Bailey","STATE":"48"}},
{"type":"Feature","geometry":{"type":"Polygon","coordinates":[[[-99.4756,33.834],[-99.4745,33.7338],[-99.4724,33.399],[-98.9539,33.3975],[-98.9531,33.834],[-99.4756,33.834]]]},"properties":{"NAME":"Baylor","STATE":"48"}},
{"type":"Feature","geometry":{"type":"Polygon","coordinates":[[[-101.1734,32.9636],[-101.5574,32.961],[-101.6913,32.9618],[-101.6887,32.5252],[-101.1746,32.5241],[-101.1746,32.5277],[-101.1734,32.9636]]]},"properties":{"NAME":"Borden","STATE":"48"}},
{"type":"Feature","geometry":{"type":"Polygon","coordinates":[[[-97.8649,32.0873],[-98.0055,32.0179],[-97.7664,31.6725],[-97.6898,31.711],[-97.6052,31.5878],[-97.2773,31.7455],[-97.2821,31.8432],[-97.3828,31.8708],[-97.486,32.0176],[-97.4761,32.1735],[-97.6151,32.2036],[-97.8649,32.0873]]]},"properties":{"NAME":"Bosque","STATE":"48"}},
{"type":"Feature","geometry":{"type":"Polygon","coordinates":[[[-93.3669,40.383],[-92.8553,40.3859],[-92.8556,40.3427],[-92.6842,40.3435],[-92.6675,40.4083],[-92.7146,40.5896],[-93.0973,40.584],[-93.3744,40.5803],[-93.3669,40.383]]]},"properties":{"NAME":"Putnam","STATE":"29"}},
{"type":"Feature","geometry":{"type":"Polygon","coordinates":[[[-92.6921,39.6103],[-92.7074,39.3216],[-92.4302,39.2488],[-92.3145,39.2465],[-92.31,39.3478],[-92.3009,39.6053],[-92.6921,39.6103]]]},"properties":{"NAME":"Randolph","STATE":"29"}},
{"type":"Feature","geometry":{"type":"Polygon","coordinates":[[[-93.7585,39.207],[-93.7592,39.5246],[-94.2084,39.5272],[-94.2106,39.4547],[-94.2125,39.2071],[-94.1048,39.1435],[-93.9889,39.1528],[-93.8401,39.2155],[-93.7585,39.207]]]},"properties":{"NAME":"Ray","STATE":"29"}},
{"type":"Feature","geometry":{"type":"Polygon","coordinates":[[[-90.6626,36.8115],[-91.1159,36.8237],[-91.1265,36.4977],[-90.7844,36.4985],[-90.5762,36.4984],[-90.5922,36.6794],[-90.6626,36.8115]]]},"properties":{"NAME":"Ripley","STATE":"29"}},
{"type":"Feature","geometry":{"type":"Polygon","coordinates":[[[-90.1105,37.6713],[-90,37.8214],[-90,37.9653],[-90.2038,38.0888],[-90.2541,38.122],[-90.416,38.0423],[-90.3229,37.9817],[-90.4591,37.8789],[-90.2002,37.6696],[-90.1105,37.6713]]]},"properties":{"NAME":"Ste. Genevieve","STATE":"29"}},
{"type":"Feature","geometry":{"type":"Polygon","coordinates":[[[-90.535,37.6436],[-90.1468,37.6416],[-90.1105,37.6713],[-90.2002,37.6696],[-90.4591,37.8789],[-90.3229,37.9817],[-90.416,38.0423],[-90.5833,38.0035],[-90.64,38.0765],[-90.6451,37.7348],[-90.6479,37.6428],[-90.535,37.6436]]]},"properties":{"NAME":"St. Francois","STATE":"29"}},
{"type":"Feature","geometry":{"type":"Polygon","coordinates":[[[-92.35,40.3465],[-92.3508,40.5973],[-92.6379,40.5909],[-92.7146,40.5896],[-92.6675,40.4083],[-92.6842,40.3435],[-92.35,40.3465]]]},"properties":{"NAME":"Schuyler","STATE":"29"}},
{"type":"Feature","geometry":{"type":"Polygon","coordinates":[[[-91.2228,36.8839],[-91.2171,37.0862],[-91.0178,37.0957],[-91.0343,37.1693],[-91.1593,37.2549],[-91.2119,37.4153],[-91.6466,37.4227],[-91.6556,37.0489],[-91.6581,36.8887],[-91.2228,36.8839]]]},"properties":{"NAME":"Shannon","STATE":"29"}},
{"type":"Feature","geometry":{"type":"Polygon","coordinates":[[[-90,36.6296],[-90,37.0508],[-90.1112,37.0412],[-90.2586,36.922],[-90.2042,36.7723],[-90.14,36.6968],[-90.1484,36.6307],[-90,36.6296]]]},"properties":{"NAME":"Stoddard","STATE":"29"}},
{"type":"Feature","geometry":{"type":"Polygon","coordinates":[[[-92.9093,36.8092],[-93.3044,36.8169],[-93.3153,36.4984],[-93.2961,36.4984],[-92.854,36.498],[-92.7723,36.4978],[-92.7649,36.8061],[-92.9093,36.8092]]]},"properties":{"NAME":"Taney","STATE":"29"}},
{"type":"Feature","geometry":{"type":"Polygon","coordinates":[[[-90.9645,38.5475],[-90.9585,38.8709],[-91.1113,38.8727],[-91.2643,38.9928],[-91.2649,38.8438],[-91.4158,38.8453],[-91.4186,38.7098],[-91.3692,38.6993],[-91.2265,38.6216],[-91.0773,38.6093],[-90.9645,38.5475]]]},"properties":{"NAME":"Warren","STATE":"29"}},
{"type":"Feature","geometry":{"type":"Polygon","coordinates":[[[-93.0653,37.0887],[-92.9033,37.0707],[-92.6859,37.0671],[-92.6867,37.4815],[-92.8535,37.484],[-93.0716,37.4874],[-93.0734,37.415],[-93.0653,37.0887]]]},"properties":{"NAME":"Webster","STATE":"29"}},
{"type":"Feature","geometry":{"type":"Polygon","coordinates":[[[-90.1651,38.7706],[-90.3064,38.6336],[-90.2578,38.532],[-90.1814,38.6604],[-90.1651,38.7706]]]},"properties":{"NAME":"St. Louis","STATE":"29"}},
{"type":"Feature","geometry":{"type":"Polygon","coordinates":[[[-107.9115,45.0009],[-106.8888,44.9959],[-106.2636,44.9938],[-106.2797,45.1799],[-106.768,45.1797],[-106.7419,45.5],[-108.1932,45.5],[-108.3164,45.4605],[-108.645,45.4641],[-108.6821,45.4331],[-108.6996,45.218],[-108.128,45.2179],[-108.2493,44.9995],[-107.9115,45.0009]]]},"properties":{"NAME":"Big Horn","STATE":"30"}},
{"type":"Feature","geometry":{"type":"Polygon","coordinates":[[[-102.9573,45.2129],[-102.9513,45.5],[-104.0413,45.5],[-104.0403,45.2129],[-102.9573,45.2129]]]},"properties":{"NAME":"Harding","STATE":"46"}},
{"type":"Feature","geometry":{"type":"Polygon","coordinates":[[[-99.6764,44.5481],[-100.5265,44.5474],[-100.574,44.4555],[-100.3864,44.44],[-100.3654,44.3555],[-100.0853,44.3085],[-99.8921,44.2419],[-99.9382,44.1952],[-99.8845,44.1296],[-99.6122,44.1037],[-99.6635,44.2175],[-99.6764,44.5481]]]},"properties":{"NAME":"Hughes","STATE":"46"}},
{"type":"Feature","geometry":{"type":"Polygon","coordinates":[[[-99.6635,44.2175],[-99.5766,44.1924],[-99.3002,44.1948],[-99.3118,44.8972],[-99.5727,44.8973],[-99.673,44.8975],[-99.6764,44.5481],[-99.6635,44.2175]]]},"properties":{"NAME":"Hyde","STATE":"46"}},
{"type":"Feature","geometry":{"type":"Polygon","coordinates":[[[-100.3672,44.1687],[-101.0469,44.1685],[-101.0641,43.9949],[-101.0643,43.8411],[-101.0314,43.8579],[-100.735,43.7076],[-100.5834,43.768],[-100.4731,43.7209],[-100.339,43.7169],[-100.3662,43.847],[-100.3672,44.1687]]]},"properties":{"NAME":"Jones","STATE":"46"}},
{"type":"Feature","geometry":{"type":"Polygon","coordinates":[[[-97.3701,44.195],[-97.3695,43.8485],[-97.1291,43.848],[-96.8887,43.8484],[-96.8892,44.1957],[-97.1297,44.1959],[-97.3701,44.195]]]},"properties":{"NAME":"Lake","STATE":"46"}},
{"type":"Feature","geometry":{"type":"Polygon","coordinates":[[[-99.6635,44.2175],[-99.6122,44.1037],[-99.8845,44.1296],[-99.9382,44.1952],[-100.3672,44.1946],[-100.3672,44.1687],[-100.3662,43.847],[-100.339,43.7169],[-100.2308,43.7139],[-100.1152,43.6854],[-99.8378,43.6891],[-99.6236,43.7424],[-99.6236,43.4999],[-99.5345,43.4996],[-99.298,43.4997],[-99.2979,43.4999],[-99.4101,43.7746],[-99.3108,43.8552],[-99.3559,43.9344],[-99.3537,43.9953],[-99.5625,44.1015],[-99.5766,44.1924],[-99.6635,44.2175]]]},"properties":{"NAME":"Lyman","STATE":"46"}},
{"type":"Feature","geometry":{"type":"Polygon","coordinates":[[[-102.9574,45.0396],[-102.9641,44.6043],[-103.5677,44.6041],[-103.5744,44.2561],[-103.453,44.2566],[-103.4525,44.1408],[-102.388,44.1402],[-102.3062,44.4341],[-102.1642,44.4275],[-102.0011,44.5109],[-102.0004,44.5117],[-102,45.038],[-102.9574,45.0396]]]},"properties":{"NAME":"Meade","STATE":"46"}},
{"type":"Feature","geometry":{"type":"Polygon","coordinates":[[[-97.3701,44.195],[-97.8495,44.1952],[-97.8511,43.8499],[-97.6085,43.8491],[-97.3695,43.8485],[-97.3701,44.195]]]},"properties":{"NAME":"Miner","STATE":"46"}},
{"type":"Feature","geometry":{"type":"Polygon","coordinates":[[[-96.8887,43.8484],[-96.4533,43.8495],[-96.4528,44.1968],[-96.8892,44.1957],[-96.8887,43.8484]]]},"properties":{"NAME":"Moody","STATE":"46"}},
{"type":"Feature","geometry":{"type":"Polygon","coordinates":[[[-103.0008,43.4768],[-103.0009,43.0005],[-102.7921,43],[-102.0825,42.9994],[-102.1089,43.1293],[-102.1108,43.3899],[-102.1391,43.4767],[-102.1392,43.7009],[-102.1752,43.6878],[-102.8104,43.6881],[-103.0011,43.6058],[-103.0008,43.4768]]]},"properties":{"NAME":"Shannon","STATE":"46"}},
{"type":"Feature","geometry":{"type":"Polygon","coordinates":[[[-97.9815,45.2404],[-98.7178,45.2437],[-98.7165,44.8969],[-98.7058,44.6342],[-97.9778,44.6316],[-97.9818,45.1533],[-97.9815,45.2404]]]},"properties":{"NAME":"Spink","STATE":"46"}},
{"type":"Feature","geometry":{"type":"Polygon","coordinates":[[[-101.1368,44.7471],[-101.1545,44.6899],[-101.1668,44.1681],[-101.0469,44.1685],[-100.3672,44.1687],[-100.3672,44.1946],[-99.9382,44.1952],[-99.8921,44.2419],[-100.0853,44.3085],[-100.3654,44.3555],[-100.3864,44.44],[-100.574,44.4555],[-100.5265,44.5474],[-100.6401,44.5837],[-100.6138,44.7071],[-100.7176,44.7709],[-100.8298,44.7832],[-101.0226,44.7242],[-101.1368,44.7471]]]},"properties":{"NAME":"Stanley","STATE":"46"}},
{"type":"Feature","geometry":{"type":"Polygon","coordinates":[[[-101.2281,42.9979],[-100.1984,42.9985],[-100.2142,43.3903],[-101.2282,43.3892],[-101.2281,42.9979]]]},"properties":{"NAME":"Todd","STATE":"46"}},
{"type":"Feature","geometry":{"type":"Polygon","coordinates":[[[-96.8057,43.0837],[-96.8066,42.7034],[-96.724,42.666],[-96.636,42.5243],[-96.4434,42.4895],[-96.4797,42.5612],[-96.6321,42.7709],[-96.5233,42.9091],[-96.5131,43.0279],[-96.4551,43.0834],[-96.8057,43.0837]]]},"properties":{"NAME":"Union","STATE":"46"}},
{"type":"Feature","geometry":{"type":"Polygon","coordinates":[[[-108.2493,44.9995],[-108.128,45.2179],[-108.6996,45.218],[-108.6821,45.4331],[-108.645,45.4641],[-108.7089,45.5],[-109.1915,45.5],[-109.3562,45.4644],[-109.562,45.3629],[-109.6911,45.1672],[-109.7982,45.1674],[-109.7987,45.0022],[-108.6213,45.0004],[-108.2493,44.9995]]]},"properties":{"NAME":"Carbon","STATE":"30"}},
{"type":"Feature","geometry":{"type":"Polygon","coordinates":[[[-97.9318,40.002],[-97.8215,40.002],[-97.8208,40.3505],[-97.8241,40.3505],[-98.2736,40.3504],[-98.274,40.0025],[-97.9318,40.002]]]},"properties":{"NAME":"Nuckolls","STATE":"31"}},
{"type":"Feature","geometry":{"type":"Polygon","coordinates":[[[-96.4637,40.001],[-96.2392,40.0007],[-96.0107,40.0006],[-96.0102,40.2615],[-96.0667,40.262],[-96.4637,40.2622],[-96.4637,40.001]]]},"properties":{"NAME":"Pawnee","STATE":"31"}},
{"type":"Feature","geometry":{"type":"Polygon","coordinates":[[[-97.2535,41.3842],[-97.2524,41.7431],[-97.3681,41.7432],[-97.8305,41.7422],[-97.8298,41.5262],[-97.7036,41.5268],[-97.7038,41.3949],[-97.5983,41.3331],[-97.3682,41.3964],[-97.2535,41.3842]]]},"properties":{"NAME":"Platte","STATE":"31"}},
{"type":"Feature","geometry":{"type":"Polygon","coordinates":[[[-92.6379,40.5909],[-92.6391,40.8989],[-93.0976,40.8985],[-93.0973,40.584],[-92.7146,40.5896],[-92.6379,40.5909]]]},"properties":{"NAME":"Appanoose","STATE":"19"}},
{"type":"Feature","geometry":{"type":"Polygon","coordinates":[[[-91.8311,42.2991],[-92.0648,42.2973],[-92.2988,42.2975],[-92.2982,41.8628],[-91.8314,41.8619],[-91.8311,42.2991]]]},"properties":{"NAME":"Benton","STATE":"19"}},
{"type":"Feature","geometry":{"type":"Polygon","coordinates":[[[-93.6984,42.2093],[-93.9316,42.2101],[-94.1647,42.2099],[-94.1641,41.8632],[-93.8155,41.8634],[-93.698,41.8634],[-93.6984,42.2093]]]},"properties":{"NAME":"Boone","STATE":"19"}},
{"type":"Feature","geometry":{"type":"Polygon","coordinates":[[[-91.597,42.2964],[-91.6071,42.644],[-92.0817,42.6421],[-92.0648,42.2973],[-91.8311,42.2991],[-91.597,42.2964]]]},"properties":{"NAME":"Buchanan","STATE":"19"}},
{"type":"Feature","geometry":{"type":"Polygon","coordinates":[[[-93.0251,42.9075],[-93.027,42.5568],[-92.5543,42.5559],[-92.5545,42.6423],[-92.5542,42.9071],[-93.0251,42.9075]]]},"properties":{"NAME":"Butler","STATE":"19"}},
{"type":"Feature","geometry":{"type":"Polygon","coordinates":[[[-94.8584,42.2097],[-95.0909,42.2104],[-95.0929,41.8634],[-94.7449,41.8624],[-94.6287,41.8628],[-94.6288,42.2094],[-94.8584,42.2097]]]},"properties":{"NAME":"Carroll","STATE":"19"}},
{"type":"Feature","geometry":{"type":"Polygon","coordinates":[[[-93.0241,43.2555],[-93.4976,43.2555],[-93.4986,42.9085],[-93.0251,42.9075],[-93.0241,43.2128],[-93.0241,43.2555]]]},"properties":{"NAME":"Cerro Gordo","STATE":"19"}},
{"type":"Feature","geometry":{"type":"Polygon","coordinates":[[[-90.7897,40.6358],[-90.9042,40.6392],[-90.9098,40.2844],[-90.4502,40.2763],[-90.4455,40.6278],[-90.7897,40.6358]]]},"properties":{"NAME":"McDonough","STATE":"17"}},
{"type":"Feature","geometry":{"type":"Polygon","coordinates":[[[-90,38.9993],[-90,39.5215],[-90.1537,39.5203],[-90.1481,39.2619],[-90.146,39],[-90,38.9993]]]},"properties":{"NAME":"Macoupin","STATE":"17"}},
{"type":"Feature","geometry":{"type":"Polygon","coordinates":[[[-90.1996,40.1839],[-90.3552,40.1242],[-90.2865,40.055],[-90.1966,40.0525],[-90,40.1069],[-90,40.3955],[-90.119,40.2353],[-90.1996,40.1839]]]},"properties":{"NAME":"Mason","STATE":"17"}},
{"type":"Feature","geometry":{"type":"Polygon","coordinates":[[[-98.7264,40.0022],[-99.067,40.0022],[-99.0662,39.5681],[-99.0444,39.568],[-98.5053,39.5676],[-98.5045,40.0023],[-98.7264,40.0022]]]},"properties":{"NAME":"Smith","STATE":"20"}},
{"type":"Feature","geometry":{"type":"Polygon","coordinates":[[[-102.042,37.7385],[-102.0416,37.6443],[-102.0418,37.3892],[-101.5566,37.3885],[-101.5258,37.3884],[-101.5271,37.7363],[-102.042,37.7385]]]},"properties":{"NAME":"Stanton","STATE":"20"}},
{"type":"Feature","geometry":{"type":"Polygon","coordinates":[[[-101.5566,37.3885],[-101.5553,36.9954],[-101.0667,36.9979],[-101.0679,37.3878],[-101.0897,37.3877],[-101.5258,37.3884],[-101.5566,37.3885]]]},"properties":{"NAME":"Stevens","STATE":"20"}},
{"type":"Feature","geometry":{"type":"Polygon","coordinates":[[[-96.3526,38.739],[-95.9459,38.7391],[-95.9466,38.87],[-95.9468,39.0987],[-96.0391,39.1265],[-96.0836,39.1935],[-96.2337,39.2123],[-96.3889,39.1727],[-96.3908,39.0433],[-96.5012,39.0437],[-96.5016,38.8697],[-96.3904,38.8259],[-96.3526,38.739]]]},"properties":{"NAME":"Wabaunsee","STATE":"20"}},
{"type":"Feature","geometry":{"type":"Polygon","coordinates":[[[-95.9609,37.7343],[-95.5255,37.7328],[-95.519,38.0382],[-95.959,38.0402],[-95.9609,37.7343]]]},"properties":{"NAME":"Woodson","STATE":"20"}},
{"type":"Feature","geometry":{"type":"Polygon","coordinates":[[[-90.2038,38.0888],[-90.036,38.1356],[-90,38.2225],[-90,38.3086],[-90.036,38.3089],[-90.2631,38.5202],[-90.3403,38.387],[-90.3639,38.2364],[-90.2541,38.122],[-90.2038,38.0888]]]},"properties":{"NAME":"Monroe","STATE":"17"}},
{"type":"Feature","geometry":{"type":"Polygon","coordinates":[[[-90.5718,39.8393],[-90.5991,39.7901],[-90.3713,39.7534],[-90.373,39.6658],[-90.3007,39.6365],[-90.3018,39.5202],[-90.1537,39.5203],[-90,39.5215],[-90,39.8729],[-90.5835,39.8768],[-90.5718,39.8393]]]},"properties":{"NAME":"Morgan","STATE":"17"}},
{"type":"Feature","geometry":{"type":"Polygon","coordinates":[[[-90.1521,41.9289],[-90.182,41.8071],[-90.2427,41.7838],[-90.1856,41.5847],[-90,41.5843],[-90,41.9294],[-90.1521,41.9289]]]},"properties":{"NAME":"Whiteside","STATE":"17"}},
{"type":"Feature","geometry":{"type":"Polygon","coordinates":[[[-96.5255,36.9991],[-96.5249,37.3027],[-96.5257,37.4764],[-97.1533,37.4755],[-97.1477,36.9991],[-96.7498,36.999],[-96.5255,36.9991]]]},"properties":{"NAME":"Cowley","STATE":"20"}},
{"type":"Feature","geometry":{"type":"Polygon","coordinates":[[[-96.9632,39.1323],[-97.3712,39.132],[-97.3716,38.9579],[-97.3719,38.6094],[-96.9303,38.6094],[-96.9272,38.8122],[-96.8902,38.8701],[-96.9635,38.9649],[-96.9632,39.1323]]]},"properties":{"NAME":"Dickinson","STATE":"20"}},
{"type":"Feature","geometry":{"type":"Polygon","coordinates":[[[-99.0221,38.0002],[-99.3503,38.0007],[-99.3504,38.0876],[-99.5695,38.0874],[-99.5699,37.913],[-99.5596,37.7349],[-99.0135,37.733],[-99.0133,37.8253],[-99.0221,38.0002]]]},"properties":{"NAME":"Edwards","STATE":"20"}},
{"type":"Feature","geometry":{"type":"Polygon","coordinates":[[[-99.5983,38.6965],[-99.5851,38.6965],[-99.0426,38.6968],[-99.0375,39.1331],[-99.0477,39.133],[-99.5918,39.1324],[-99.5983,38.6965]]]},"properties":{"NAME":"Ellis","STATE":"20"}},
{"type":"Feature","geometry":{"type":"Polygon","coordinates":[[[-98.4804,38.5218],[-97.9243,38.5228],[-97.9248,38.6099],[-97.9286,38.8711],[-98.4849,38.8708],[-98.4861,38.6969],[-98.4804,38.5218]]]},"properties":{"NAME":"Ellsworth","STATE":"20"}},
{"type":"Feature","geometry":{"type":"Polygon","coordinates":[[[-100.2162,37.4752],[-100.1072,37.4748],[-99.5561,37.4677],[-99.5596,37.7349],[-99.5699,37.913],[-100.2271,37.914],[-100.2146,37.8268],[-100.2162,37.4752]]]},"properties":{"NAME":"Ford","STATE":"20"}},
{"type":"Feature","geometry":{"type":"Polygon","coordinates":[[[-100.1642,39.1321],[-100.7213,39.1334],[-100.8119,39.1334],[-100.8187,38.6999],[-100.688,38.7],[-100.2472,38.6982],[-100.1538,38.6973],[-100.1479,39.1322],[-100.1642,39.1321]]]},"properties":{"NAME":"Gove","STATE":"20"}},
{"type":"Feature","geometry":{"type":"Polygon","coordinates":[[[-96.5228,38.0864],[-96.5253,37.607],[-95.961,37.6038],[-95.9609,37.7343],[-95.959,38.0402],[-95.9589,38.1709],[-96.3573,38.1727],[-96.3581,38.0858],[-96.5228,38.0864]]]},"properties":{"NAME":"Greenwood","STATE":"20"}},
{"type":"Feature","geometry":{"type":"Polygon","coordinates":[[[-97.8023,36.9987],[-97.8071,37.3863],[-98.3498,37.3841],[-98.3471,36.998],[-98.112,36.9981],[-97.8023,36.9987]]]},"properties":{"NAME":"Harper","STATE":"20"}},
{"type":"Feature","geometry":{"type":"Polygon","coordinates":[[[-97.702,37.9113],[-97.1525,37.9127],[-97.1529,38.0877],[-97.1531,38.1746],[-97.3717,38.1737],[-97.7018,38.1738],[-97.702,37.9113]]]},"properties":{"NAME":"Harvey","STATE":"20"}},
{"type":"Feature","geometry":{"type":"Polygon","coordinates":[[[-95.5003,39.0567],[-95.2854,39.0322],[-95.1871,39.0441],[-95.1809,39.4192],[-95.5704,39.4191],[-95.5895,39.2161],[-95.5968,39.0647],[-95.5003,39.0567]]]},"properties":{"NAME":"Jefferson","STATE":"20"}},
{"type":"Feature","geometry":{"type":"Polygon","coordinates":[[[-93.4282,32.2359],[-93.3728,32.4102],[-93.4412,32.4104],[-93.448,32.8663],[-93.521,33.0186],[-93.8049,33.0193],[-93.8146,33.0194],[-93.8426,32.9468],[-93.7852,32.8574],[-93.8243,32.7925],[-93.659,32.4061],[-93.4712,32.2372],[-93.4282,32.2359]]]},"properties":{"NAME":"Bossier","STATE":"22"}},
{"type":"Feature","geometry":{"type":"Polygon","coordinates":[[[-94.0431,32.693],[-94.0429,32.3923],[-94.0426,32.196],[-93.9511,32.1955],[-93.7913,32.3402],[-93.6665,32.3174],[-93.6147,32.2375],[-93.4712,32.2372],[-93.659,32.4061],[-93.8243,32.7925],[-93.7852,32.8574],[-93.8426,32.9468],[-93.8146,33.0194],[-94.043,33.0192],[-94.0429,32.8811],[-94.0431,32.693]]]},"properties":{"NAME":"Caddo","STATE":"22"}},
{"type":"Feature","geometry":{"type":"Polygon","coordinates":[[[-94.0156,31.9799],[-93.8782,31.8443],[-93.4412,31.8452],[-93.3555,31.9322],[-93.4415,31.9892],[-93.5414,32.1059],[-93.536,32.1931],[-93.6147,32.2375],[-93.6665,32.3174],[-93.7913,32.3402],[-93.9511,32.1955],[-94.0426,32.196],[-94.0427,31.9993],[-94.0156,31.9799]]]},"properties":{"NAME":"De Soto","STATE":"22"}},
{"type":"Feature","geometry":{"type":"Polygon","coordinates":[[[-91.0908,32.564],[-91.1521,32.6415],[-91.0545,32.7223],[-91.1653,32.7513],[-91.1321,32.9231],[-91.1661,33.0041],[-91.265,33.0051],[-91.3094,32.9352],[-91.3448,32.7567],[-91.4453,32.582],[-91.4576,32.5378],[-91.1337,32.5379],[-91.0906,32.5627],[-91.0908,32.564]]]},"properties":{"NAME":"East Carroll","STATE":"22"}},
{"type":"Feature","geometry":{"type":"Polygon","coordinates":[[[-91.5757,31.8826],[-91.4898,32.0924],[-91.4927,32.2033],[-91.5267,32.3007],[-91.4767,32.4058],[-91.6349,32.4054],[-91.7644,32.33],[-91.775,32.2433],[-91.8947,32.1516],[-91.8897,31.9715],[-91.8049,31.8932],[-91.7292,31.8825],[-91.6475,31.9704],[-91.5757,31.8826]]]},"properties":{"NAME":"Franklin","STATE":"22"}},
{"type":"Feature","geometry":{"type":"Polygon","coordinates":[[[-92.9735,31.7089],[-92.9083,31.6252],[-92.8062,31.5985],[-92.719,31.5176],[-92.7151,31.5],[-92.2692,31.5],[-92.3069,31.5895],[-92.3844,31.6204],[-92.3477,31.6966],[-92.3626,31.7966],[-92.6192,31.7971],[-92.62,31.7096],[-92.9735,31.7089]]]},"properties":{"NAME":"Grant","STATE":"22"}},
{"type":"Feature","geometry":{"type":"Polygon","coordinates":[[[-92.3119,32.2774],[-92.4154,32.4078],[-92.4153,32.4955],[-92.6223,32.4964],[-92.7772,32.4535],[-92.7749,32.2371],[-92.8147,32.1469],[-92.3122,32.1461],[-92.3119,32.2774]]]},"properties":{"NAME":"Jackson","STATE":"22"}},
{"type":"Feature","geometry":{"type":"Polygon","coordinates":[[[-95.8577,33.4617],[-95.7584,33.4951],[-95.621,33.4871],[-95.3086,33.3807],[-95.3105,33.8715],[-95.5443,33.8801],[-95.5997,33.9342],[-95.7572,33.8673],[-95.8463,33.8411],[-95.8577,33.4617]]]},"properties":{"NAME":"Lamar","STATE":"48"}},
{"type":"Feature","geometry":{"type":"Polygon","coordinates":[[[-96.786,31.5],[-96.2955,31.5],[-96.4967,31.7962],[-96.7191,31.8149],[-96.9322,31.7089],[-96.8011,31.5223],[-96.786,31.5]]]},"properties":{"NAME":"Limestone","STATE":"48"}},
{"type":"Feature","geometry":{"type":"Polygon","coordinates":[[[-100.5467,36.0565],[-100.5402,36.0565],[-100.0004,36.0557],[-100.0038,36.4997],[-100.5461,36.4993],[-100.5467,36.0565]]]},"properties":{"NAME":"Lipscomb","STATE":"48"}},
{"type":"Feature","geometry":{"type":"Polygon","coordinates":[[[-103.3265,32.0004],[-103.7229,32.0002],[-103.9802,32.0001],[-103.7972,31.7702],[-103.6257,31.705],[-103.6109,31.6518],[-103.3275,31.6514],[-103.3265,32.0004]]]},"properties":{"NAME":"Loving","STATE":"48"}},
{"type":"Feature","geometry":{"type":"Polygon","coordinates":[[[-101.5574,32.961],[-101.5569,33.3948],[-102.0759,33.3896],[-102.0762,32.9597],[-101.6913,32.9618],[-101.5574,32.961]]]},"properties":{"NAME":"Lynn","STATE":"48"}},
{"type":"Feature","geometry":{"type":"Polygon","coordinates":[[[-102.211,32.5232],[-102.2112,32.0868],[-101.7761,32.0869],[-101.695,32.0875],[-101.6887,32.5252],[-102.2027,32.5233],[-102.211,32.5232]]]},"properties":{"NAME":"Martin","STATE":"48"}},
{"type":"Feature","geometry":{"type":"Polygon","coordinates":[[[-98.965,31.5],[-98.3313,31.5],[-98.4637,31.684],[-98.4928,31.7236],[-98.6684,31.7005],[-98.7601,31.6879],[-98.78,31.6107],[-98.965,31.5]]]},"properties":{"NAME":"Mills","STATE":"48"}},
{"type":"Feature","geometry":{"type":"Polygon","coordinates":[[[-90.6787,45.5],[-91.5407,45.5],[-91.5413,45.292],[-90.9252,45.292],[-90.9252,45.3794],[-90.6787,45.3778],[-90.6787,45.5]]]},"properties":{"NAME":"Rusk","STATE":"55"}},
{"type":"Feature","geometry":{"type":"Polygon","coordinates":[[[-90,43.1871],[-90,43.6409],[-90.3124,43.641],[-90.3111,43.554],[-90.192,43.555],[-90.1938,43.1645],[-90,43.1871]]]},"properties":{"NAME":"Sauk","STATE":"55"}},
{"type":"Feature","geometry":{"type":"Polygon","coordinates":[[[-90.6787,45.3778],[-90.9252,45.3794],[-90.9252,45.292],[-90.9234,45.0311],[-90.315,45.0338],[-90.1975,45.0336],[-90.1978,45.1206],[-90.0437,45.1202],[-90.0423,45.3819],[-90.6787,45.3778]]]},"properties":{"NAME":"Taylor","STATE":"55"}},
{"type":"Feature","geometry":{"type":"Polygon","coordinates":[[[-90.3124,43.641],[-90.3122,43.7313],[-90.9105,43.7253],[-91.2682,43.7266],[-91.2687,43.6153],[-91.2177,43.5005],[-91.2055,43.4229],[-90.6686,43.423],[-90.6717,43.553],[-90.3111,43.554],[-90.3124,43.641]]]},"properties":{"NAME":"Vernon","STATE":"55"}},
{"type":"Feature","geometry":{"type":"Polygon","coordinates":[[[-107.1468,44.1657],[-107.145,44.324],[-107.2001,44.442],[-107.3043,44.4638],[-107.3696,44.5598],[-107.6159,44.7013],[-107.7415,44.7144],[-107.8323,44.7902],[-107.9115,45.0009],[-108.2493,44.9995],[-108.6213,45.0004],[-108.5923,44.8714],[-108.5506,44.1685],[-107.1468,44.1657]]]},"properties":{"NAME":"Big Horn","STATE":"56"}},
{"type":"Feature","geometry":{"type":"Polygon","coordinates":[[[-105.0798,43.4984],[-106.0174,43.495],[-106.0781,43.4945],[-106.0727,42.7782],[-106.0759,42.4332],[-106.0734,42.4332],[-105.556,42.4306],[-105.6139,42.3045],[-105.3755,42.2901],[-105.2839,42.4314],[-105.2865,42.6058],[-104.8924,42.6089],[-104.8999,43.4996],[-105.0798,43.4984]]]},"properties":{"NAME":"Converse","STATE":"56"}},
{"type":"Feature","geometry":{"type":"Polygon","coordinates":[[[-108.5508,44.0794],[-108.7923,44.0796],[-108.7918,43.9911],[-108.916,43.9909],[-108.9128,43.9048],[-109.0929,43.9045],[-109.0936,43.8176],[-109.3129,43.8133],[-109.1714,43.6992],[-109.1716,43.6198],[-108.9341,43.6192],[-108.6947,43.5758],[-108.6951,43.5323],[-108.3379,43.4598],[-107.5951,43.4723],[-107.5951,43.5014],[-107.5952,43.6464],[-107.7162,43.6458],[-107.7159,43.7333],[-107.9566,43.7334],[-107.9564,43.8187],[-108.1749,43.819],[-108.4296,43.9034],[-108.5508,44.0794]]]},"properties":{"NAME":"Hot Springs","STATE":"56"}},
{"type":"Feature","geometry":{"type":"Polygon","coordinates":[[[-106.0781,43.4945],[-106.0174,43.495],[-106.0092,43.8216],[-106.0165,44.1697],[-106.0097,44.564],[-106.4289,44.5568],[-107.3696,44.5598],[-107.3043,44.4638],[-107.2001,44.442],[-107.145,44.324],[-107.1468,44.1657],[-107.1286,44.1657],[-107.1107,43.5003],[-106.0781,43.4945]]]},"properties":{"NAME":"Johnson","STATE":"56"}},
{"type":"Feature","geometry":{"type":"Polygon","coordinates":[[[-101.6228,35.6241],[-101.6235,36.0554],[-102.163,36.0552],[-102.1628,35.6275],[-102.1628,35.62],[-101.6228,35.6202],[-101.6228,35.6241]]]},"properties":{"NAME":"Moore","STATE":"48"}},
{"type":"Feature","geometry":{"type":"Polygon","coordinates":[[[-91.5291,44.5962],[-91.6502,44.5966],[-92.0292,44.5863],[-92.0839,44.4062],[-91.9256,44.3335],[-91.8629,44.193],[-91.5592,44.024],[-91.5342,44.096],[-91.613,44.1726],[-91.5297,44.2468],[-91.5291,44.5962]]]},"properties":{"NAME":"Buffalo","STATE":"55"}},
{"type":"Feature","geometry":{"type":"Polygon","coordinates":[[[-90.3163,44.6852],[-90.315,45.0338],[-90.9234,45.0311],[-90.9222,44.8573],[-90.9223,44.5963],[-90.9231,44.5098],[-90.8019,44.5096],[-90.8019,44.4223],[-90.316,44.4247],[-90.3163,44.6852]]]},"properties":{"NAME":"Clark","STATE":"55"}},
{"type":"Feature","geometry":{"type":"Polygon","coordinates":[[[-90.6668,43.1718],[-90.6686,43.423],[-91.2055,43.4229],[-91.2102,43.3721],[-91.0579,43.2554],[-91.1772,43.0802],[-91.1631,42.9868],[-91.0653,42.9921],[-90.8457,43.0776],[-90.6668,43.1718]]]},"properties":{"NAME":"Crawford","STATE":"55"}},
{"type":"Feature","geometry":{"type":"Polygon","coordinates":[[[-112,39.3257],[-112,39.0443],[-111.8535,39.033],[-111.2994,39.0323],[-111.3012,39.4673],[-111.2473,39.4672],[-111.2474,39.7046],[-111.2475,39.8133],[-111.6406,39.813],[-111.5851,39.7401],[-111.7186,39.6946],[-111.7132,39.4601],[-111.7471,39.3828],[-111.9225,39.3815],[-112,39.3257]]]},"properties":{"NAME":"Sanpete","STATE":"49"}},
{"type":"Feature","geometry":{"type":"Polygon","coordinates":[[[-111.0466,41.2517],[-111.2648,41.1443],[-111.5086,41.0628],[-111.593,40.993],[-111.4796,40.8584],[-111.5196,40.7918],[-111.641,40.7991],[-111.5531,40.6094],[-111.3749,40.6327],[-111.1514,40.5484],[-111.0244,40.5775],[-110.9019,40.6782],[-110.8931,40.7273],[-110.375,40.7882],[-110.2943,40.8342],[-110.0007,40.8138],[-110.0007,40.9974],[-110.0485,40.9971],[-111.0467,40.998],[-111.0466,41.2517]]]},"properties":{"NAME":"Summit","STATE":"49"}},
{"type":"Feature","geometry":{"type":"Polygon","coordinates":[[[-111.5939,40.5771],[-112,40.4228],[-112,39.7986],[-111.9094,39.8945],[-111.7948,39.9312],[-111.6406,39.813],[-111.2475,39.8133],[-110.8579,39.8124],[-110.8919,39.8991],[-111.0825,39.9002],[-111.0831,39.9432],[-111.2058,40.0474],[-111.2255,40.1673],[-111.3148,40.2876],[-111.4265,40.2869],[-111.4803,40.3622],[-111.6117,40.4315],[-111.5939,40.5771]]]},"properties":{"NAME":"Utah","STATE":"49"}},
{"type":"Feature","geometry":{"type":"Polygon","coordinates":[[[-111.8855,41.4264],[-112,41.3763],[-112,41.145],[-111.8563,41.1391],[-111.8584,41.1974],[-111.6782,41.181],[-111.5959,41.2391],[-111.4966,41.2269],[-111.4206,41.3614],[-111.5108,41.4231],[-111.6666,41.4288],[-111.7265,41.3758],[-111.8855,41.4264]]]},"properties":{"NAME":"Weber","STATE":"49"}},
{"type":"Feature","geometry":{"type":"Polygon","coordinates":[[[-110.5787,43.2352],[-110.814,43.2352],[-110.814,43.3159],[-111.0446,43.3157],[-111.0442,43.0201],[-111.0462,42.5131],[-111.0467,42.0016],[-111.0464,41.5798],[-110.048,41.578],[-110.0537,42.2707],[-110.5416,42.2775],[-110.5901,42.7101],[-110.5787,43.2352]]]},"properties":{"NAME":"Lincoln","STATE":"56"}},
{"type":"Feature","geometry":{"type":"Polygon","coordinates":[[[-109.0421,37.8812],[-109.0421,38.153],[-109.06,38.5],[-110.0254,38.5],[-110.0151,38.3646],[-109.8873,38.1902],[-109.9279,38.1519],[-110.283,37.8662],[-110.4046,37.8799],[-110.4977,37.6522],[-110.6464,37.5411],[-110.6391,37.4871],[-110.7778,37.323],[-110.8698,37.3487],[-110.8995,37.1762],[-110.9583,37.1244],[-111.1783,37.1026],[-111.2475,37.0216],[-111.4128,37.0015],[-110.7507,37.0032],[-110.0007,36.998],[-109.0452,36.9991],[-109.0431,37.4852],[-109.0421,37.8812]]]},"properties":{"NAME":"San Juan","STATE":"49"}},
{"type":"Feature","geometry":{"type":"Polygon","coordinates":[[[-92.0652,32.723],[-92.0691,33.0082],[-92.7247,33.0143],[-92.7254,32.7595],[-92.5713,32.7486],[-92.5184,32.6707],[-92.415,32.6701],[-92.4151,32.5828],[-92.2723,32.581],[-92.0652,32.723]]]},"properties":{"NAME":"Union","STATE":"22"}},
{"type":"Feature","geometry":{"type":"Polygon","coordinates":[[[-96.0331,35.8568],[-96.0296,36.0754],[-96.2978,36.0758],[-96.2979,36.1623],[-96.6214,36.1599],[-96.6211,35.9415],[-96.6206,35.639],[-96.1926,35.6391],[-96.1925,35.857],[-96.0331,35.8568]]]},"properties":{"NAME":"Creek","STATE":"40"}},
{"type":"Feature","geometry":{"type":"Polygon","coordinates":[[[-97.4625,36.5936],[-98.1043,36.5936],[-98.1044,36.4631],[-98.1039,36.1649],[-97.6756,36.1647],[-97.4608,36.1645],[-97.4616,36.5936],[-97.4625,36.5936]]]},"properties":{"NAME":"Garfield","STATE":"40"}},
{"type":"Feature","geometry":{"type":"Polygon","coordinates":[[[-111.0467,42.0016],[-111.5073,41.9995],[-111.4713,41.9282],[-111.4269,41.6779],[-111.4429,41.5314],[-111.5108,41.4231],[-111.4206,41.3614],[-111.3317,41.3574],[-111.2214,41.2129],[-111.2648,41.1443],[-111.0466,41.2517],[-111.0464,41.5798],[-111.0467,42.0016]]]},"properties":{"NAME":"Rich","STATE":"49"}},
{"type":"Feature","geometry":{"type":"Polygon","coordinates":[[[-111.3058,38.5102],[-111.2994,39.0323],[-111.8535,39.033],[-112,39.0443],[-112,38.5044],[-111.7667,38.502],[-111.3058,38.5102]]]},"properties":{"NAME":"Sevier","STATE":"49"}},
{"type":"Feature","geometry":{"type":"Polygon","coordinates":[[[-109.9279,38.1519],[-109.8873,38.1902],[-110.0151,38.3646],[-110.0254,38.5],[-111.3059,38.5],[-111.3058,38.5102],[-111.7667,38.502],[-111.8489,38.425],[-111.8428,38.1513],[-110.6874,38.1514],[-109.9279,38.1519]]]},"properties":{"NAME":"Wayne","STATE":"49"}},
{"type":"Feature","geometry":{"type":"Polygon","coordinates":[[[-95.3881,43.2552],[-95.3882,42.9099],[-94.9139,42.9097],[-94.9137,43.2551],[-95.3881,43.2552]]]},"properties":{"NAME":"Clay","STATE":"19"}},
{"type":"Feature","geometry":{"type":"Polygon","coordinates":[[[-91.1631,42.9868],[-91.1772,43.0802],[-91.6053,43.0817],[-91.6071,42.644],[-91.1328,42.6458],[-90.897,42.6744],[-91.0537,42.7382],[-91.1631,42.9868]]]},"properties":{"NAME":"Clayton","STATE":"19"}},
{"type":"Feature","geometry":{"type":"Polygon","coordinates":[[[-94.2803,41.863],[-94.2801,41.6013],[-94.2416,41.5037],[-93.7906,41.5119],[-93.8143,41.6004],[-93.8155,41.8634],[-94.1641,41.8632],[-94.2803,41.863]]]},"properties":{"NAME":"Dallas","STATE":"19"}},
{"type":"Feature","geometry":{"type":"Polygon","coordinates":[[[-91.3707,41.0741],[-91.3721,40.8126],[-91.4093,40.8127],[-91.1123,40.6962],[-91.093,40.8211],[-90.9522,40.954],[-90.9485,41.0702],[-90.9494,41.0727],[-91.3707,41.0741]]]},"properties":{"NAME":"Des Moines","STATE":"19"}},
{"type":"Feature","geometry":{"type":"Polygon","coordinates":[[[-94.3975,42.2092],[-94.6288,42.2094],[-94.6287,41.8628],[-94.2803,41.863],[-94.1641,41.8632],[-94.1647,42.2099],[-94.3975,42.2092]]]},"properties":{"NAME":"Greene","STATE":"19"}},
{"type":"Feature","geometry":{"type":"Polygon","coordinates":[[[-93.9712,42.9078],[-93.4986,42.9085],[-93.4976,43.2555],[-93.9704,43.2554],[-93.9712,42.9078]]]},"properties":{"NAME":"Hancock","STATE":"19"}},
{"type":"Feature","geometry":{"type":"Polygon","coordinates":[[[-94.4431,42.6452],[-93.9717,42.6447],[-93.9712,42.9078],[-94.443,42.9081],[-94.4431,42.6452]]]},"properties":{"NAME":"Humboldt","STATE":"19"}},
{"type":"Feature","geometry":{"type":"Polygon","coordinates":[[[-93.2319,41.8627],[-93.3479,41.8631],[-93.3487,41.601],[-93.3286,41.5078],[-92.8714,41.5085],[-92.7565,41.5088],[-92.766,41.8624],[-93.2319,41.8627]]]},"properties":{"NAME":"Jasper","STATE":"19"}},
{"type":"Feature","geometry":{"type":"Polygon","coordinates":[[[-91.3707,41.0741],[-90.9494,41.0727],[-90.9897,41.1557],[-91.1136,41.2414],[-91.0797,41.3337],[-91.3693,41.3361],[-91.3685,41.4232],[-91.484,41.4238],[-91.4857,41.1624],[-91.3703,41.1612],[-91.3707,41.0741]]]},"properties":{"NAME":"Louisa","STATE":"19"}},
{"type":"Feature","geometry":{"type":"Polygon","coordinates":[[[-93.0243,43.4996],[-93.0241,43.2555],[-93.0241,43.2128],[-92.5544,43.2128],[-92.5531,43.5003],[-93.0243,43.4996]]]},"properties":{"NAME":"Mitchell","STATE":"19"}},
{"type":"Feature","geometry":{"type":"Polygon","coordinates":[[[-94.4431,43.255],[-94.9137,43.2551],[-94.9139,42.9097],[-94.443,42.9081],[-94.4431,43.255]]]},"properties":{"NAME":"Palo Alto","STATE":"19"}},
{"type":"Feature","geometry":{"type":"Polygon","coordinates":[[[-92.2975,41.5098],[-92.2982,41.8628],[-92.766,41.8624],[-92.7565,41.5088],[-92.412,41.5095],[-92.2975,41.5098]]]},"properties":{"NAME":"Poweshiek","STATE":"19"}},
{"type":"Feature","geometry":{"type":"Polygon","coordinates":[[[-95.0408,41.5047],[-95.0925,41.6021],[-95.0929,41.8634],[-95.5573,41.8634],[-95.5581,41.6024],[-95.498,41.5061],[-95.1547,41.5052],[-95.0408,41.5047]]]},"properties":{"NAME":"Shelby","STATE":"19"}},
{"type":"Feature","geometry":{"type":"Polygon","coordinates":[[[-92.4102,41.1619],[-92.6404,41.1613],[-92.6391,40.8989],[-92.1791,40.8997],[-92.18,41.1627],[-92.4102,41.1619]]]},"properties":{"NAME":"Wapello","STATE":"19"}},
{"type":"Feature","geometry":{"type":"Polygon","coordinates":[[[-94.443,42.5588],[-94.3977,42.4733],[-94.3975,42.2092],[-94.1647,42.2099],[-93.9316,42.2101],[-93.9317,42.472],[-93.9716,42.5581],[-93.9717,42.6447],[-94.4431,42.6452],[-94.443,42.5588]]]},"properties":{"NAME":"Webster","STATE":"19"}},
{"type":"Feature","geometry":{"type":"Polygon","coordinates":[[[-93.9712,42.9078],[-93.9717,42.6447],[-93.9716,42.5581],[-93.4995,42.5577],[-93.4986,42.9085],[-93.9712,42.9078]]]},"properties":{"NAME":"Wright","STATE":"19"}},
{"type":"Feature","geometry":{"type":"Polygon","coordinates":[[[-106.3772,32.0015],[-106.3766,32.9579],[-106.3405,33.0528],[-106.8879,32.8228],[-106.8877,32.7793],[-107.2994,32.7806],[-107.2995,32.6055],[-107.2968,31.7838],[-106.5285,31.7839],[-106.6278,31.8606],[-106.5991,32.0007],[-106.3772,32.0015]]]},"properties":{"NAME":"Doña Ana","STATE":"35"}},
{"type":"Feature","geometry":{"type":"Polygon","coordinates":[[[-107.6083,32.6054],[-107.7369,32.6295],[-107.7162,32.7627],[-107.7731,32.8538],[-107.7805,32.9528],[-107.8567,33.0025],[-107.8583,33.2009],[-108.0006,33.2016],[-108.45,33.201],[-109.0472,33.209],[-109.0471,32.7776],[-108.8544,32.7773],[-108.8531,32.6036],[-108.6464,32.6036],[-108.6472,32.5169],[-108.537,32.5168],[-108.5381,32.0798],[-108.5247,31.8637],[-108.2172,31.8641],[-108.2293,32.517],[-107.9235,32.5173],[-107.9235,32.6044],[-107.6083,32.6054]]]},"properties":{"NAME":"Grant","STATE":"35"}},
{"type":"Feature","geometry":{"type":"Polygon","coordinates":[[[-103.0425,34.9541],[-103.0424,35.1832],[-103.0416,35.6225],[-103.0414,35.7393],[-103.375,35.74],[-103.3799,35.398],[-103.6371,35.3897],[-103.6371,35.2409],[-103.8575,35.2422],[-104.1248,35.1422],[-104.1294,34.7793],[-104.1289,34.6052],[-103.9488,34.6051],[-103.7382,34.6047],[-103.7058,34.6925],[-103.496,34.6915],[-103.4954,34.7787],[-103.3903,34.7781],[-103.3894,34.8653],[-103.2842,34.865],[-103.283,34.954],[-103.0425,34.9541]]]},"properties":{"NAME":"Quay","STATE":"35"}},
{"type":"Feature","geometry":{"type":"Polygon","coordinates":[[[-103.0408,36.0552],[-103.0417,36.4785],[-103.0024,36.5004],[-103.0022,37.0001],[-103.0861,36.9999],[-104.0079,36.9962],[-104.0089,36.218],[-104.009,36.1745],[-103.794,36.174],[-103.7943,36.0858],[-103.365,36.0864],[-103.375,35.74],[-103.0414,35.7393],[-103.0408,36.0552]]]},"properties":{"NAME":"Union","STATE":"35"}},
{"type":"Feature","geometry":{"type":"Polygon","coordinates":[[[-92.8961,35.1707],[-93.0847,35.1274],[-93.1561,35.2353],[-93.2783,35.3174],[-93.28,35.2126],[-93.457,35.2158],[-93.5298,35.1454],[-93.7067,35.1349],[-93.7049,35.0197],[-93.7103,34.7453],[-93.3943,34.7434],[-93.2878,34.7732],[-93.2883,34.861],[-93.1815,34.9764],[-93.0405,35.0769],[-92.8961,35.1707]]]},"properties":{"NAME":"Yell","STATE":"05"}},
{"type":"Feature","geometry":{"type":"Polygon","coordinates":[[[-103.3999,38.2654],[-103.4043,37.6436],[-103.0759,37.6434],[-102.7476,37.6436],[-102.7423,38.267],[-103.3999,38.2654]]]},"properties":{"NAME":"Bent","STATE":"08"}},
{"type":"Feature","geometry":{"type":"Polygon","coordinates":[[[-105.3989,39.5661],[-105.3979,39.7471],[-105.5451,39.7736],[-105.6903,39.852],[-105.7364,39.8048],[-105.8874,39.797],[-105.9246,39.699],[-105.7931,39.6363],[-105.8297,39.5649],[-105.3989,39.5661]]]},"properties":{"NAME":"Clear Creek","STATE":"08"}},
{"type":"Feature","geometry":{"type":"Polygon","coordinates":[[[-105.0492,38.258],[-105.7969,38.265],[-105.6763,38.1462],[-105.6044,38.0087],[-105.4732,37.896],[-105.3171,37.9389],[-105.1946,38.0076],[-105.0499,37.9155],[-105.0492,38.258]]]},"properties":{"NAME":"Custer","STATE":"08"}},
{"type":"Feature","geometry":{"type":"Polygon","coordinates":[[[-95.7889,39.653],[-95.5641,39.6529],[-95.3397,39.653],[-95.3399,40],[-95.7881,40.0005],[-95.7889,39.653]]]},"properties":{"NAME":"Brown","STATE":"20"}},
{"type":"Feature","geometry":{"type":"Polygon","coordinates":[[[-101.411,40.0024],[-102.0517,40.0031],[-102.0498,39.5741],[-102.0498,39.5682],[-101.4139,39.5684],[-101.411,40.0024]]]},"properties":{"NAME":"Cheyenne","STATE":"20"}},
{"type":"Feature","geometry":{"type":"Polygon","coordinates":[[[-93.768,44.1958],[-93.5252,44.196],[-93.5243,44.5436],[-93.9104,44.5432],[-93.9296,44.4566],[-93.9327,44.3449],[-94.0118,44.2392],[-93.768,44.2394],[-93.768,44.1958]]]},"properties":{"NAME":"Le Sueur","STATE":"27"}},
{"type":"Feature","geometry":{"type":"Polygon","coordinates":[[[-95.4624,43.8479],[-95.4625,44.1959],[-95.5936,44.1955],[-96.0638,44.1964],[-96.0646,43.849],[-96.0523,43.8491],[-95.4624,43.8479]]]},"properties":{"NAME":"Murray","STATE":"27"}},
{"type":"Feature","geometry":{"type":"Polygon","coordinates":[[[-93.2815,44.544],[-93.5243,44.5436],[-93.5252,44.196],[-93.4066,44.1964],[-93.0459,44.1967],[-93.0412,44.1967],[-93.0395,44.4719],[-93.2817,44.472],[-93.2815,44.544]]]},"properties":{"NAME":"Rice","STATE":"27"}},
{"type":"Feature","geometry":{"type":"Polygon","coordinates":[[[-93.9296,44.4566],[-93.9104,44.5432],[-93.8577,44.6211],[-93.768,44.6403],[-93.8886,44.717],[-94.0105,44.7175],[-94.2541,44.7179],[-94.2547,44.6303],[-94.4978,44.6299],[-94.4981,44.7172],[-94.6295,44.7167],[-94.6242,44.456],[-93.9296,44.4566]]]},"properties":{"NAME":"Sibley","STATE":"27"}},
{"type":"Feature","geometry":{"type":"Polygon","coordinates":[[[-91.5592,44.024],[-91.8629,44.193],[-92.0794,44.1927],[-92.0795,44.107],[-92.0793,43.8471],[-91.7304,43.8469],[-91.2841,43.8471],[-91.4201,43.9842],[-91.5592,44.024]]]},"properties":{"NAME":"Winona","STATE":"27"}},
{"type":"Feature","geometry":{"type":"Polygon","coordinates":[[[-90.1368,33.7216],[-90.1278,33.677],[-90,33.6769],[-90,33.8188],[-90.1365,33.8093],[-90.1368,33.7216]]]},"properties":{"NAME":"Grenada","STATE":"28"}},
{"type":"Feature","geometry":{"type":"Polygon","coordinates":[[[-104.0539,38.5224],[-104.0555,38.8689],[-104.0517,39.1284],[-104.6629,39.1295],[-105.0335,39.1298],[-105.0289,38.8689],[-104.939,38.7969],[-104.9424,38.6499],[-104.9415,38.5196],[-104.0539,38.5224]]]},"properties":{"NAME":"El Paso","STATE":"08"}},
{"type":"Feature","geometry":{"type":"Polygon","coordinates":[[[-106.6521,40.4452],[-106.6323,40.3416],[-106.6266,39.9248],[-106.4345,39.9249],[-106.252,39.9147],[-106.0837,39.806],[-106.0238,39.6884],[-105.9246,39.699],[-105.8874,39.797],[-105.7364,39.8048],[-105.6903,39.852],[-105.6758,39.9324],[-105.6388,40.0388],[-105.6533,40.2605],[-105.8549,40.4863],[-105.9597,40.3481],[-106.0186,40.3733],[-106.2301,40.3234],[-106.4434,40.3465],[-106.4898,40.4116],[-106.6123,40.3794],[-106.6521,40.4452]]]},"properties":{"NAME":"Grand","STATE":"08"}},
{"type":"Feature","geometry":{"type":"Polygon","coordinates":[[[-93.3728,32.4102],[-93.2367,32.4101],[-93.1472,32.4552],[-93.1788,32.5849],[-93.2374,32.7163],[-93.2386,33.018],[-93.4905,33.0184],[-93.521,33.0186],[-93.448,32.8663],[-93.4412,32.4104],[-93.3728,32.4102]]]},"properties":{"NAME":"Webster","STATE":"22"}},
{"type":"Feature","geometry":{"type":"Polygon","coordinates":[[[-107.5006,39.2179],[-107.5007,38.6686],[-107.5,38.3019],[-107.635,38.3019],[-107.5686,38.1473],[-107.0011,38.1471],[-107.0006,38.4256],[-106.2469,38.4228],[-106.4521,38.6988],[-106.3261,38.911],[-106.465,38.9104],[-106.5992,38.998],[-106.695,39.0557],[-106.8019,38.9783],[-107.0016,39.0423],[-107.0663,39.1188],[-107.2825,39.1187],[-107.3945,39.2563],[-107.5006,39.2179]]]},"properties":{"NAME":"Gunnison","STATE":"08"}},
{"type":"Feature","geometry":{"type":"Polygon","coordinates":[[[-105.4732,37.896],[-105.4289,37.8517],[-105.4573,37.7515],[-105.4855,37.5779],[-105.2956,37.6544],[-105.1875,37.6197],[-105.1542,37.2931],[-104.9955,37.3756],[-104.7489,37.407],[-104.5487,37.5747],[-104.4549,37.7408],[-104.3511,37.8175],[-104.6464,37.9005],[-105.0137,37.8813],[-105.0499,37.9155],[-105.1946,38.0076],[-105.3171,37.9389],[-105.4732,37.896]]]},"properties":{"NAME":"Huerfano","STATE":"08"}},
{"type":"Feature","geometry":{"type":"Polygon","coordinates":[[[-106.4265,39.3619],[-106.4851,39.3126],[-106.5086,39.1667],[-106.578,39.0579],[-106.191,39.0561],[-106.184,39.3094],[-106.1355,39.3795],[-106.2067,39.3796],[-106.4265,39.3619]]]},"properties":{"NAME":"Lake","STATE":"08"}},
{"type":"Feature","geometry":{"type":"Polygon","coordinates":[[[-106.6938,37.8352],[-106.6935,37.8735],[-106.8792,37.9611],[-107.0006,37.956],[-107.1382,37.9388],[-107.1451,37.6755],[-107.1287,37.4229],[-107.1287,37.3924],[-106.7108,37.4042],[-106.7116,37.6643],[-106.6938,37.8352]]]},"properties":{"NAME":"Mineral","STATE":"08"}},
{"type":"Feature","geometry":{"type":"Polygon","coordinates":[[[-103.5018,38.265],[-103.5094,38.1725],[-103.6192,38.1134],[-103.8356,38.1133],[-104.0582,38.1465],[-104.0611,37.7347],[-104.0582,37.644],[-103.4043,37.6436],[-103.3999,38.2654],[-103.5018,38.265]]]},"properties":{"NAME":"Otero","STATE":"08"}},
{"type":"Feature","geometry":{"type":"Polygon","coordinates":[[[-104.0539,38.5224],[-104.9415,38.5196],[-104.9404,38.2583],[-105.0492,38.258],[-105.0499,37.9155],[-105.0137,37.8813],[-104.6464,37.9005],[-104.3511,37.8175],[-104.0611,37.7347],[-104.0582,38.1465],[-104.0539,38.5224]]]},"properties":{"NAME":"Pueblo","STATE":"08"}},
{"type":"Feature","geometry":{"type":"Polygon","coordinates":[[[-106.4345,39.9249],[-106.3855,39.7672],[-106.1776,39.6091],[-106.2516,39.465],[-106.2067,39.3796],[-106.1355,39.3795],[-106.0176,39.3655],[-105.8297,39.5649],[-105.7931,39.6363],[-105.9246,39.699],[-106.0238,39.6884],[-106.0837,39.806],[-106.252,39.9147],[-106.4345,39.9249]]]},"properties":{"NAME":"Summit","STATE":"08"}},
{"type":"Feature","geometry":{"type":"Polygon","coordinates":[[[-93.7678,43.848],[-93.768,44.1958],[-93.768,44.2394],[-94.0118,44.2392],[-94.0553,44.154],[-94.3717,44.2644],[-94.3688,44.1087],[-94.369,43.848],[-94.2471,43.8479],[-93.7678,43.848]]]},"properties":{"NAME":"Blue Earth","STATE":"27"}},
{"type":"Feature","geometry":{"type":"Polygon","coordinates":[[[-95.737,44.9362],[-95.4985,44.7869],[-95.4828,44.7525],[-95.4829,44.8907],[-95.2485,44.8913],[-95.2465,45.1524],[-96.0367,45.1522],[-95.737,44.9362]]]},"properties":{"NAME":"Chippewa","STATE":"27"}},
{"type":"Feature","geometry":{"type":"Polygon","coordinates":[[[-94.8594,43.8481],[-94.8598,44.108],[-95.1002,44.108],[-95.1088,44.195],[-95.4625,44.1959],[-95.4624,43.8479],[-95.4525,43.848],[-94.8594,43.8481]]]},"properties":{"NAME":"Cottonwood","STATE":"27"}},
{"type":"Feature","geometry":{"type":"Polygon","coordinates":[[[-93.6483,43.8481],[-93.6485,43.4996],[-93.4973,43.4995],[-93.0492,43.4996],[-93.0495,43.8484],[-93.4066,43.8481],[-93.6483,43.8481]]]},"properties":{"NAME":"Freeborn","STATE":"27"}},
{"type":"Feature","geometry":{"type":"Polygon","coordinates":[[[-94.6074,39.1134],[-94.6074,39.0441],[-94.608,38.8472],[-94.1191,38.8332],[-94.1142,38.9173],[-94.1048,39.1435],[-94.2125,39.2071],[-94.2899,39.2371],[-94.4616,39.1204],[-94.6074,39.1134]]]},"properties":{"NAME":"Jackson","STATE":"29"}},
{"type":"Feature","geometry":{"type":"Polygon","coordinates":[[[-98.927,43.9351],[-99.3559,43.9344],[-99.3108,43.8552],[-99.4101,43.7746],[-99.2979,43.4999],[-98.7946,43.4992],[-98.8078,43.9352],[-98.927,43.9351]]]},"properties":{"NAME":"Brule","STATE":"46"}},
{"type":"Feature","geometry":{"type":"Polygon","coordinates":[[[-97.4913,44.804],[-97.4943,45.1516],[-97.9818,45.1533],[-97.9778,44.6316],[-97.8562,44.6312],[-97.853,44.5444],[-97.4923,44.5439],[-97.4913,44.804]]]},"properties":{"NAME":"Clark","STATE":"46"}},
{"type":"Feature","geometry":{"type":"Polygon","coordinates":[[[-97.9815,45.2404],[-97.9818,45.1533],[-97.4943,45.1516],[-97.2263,45.1518],[-97.2262,45.2976],[-97.2269,45.5],[-97.9801,45.5],[-97.9815,45.2404]]]},"properties":{"NAME":"Day","STATE":"46"}},
{"type":"Feature","geometry":{"type":"Polygon","coordinates":[[[-99.3118,44.8972],[-98.7165,44.8969],[-98.7178,45.2437],[-98.7225,45.2438],[-99.5734,45.2454],[-99.5727,44.8973],[-99.3118,44.8972]]]},"properties":{"NAME":"Faulk","STATE":"46"}},
{"type":"Feature","geometry":{"type":"Polygon","coordinates":[[[-97.4923,44.5439],[-97.128,44.5431],[-96.8855,44.5438],[-96.8846,44.8044],[-97.4913,44.804],[-97.4923,44.5439]]]},"properties":{"NAME":"Hamlin","STATE":"46"}},
{"type":"Feature","geometry":{"type":"Polygon","coordinates":[[[-98.0771,43.1683],[-97.6375,43.1688],[-97.3992,43.1694],[-97.4014,43.4998],[-97.607,43.4998],[-97.965,43.499],[-98.1148,43.4983],[-98.1095,43.1968],[-98.0771,43.1683]]]},"properties":{"NAME":"Hutchinson","STATE":"46"}},
{"type":"Feature","geometry":{"type":"Polygon","coordinates":[[[-97.3701,44.195],[-97.1297,44.1959],[-97.128,44.5431],[-97.4923,44.5439],[-97.853,44.5444],[-97.8537,44.1952],[-97.8495,44.1952],[-97.3701,44.195]]]},"properties":{"NAME":"Kingsbury","STATE":"46"}},
{"type":"Feature","geometry":{"type":"Polygon","coordinates":[[[-109.046,36.0023],[-109.0452,36.9991],[-110.0007,36.998],[-109.9992,36.6959],[-110.0007,35.6627],[-109.8269,35.6625],[-109.8438,35.5179],[-109.8446,34.8226],[-109.8652,34.5597],[-109.8482,34.4734],[-109.8593,33.7777],[-109.8918,33.5678],[-109.7998,33.4883],[-109.4954,33.6527],[-109.3481,33.7775],[-109.0466,33.7782],[-109.0462,34.5793],[-109.0459,34.9597],[-109.046,36.0023]]]},"properties":{"NAME":"Apache","STATE":"04"}},
{"type":"Feature","geometry":{"type":"Polygon","coordinates":[[[-111.0399,33.4661],[-110.9467,33.2501],[-110.7808,32.9837],[-110.678,33.1112],[-110.449,33.1945],[-110.4415,33.3817],[-110.3409,33.4271],[-110.0006,33.4659],[-110.0006,33.5769],[-110.0007,34],[-110.7507,34],[-110.7507,34.2633],[-110.8481,34.2672],[-111.0967,34.3964],[-111.1471,34.3752],[-111.2509,34.4533],[-111.3972,34.4261],[-111.5024,34.4981],[-111.5551,34.4722],[-111.6595,34.3864],[-111.7207,34.1617],[-111.4779,34.1511],[-111.4948,33.9998],[-111.3723,33.8239],[-111.3894,33.7767],[-111.2628,33.6232],[-111.1534,33.6776],[-111.0399,33.4661]]]},"properties":{"NAME":"Gila","STATE":"04"}},
{"type":"Feature","geometry":{"type":"Polygon","coordinates":[[[-110.4512,32.5138],[-111.2706,32.5014],[-112,32.5068],[-112,31.6266],[-111.5983,31.5],[-111.3666,31.5],[-111.1637,31.5218],[-111.1642,31.726],[-110.4517,31.7313],[-110.4515,32.4274],[-110.4512,32.5138]]]},"properties":{"NAME":"Pima","STATE":"04"}},
{"type":"Feature","geometry":{"type":"Polygon","coordinates":[[[-91.9758,33.7044],[-92.3308,33.7078],[-92.3111,33.4998],[-92.3745,33.3787],[-92.3504,33.2989],[-92.2241,33.2518],[-92.1375,33.163],[-92.1285,33.2088],[-91.9773,33.302],[-91.9902,33.3982],[-91.9758,33.7044]]]},"properties":{"NAME":"Bradley","STATE":"05"}},
{"type":"Feature","geometry":{"type":"Polygon","coordinates":[[[-91.8372,35.7049],[-92.2405,35.7122],[-92.2528,35.3637],[-92.1115,35.3627],[-91.852,35.3583],[-91.794,35.5341],[-91.8372,35.7049]]]},"properties":{"NAME":"Cleburne","STATE":"05"}},
{"type":"Feature","geometry":{"type":"Polygon","coordinates":[[[-91.0398,35.3543],[-91.0427,35.1482],[-90.503,35.1442],[-90.5024,35.4417],[-91.0392,35.4447],[-91.0398,35.3543]]]},"properties":{"NAME":"Cross","STATE":"05"}},
{"type":"Feature","geometry":{"type":"Polygon","coordinates":[[[-92.3368,34.0596],[-92.4937,34.1442],[-92.6784,34.1496],[-92.8863,34.1559],[-92.8935,33.8099],[-92.5831,33.8022],[-92.3342,33.7951],[-92.4008,33.9136],[-92.4756,33.9727],[-92.4717,34.0571],[-92.3368,34.0596]]]},"properties":{"NAME":"Dallas","STATE":"05"}},
{"type":"Feature","geometry":{"type":"Polygon","coordinates":[[[-90.1987,36.2014],[-90.3198,36.2591],[-90.8066,36.2669],[-90.8098,36.1496],[-90.8521,35.9681],[-90.3874,35.9647],[-90.3687,35.9958],[-90.3192,36.09],[-90.1987,36.2014]]]},"properties":{"NAME":"Greene","STATE":"05"}},
{"type":"Feature","geometry":{"type":"Polygon","coordinates":[[[-91.8494,35.8674],[-91.7106,35.9418],[-91.6823,36.0005],[-91.6914,36.2533],[-92.157,36.2612],[-92.1954,36.1328],[-92.0636,36.0244],[-92.1086,35.9313],[-91.953,35.9316],[-91.8494,35.8674]]]},"properties":{"NAME":"Izard","STATE":"05"}},
{"type":"Feature","geometry":{"type":"Polygon","coordinates":[[[-91.4456,34.0801],[-91.7273,34.1741],[-91.745,34.094],[-91.9538,34.0641],[-91.976,33.7918],[-91.5576,33.7834],[-91.5487,33.9768],[-91.4217,34.0145],[-91.4456,34.0801]]]},"properties":{"NAME":"Lincoln","STATE":"05"}},
{"type":"Feature","geometry":{"type":"Polygon","coordinates":[[[-90.7363,38.4666],[-90.7802,38.2041],[-90.64,38.0765],[-90.5833,38.0035],[-90.416,38.0423],[-90.2541,38.122],[-90.3639,38.2364],[-90.3403,38.387],[-90.4053,38.5012],[-90.5911,38.5017],[-90.7363,38.4666]]]},"properties":{"NAME":"Jefferson","STATE":"29"}},
{"type":"Feature","geometry":{"type":"Polygon","coordinates":[[[-93.267,39.7036],[-92.8579,39.7],[-92.8475,40.0373],[-92.8562,40.0373],[-93.362,40.0331],[-93.362,39.9676],[-93.3648,39.7038],[-93.267,39.7036]]]},"properties":{"NAME":"Linn","STATE":"29"}},
{"type":"Feature","geometry":{"type":"Polygon","coordinates":[[[-92.3451,40.0372],[-92.8475,40.0373],[-92.8579,39.7],[-92.6893,39.6981],[-92.6921,39.6103],[-92.3009,39.6053],[-92.2993,39.6053],[-92.2879,39.9525],[-92.3451,40.0372]]]},"properties":{"NAME":"Macon","STATE":"29"}},
{"type":"Feature","geometry":{"type":"Polygon","coordinates":[[[-92.4952,38.4278],[-92.3949,38.7391],[-92.3796,38.8001],[-92.4984,38.9221],[-92.6171,38.68],[-92.8398,38.684],[-92.8419,38.5968],[-92.6252,38.4308],[-92.4952,38.4278]]]},"properties":{"NAME":"Moniteau","STATE":"29"}},
{"type":"Feature","geometry":{"type":"Polygon","coordinates":[[[-94.0689,36.7478],[-94.0627,36.9318],[-94.0592,37.0481],[-94.6179,37.0568],[-94.6181,36.9981],[-94.6183,36.7666],[-94.0689,36.7478]]]},"properties":{"NAME":"Newton","STATE":"29"}},
{"type":"Feature","geometry":{"type":"Polygon","coordinates":[[[-91.2602,39.1398],[-91.1829,39.2272],[-90.719,39.225],[-90.8422,39.3419],[-90.94,39.3936],[-91.0424,39.4521],[-91.178,39.5982],[-91.4604,39.4507],[-91.4382,39.3187],[-91.409,39.1425],[-91.2602,39.1398]]]},"properties":{"NAME":"Pike","STATE":"29"}},
{"type":"Feature","geometry":{"type":"Polygon","coordinates":[[[-91.7152,39.6576],[-91.718,39.3391],[-91.4382,39.3187],[-91.4604,39.4507],[-91.178,39.5982],[-91.3132,39.6849],[-91.7155,39.6865],[-91.7152,39.6576]]]},"properties":{"NAME":"Ralls","STATE":"29"}},
{"type":"Feature","geometry":{"type":"Polygon","coordinates":[[[-94.0499,38.214],[-94.0583,38.0366],[-94.0657,37.901],[-93.8086,37.8928],[-93.8114,37.8346],[-93.6284,37.8294],[-93.5732,37.828],[-93.5121,37.9135],[-93.504,38.0718],[-93.5235,38.2072],[-94.0499,38.214]]]},"properties":{"NAME":"St. Clair","STATE":"29"}},
{"type":"Feature","geometry":{"type":"Polygon","coordinates":[[[-92.2523,37.4729],[-92.2514,37.0597],[-92.0887,37.0562],[-91.6556,37.0489],[-91.6466,37.4227],[-91.755,37.4241],[-91.7548,37.5988],[-91.8091,37.5989],[-92.0293,37.6025],[-92.2495,37.6045],[-92.2523,37.4729]]]},"properties":{"NAME":"Texas","STATE":"29"}},
{"type":"Feature","geometry":{"type":"Polygon","coordinates":[[[-90.2586,36.922],[-90.1112,37.0412],[-90.2232,37.0865],[-90.2177,37.315],[-90.5497,37.3176],[-90.5506,37.2726],[-90.7355,37.271],[-90.7796,37.0503],[-90.6786,36.9265],[-90.2586,36.922]]]},"properties":{"NAME":"Wayne","STATE":"29"}},
{"type":"Feature","geometry":{"type":"Polygon","coordinates":[[[-111.0443,45.0013],[-111.0382,45.3512],[-110.9177,45.3513],[-110.919,45.5],[-111.3555,45.5],[-111.3777,44.7517],[-111.2192,44.6226],[-111.1066,44.4863],[-111.049,44.4741],[-111.0555,44.6663],[-111.0443,45.0013]]]},"properties":{"NAME":"Gallatin","STATE":"30"}},
{"type":"Feature","geometry":{"type":"Polygon","coordinates":[[[-99.673,44.8975],[-99.5727,44.8973],[-99.5734,45.2454],[-99.709,45.2459],[-100.2602,45.2468],[-100.3255,45.0993],[-100.3918,45.026],[-100.4048,44.8977],[-99.673,44.8975]]]},"properties":{"NAME":"Potter","STATE":"46"}},
{"type":"Feature","geometry":{"type":"Polygon","coordinates":[[[-99.6764,44.5481],[-99.673,44.8975],[-100.4048,44.8977],[-100.4187,44.8434],[-100.5435,44.7611],[-100.6764,44.8232],[-100.7176,44.7709],[-100.6138,44.7071],[-100.6401,44.5837],[-100.5265,44.5474],[-99.6764,44.5481]]]},"properties":{"NAME":"Sully","STATE":"46"}},
{"type":"Feature","geometry":{"type":"Polygon","coordinates":[[[-100.2602,45.2468],[-99.709,45.2459],[-99.708,45.5],[-100.4035,45.5],[-100.3419,45.4729],[-100.2742,45.3818],[-100.3167,45.3179],[-100.2602,45.2468]]]},"properties":{"NAME":"Walworth","STATE":"46"}},
{"type":"Feature","geometry":{"type":"Polygon","coordinates":[[[-100.0004,34.7464],[-99.9979,34.5615],[-99.9232,34.5746],[-99.8464,34.505],[-99.6665,34.5071],[-99.6668,34.7246],[-99.7201,34.7685],[-99.7311,34.9441],[-99.8884,34.9439],[-99.8886,35.0303],[-100.0004,35.0304],[-100.0004,34.7464]]]},"properties":{"NAME":"Harmon","STATE":"40"}},
{"type":"Feature","geometry":{"type":"Polygon","coordinates":[[[-95.3492,35.0585],[-94.9279,35.0583],[-94.9279,35.2026],[-94.8143,35.2023],[-94.8136,35.3233],[-94.9018,35.3979],[-95.0499,35.4589],[-95.1705,35.3101],[-95.2438,35.2616],[-95.3446,35.2931],[-95.4512,35.296],[-95.455,35.1606],[-95.3493,35.1603],[-95.3492,35.0585]]]},"properties":{"NAME":"Haskell","STATE":"40"}},
{"type":"Feature","geometry":{"type":"Polygon","coordinates":[[[-96.4073,34.4184],[-96.5138,34.4196],[-96.5139,34.5054],[-96.8273,34.506],[-96.8808,34.5061],[-96.881,34.333],[-96.9335,34.3327],[-96.9337,34.1726],[-96.67,34.1723],[-96.5854,34.1145],[-96.4538,34.1144],[-96.4076,34.1573],[-96.4073,34.4184]]]},"properties":{"NAME":"Johnston","STATE":"40"}},
{"type":"Feature","geometry":{"type":"Polygon","coordinates":[[[-98.6211,35.0974],[-98.7503,35.1163],[-99.3602,35.1167],[-99.4093,35.1145],[-99.3278,35.0417],[-99.3062,34.8576],[-99.2465,34.8221],[-99.1473,34.8504],[-99.1491,34.7024],[-99.1031,34.6379],[-99.0011,34.5944],[-98.826,34.5944],[-98.8261,34.8555],[-98.6198,34.855],[-98.6211,35.0974]]]},"properties":{"NAME":"Kiowa","STATE":"40"}},
{"type":"Feature","geometry":{"type":"Polygon","coordinates":[[[-98.6369,36.1649],[-98.2105,36.1649],[-98.1039,36.1649],[-98.1044,36.4631],[-98.5336,36.4632],[-98.6254,36.3926],[-98.9603,36.5069],[-98.9558,36.1616],[-98.6369,36.1649]]]},"properties":{"NAME":"Major","STATE":"40"}},
{"type":"Feature","geometry":{"type":"Polygon","coordinates":[[[-96.9251,36.2465],[-96.9249,36.3333],[-97.0321,36.3334],[-97.0098,36.5069],[-97.0574,36.5936],[-97.4616,36.5936],[-97.4608,36.1645],[-97.3541,36.1591],[-97.1407,36.1592],[-97.141,36.2464],[-96.9251,36.2465]]]},"properties":{"NAME":"Noble","STATE":"40"}},
{"type":"Feature","geometry":{"type":"Polygon","coordinates":[[[-95.0076,36.9995],[-94.9994,36.6706],[-94.618,36.6679],[-94.6183,36.7666],[-94.6181,36.9981],[-95.0076,36.9995]]]},"properties":{"NAME":"Ottawa","STATE":"40"}},
{"type":"Feature","geometry":{"type":"Polygon","coordinates":[[[-96.6237,35.4007],[-96.7767,35.4114],[-96.7757,34.9],[-96.7229,34.8568],[-96.4908,34.9106],[-96.4904,35.1159],[-96.4414,35.1158],[-96.4414,35.2901],[-96.4413,35.4677],[-96.5367,35.3908],[-96.6237,35.4007]]]},"properties":{"NAME":"Seminole","STATE":"40"}},
{"type":"Feature","geometry":{"type":"Polygon","coordinates":[[[-98.9525,34.1956],[-98.8584,34.1527],[-98.7002,34.136],[-98.6101,34.161],[-98.6097,34.3337],[-98.662,34.4059],[-98.662,34.5075],[-98.8261,34.5074],[-98.826,34.5944],[-99.0011,34.5944],[-99.1031,34.6379],[-99.2207,34.4945],[-99.2114,34.3377],[-99.1909,34.2153],[-98.9525,34.1956]]]},"properties":{"NAME":"Tillman","STATE":"40"}},
{"type":"Feature","geometry":{"type":"Polygon","coordinates":[[[-104.8846,39.7402],[-104.8483,39.6592],[-105.0157,39.6787],[-105.0534,39.6214],[-105.0487,39.5661],[-104.6606,39.5659],[-103.7144,39.5663],[-103.7071,39.5663],[-103.7065,39.7399],[-104.8846,39.7402]]]},"properties":{"NAME":"Arapahoe","STATE":"08"}},
{"type":"Feature","geometry":{"type":"Polygon","coordinates":[[[-93.9354,34.3501],[-93.9258,34.1865],[-93.8207,34.1838],[-93.8231,34.0089],[-93.5288,33.9432],[-93.4567,33.9568],[-93.3734,33.9571],[-93.4342,34.0497],[-93.4786,34.3409],[-93.9354,34.3501]]]},"properties":{"NAME":"Pike","STATE":"05"}},
{"type":"Feature","geometry":{"type":"Polygon","coordinates":[[[-91.4651,35.0895],[-91.584,35.0916],[-91.8025,35.0304],[-91.8037,34.9215],[-91.6937,34.9196],[-91.7008,34.672],[-91.6385,34.6261],[-91.678,34.4819],[-91.5944,34.5681],[-91.3778,34.5635],[-91.3686,34.9127],[-91.3638,35.0519],[-91.4651,35.0895]]]},"properties":{"NAME":"Prairie","STATE":"05"}},
{"type":"Feature","geometry":{"type":"Polygon","coordinates":[[[-91.4071,36.4971],[-91.45,36.4975],[-91.4544,36.3355],[-91.5659,36.3374],[-91.5661,36.2499],[-91.6914,36.2533],[-91.6823,36.0005],[-91.7106,35.9418],[-91.4632,35.9368],[-91.3572,35.8906],[-91.3498,36.231],[-91.2589,36.2579],[-91.3087,36.4204],[-91.4071,36.4971]]]},"properties":{"NAME":"Sharp","STATE":"05"}},
{"type":"Feature","geometry":{"type":"Polygon","coordinates":[[[-111.8756,42.4163],[-111.9694,42.718],[-112,42.7138],[-112,42.2695],[-111.8972,42.2566],[-111.8756,42.4163]]]},"properties":{"NAME":"Bannock","STATE":"16"}},
{"type":"Feature","geometry":{"type":"Polygon","coordinates":[[[-91.4559,39.9455],[-91.4329,39.8406],[-91.368,39.7591],[-90.9161,39.7572],[-90.9166,39.8451],[-90.9136,40.1045],[-90.912,40.1931],[-91.5103,40.2011],[-91.4949,40.0374],[-91.4559,39.9455]]]},"properties":{"NAME":"Adams","STATE":"17"}},
{"type":"Feature","geometry":{"type":"Polygon","coordinates":[[[-90.3552,40.1242],[-90.4335,40.024],[-90.5137,39.9879],[-90.5835,39.8768],[-90,39.8729],[-90,40.1069],[-90.1966,40.0525],[-90.2865,40.055],[-90.3552,40.1242]]]},"properties":{"NAME":"Cass","STATE":"17"}},
{"type":"Feature","geometry":{"type":"Polygon","coordinates":[[[-103.369,41.4377],[-102.6367,41.4391],[-102.6365,41.7431],[-102.6776,42.0053],[-102.6978,42.0048],[-103.3633,42.0029],[-103.3704,41.6992],[-103.369,41.4377]]]},"properties":{"NAME":"Morrill","STATE":"31"}},
{"type":"Feature","geometry":{"type":"Polygon","coordinates":[[[-96.0667,40.262],[-96.0102,40.2615],[-95.5525,40.2619],[-95.5523,40.2644],[-95.6227,40.3423],[-95.71,40.5238],[-96.067,40.5231],[-96.0667,40.262]]]},"properties":{"NAME":"Nemaha","STATE":"31"}},
{"type":"Feature","geometry":{"type":"Polygon","coordinates":[[[-97.3682,41.3964],[-97.5983,41.3331],[-97.8282,41.1738],[-97.8263,41.0466],[-97.3681,41.0469],[-97.3682,41.3964]]]},"properties":{"NAME":"Polk","STATE":"31"}},
{"type":"Feature","geometry":{"type":"Polygon","coordinates":[[[-96.3192,41.045],[-96.2076,40.9956],[-96.0563,41.0654],[-95.8663,41.0517],[-95.8534,41.1603],[-95.9232,41.191],[-96.3274,41.19],[-96.3192,41.045]]]},"properties":{"NAME":"Sarpy","STATE":"31"}},
{"type":"Feature","geometry":{"type":"Polygon","coordinates":[[[-97.0199,41.743],[-97.0194,42.0906],[-97.3684,42.0909],[-97.3681,41.7432],[-97.2524,41.7431],[-97.0199,41.743]]]},"properties":{"NAME":"Stanton","STATE":"31"}},
{"type":"Feature","geometry":{"type":"Polygon","coordinates":[[[-97.0178,42.3513],[-97.3677,42.3519],[-97.3684,42.0909],[-97.0194,42.0906],[-96.8237,42.0904],[-96.8225,42.2643],[-97.0177,42.2645],[-97.0178,42.3513]]]},"properties":{"NAME":"Wayne","STATE":"31"}},
{"type":"Feature","geometry":{"type":"Polygon","coordinates":[[[-97.8248,40.6985],[-97.3684,40.6986],[-97.3681,41.0469],[-97.8263,41.0466],[-97.8257,40.6986],[-97.8248,40.6985]]]},"properties":{"NAME":"York","STATE":"31"}},
{"type":"Feature","geometry":{"type":"Polygon","coordinates":[[[-98.5763,32.5152],[-98.4752,32.513],[-98.0685,32.5116],[-98.0668,32.5588],[-98.0561,33.0033],[-98.4266,33.0079],[-98.4272,32.9523],[-98.5756,32.9543],[-98.5763,32.5152]]]},"properties":{"NAME":"Palo Pinto","STATE":"48"}},
{"type":"Feature","geometry":{"type":"Polygon","coordinates":[[[-103.9802,32.0001],[-104.0245,32],[-104.068,31.5],[-103.4833,31.5],[-103.5309,31.6423],[-103.6109,31.6518],[-103.6257,31.705],[-103.7972,31.7702],[-103.9802,32.0001]]]},"properties":{"NAME":"Reeves","STATE":"48"}},
{"type":"Feature","geometry":{"type":"Polygon","coordinates":[[[-94.3184,31.5],[-93.9836,31.5],[-93.9845,31.5694],[-94.0907,31.6206],[-94.3991,31.6536],[-94.311,31.5893],[-94.3184,31.5]]]},"properties":{"NAME":"San Augustine","STATE":"48"}},
{"type":"Feature","geometry":{"type":"Polygon","coordinates":[[[-102.1625,36.5003],[-102.163,36.0552],[-101.6235,36.0554],[-101.6239,36.4995],[-102.0323,36.5001],[-102.1625,36.5003]]]},"properties":{"NAME":"Sherman","STATE":"48"}},
{"type":"Feature","geometry":{"type":"Polygon","coordinates":[[[-97.5506,32.5554],[-97.0868,32.5494],[-97.0384,32.5487],[-97.0323,32.9893],[-97.3985,32.9908],[-97.5442,32.9942],[-97.5506,32.5554]]]},"properties":{"NAME":"Tarrant","STATE":"48"}},
{"type":"Feature","geometry":{"type":"Polygon","coordinates":[[[-107.4817,37],[-107.4821,37.4227],[-107.4822,37.6395],[-107.9701,37.6396],[-108.023,37.591],[-108.0384,37.4519],[-108.1972,37.3555],[-108.3792,36.9995],[-107.4817,37]]]},"properties":{"NAME":"La Plata","STATE":"08"}},
{"type":"Feature","geometry":{"type":"Polygon","coordinates":[[[-104.0079,36.9962],[-103.0861,36.9999],[-103.0759,37.6434],[-103.4043,37.6436],[-104.0582,37.644],[-104.0611,37.7347],[-104.3511,37.8175],[-104.4549,37.7408],[-104.5487,37.5747],[-104.7489,37.407],[-104.9955,37.3756],[-105.1542,37.2931],[-105.155,36.9953],[-104.732,36.9934],[-104.0079,36.9962]]]},"properties":{"NAME":"Las Animas","STATE":"08"}},
{"type":"Feature","geometry":{"type":"Polygon","coordinates":[[[-91.0563,34.3366],[-91.0027,34.3364],[-91.0005,34.4694],[-91.0548,34.4709],[-91.0519,34.6457],[-91.1025,34.7349],[-91.1,34.8671],[-91.1525,34.9118],[-91.1498,35.0025],[-91.2931,34.9851],[-91.3686,34.9127],[-91.3778,34.5635],[-91.2092,34.4832],[-91.1078,34.3534],[-91.0563,34.3366]]]},"properties":{"NAME":"Monroe","STATE":"05"}},
{"type":"Feature","geometry":{"type":"Polygon","coordinates":[[[-90.6036,39.1176],[-90.5746,39.1786],[-90.3707,39.1744],[-90.3141,39.2251],[-90.1481,39.2619],[-90.1537,39.5203],[-90.3018,39.5202],[-90.5811,39.5217],[-90.6137,39.3958],[-90.6036,39.1176]]]},"properties":{"NAME":"Greene","STATE":"17"}},
{"type":"Feature","geometry":{"type":"Polygon","coordinates":[[[-103.9488,34.6051],[-104.1289,34.6052],[-104.1294,34.7793],[-104.3401,34.7791],[-104.4449,34.6048],[-104.892,34.6044],[-104.8918,34.347],[-104.8931,34.0883],[-104.7862,34.0878],[-104.786,34.0001],[-104.1563,33.9954],[-104.1558,34.0833],[-103.9459,34.0828],[-103.9488,34.6051]]]},"properties":{"NAME":"De Baca","STATE":"35"}},
{"type":"Feature","geometry":{"type":"Polygon","coordinates":[[[-105.0384,45.0003],[-105.0382,45.3521],[-104.9854,45.5],[-106.2351,45.5],[-106.2795,45.3518],[-106.2797,45.1799],[-106.2636,44.9938],[-106.0248,44.9937],[-105.0766,45.0003],[-105.0384,45.0003]]]},"properties":{"NAME":"Powder River","STATE":"30"}},
{"type":"Feature","geometry":{"type":"Polygon","coordinates":[[[-98.2781,40.6983],[-98.2829,40.6983],[-98.7214,40.6989],[-98.7244,40.6898],[-98.7239,40.3504],[-98.2781,40.3503],[-98.2781,40.6983]]]},"properties":{"NAME":"Adams","STATE":"31"}},
{"type":"Feature","geometry":{"type":"Polygon","coordinates":[[[-101.9855,41.7423],[-101.9846,41.3947],[-101.4073,41.3954],[-101.4065,41.7432],[-101.4259,41.7431],[-101.9855,41.7423]]]},"properties":{"NAME":"Arthur","STATE":"31"}},
{"type":"Feature","geometry":{"type":"Polygon","coordinates":[[[-100.1985,42.8461],[-100.1833,42.781],[-100.1832,42.4334],[-100.1676,42.0858],[-99.687,42.0861],[-99.6624,42.086],[-99.6777,42.7309],[-100.134,42.8078],[-100.1985,42.8461]]]},"properties":{"NAME":"Brown","STATE":"31"}},
{"type":"Feature","geometry":{"type":"Polygon","coordinates":[[[-97.1631,42.7934],[-97.2571,42.8539],[-97.4854,42.8548],[-97.4853,42.4386],[-97.3676,42.4388],[-97.3677,42.3519],[-97.0178,42.3513],[-97.0157,42.7587],[-97.1631,42.7934]]]},"properties":{"NAME":"Cedar","STATE":"31"}},
{"type":"Feature","geometry":{"type":"Polygon","coordinates":[[[-99.2218,41.7408],[-99.6868,41.7403],[-100.2512,41.7398],[-100.2511,41.3933],[-100.2242,41.0466],[-99.426,41.0465],[-99.2076,41.047],[-99.2033,41.3941],[-99.212,41.7406],[-99.2218,41.7408]]]},"properties":{"NAME":"Custer","STATE":"31"}},
{"type":"Feature","geometry":{"type":"Polygon","coordinates":[[[-97.3687,40.3504],[-97.3684,40.6986],[-97.8248,40.6985],[-97.8241,40.3505],[-97.8208,40.3505],[-97.3687,40.3504]]]},"properties":{"NAME":"Fillmore","STATE":"31"}},
{"type":"Feature","geometry":{"type":"Polygon","coordinates":[[[-102.0666,42.0092],[-102.6776,42.0053],[-102.6365,41.7431],[-102.6367,41.4391],[-102.6104,41.2216],[-102.0555,41.2215],[-102.0553,41.3952],[-101.9846,41.3947],[-101.9855,41.7423],[-102.0679,41.7421],[-102.0666,42.0092]]]},"properties":{"NAME":"Garden","STATE":"31"}},
{"type":"Feature","geometry":{"type":"Polygon","coordinates":[[[-98.2913,41.4807],[-98.2958,41.7412],[-98.7522,41.7404],[-98.7516,41.3941],[-98.7443,41.3942],[-98.2914,41.3939],[-98.2913,41.4807]]]},"properties":{"NAME":"Greeley","STATE":"31"}},
{"type":"Feature","geometry":{"type":"Polygon","coordinates":[[[-98.3051,42.7612],[-98.5838,42.7797],[-98.8928,42.8458],[-98.9546,42.8941],[-99.257,42.8043],[-99.2458,42.7825],[-99.2346,42.088],[-99.2227,42.0879],[-98.7612,42.0885],[-98.3006,42.0889],[-98.3002,42.4369],[-98.3051,42.7612]]]},"properties":{"NAME":"Holt","STATE":"31"}},
{"type":"Feature","geometry":{"type":"Polygon","coordinates":[[[-98.9509,32.9569],[-98.5756,32.9543],[-98.4272,32.9523],[-98.4266,33.0079],[-98.4207,33.3962],[-98.9539,33.3975],[-98.9509,32.9569]]]},"properties":{"NAME":"Young","STATE":"48"}},
{"type":"Feature","geometry":{"type":"Polygon","coordinates":[[[-111.8855,41.4264],[-111.7265,41.3758],[-111.6666,41.4288],[-111.5108,41.4231],[-111.4429,41.5314],[-111.4269,41.6779],[-111.4713,41.9282],[-111.5073,41.9995],[-112,41.9979],[-112,41.5766],[-111.9166,41.5386],[-111.8855,41.4264]]]},"properties":{"NAME":"Cache","STATE":"49"}},
{"type":"Feature","geometry":{"type":"Polygon","coordinates":[[[-111.8428,38.1513],[-112,38.1509],[-112,37.5358],[-110.6464,37.5411],[-110.4977,37.6522],[-110.4046,37.8799],[-110.283,37.8662],[-109.9279,38.1519],[-110.6874,38.1514],[-111.8428,38.1513]]]},"properties":{"NAME":"Garfield","STATE":"49"}},
{"type":"Feature","geometry":{"type":"Polygon","coordinates":[[[-102.287,32.087],[-102.2112,32.0868],[-102.211,32.5232],[-103.0647,32.5222],[-103.0643,32.0871],[-102.7991,32.0858],[-102.287,32.087]]]},"properties":{"NAME":"Andrews","STATE":"48"}},
{"type":"Feature","geometry":{"type":"Polygon","coordinates":[[[-99.1959,32.0792],[-99.1187,32.0796],[-99.1143,32.5148],[-99.612,32.5147],[-99.6296,32.5147],[-99.6314,32.0813],[-99.1959,32.0792]]]},"properties":{"NAME":"Callahan","STATE":"48"}},
{"type":"Feature","geometry":{"type":"Polygon","coordinates":[[[-99.9977,34.3118],[-99.9979,34.5615],[-100.0004,34.7464],[-100.4159,34.7475],[-100.4178,34.3135],[-99.9977,34.3118]]]},"properties":{"NAME":"Childress","STATE":"48"}},
{"type":"Feature","geometry":{"type":"Polygon","coordinates":[[[-99.7217,31.5768],[-99.6132,31.5],[-99.2024,31.5],[-99.1959,32.0792],[-99.6314,32.0813],[-99.714,32.0821],[-99.7217,31.5768]]]},"properties":{"NAME":"Coleman","STATE":"48"}},
{"type":"Feature","geometry":{"type":"Polygon","coordinates":[[[-94.9276,41.1585],[-94.9285,40.9007],[-94.4708,40.8995],[-94.4706,41.1576],[-94.7006,41.1581],[-94.9276,41.1585]]]},"properties":{"NAME":"Adams","STATE":"19"}},
{"type":"Feature","geometry":{"type":"Polygon","coordinates":[[[-92.0648,42.2973],[-92.0817,42.6421],[-92.5545,42.6423],[-92.5543,42.5559],[-92.5335,42.297],[-92.2988,42.2975],[-92.0648,42.2973]]]},"properties":{"NAME":"Black Hawk","STATE":"19"}},
{"type":"Feature","geometry":{"type":"Polygon","coordinates":[[[-94.9145,42.5603],[-94.8567,42.474],[-94.8584,42.2097],[-94.6288,42.2094],[-94.3975,42.2092],[-94.3977,42.4733],[-94.443,42.5588],[-94.9145,42.5603]]]},"properties":{"NAME":"Calhoun","STATE":"19"}},
{"type":"Feature","geometry":{"type":"Polygon","coordinates":[[[-95.8594,42.9091],[-95.8599,42.5606],[-95.7416,42.5613],[-95.388,42.5617],[-95.3882,42.9099],[-95.8594,42.9091]]]},"properties":{"NAME":"Cherokee","STATE":"19"}},
{"type":"Feature","geometry":{"type":"Polygon","coordinates":[[[-91.1123,40.6962],[-91.1854,40.6381],[-90.9042,40.6392],[-90.7897,40.6358],[-90.7852,41.0687],[-90.9485,41.0702],[-90.9522,40.954],[-91.093,40.8211],[-91.1123,40.6962]]]},"properties":{"NAME":"Henderson","STATE":"17"}},
{"type":"Feature","geometry":{"type":"Polygon","coordinates":[[[-90.4443,40.7147],[-90,40.7123],[-90,41.1495],[-90.4377,41.1513],[-90.4394,41.064],[-90.4443,40.7147]]]},"properties":{"NAME":"Knox","STATE":"17"}},
{"type":"Feature","geometry":{"type":"Polygon","coordinates":[[[-90.1814,38.6604],[-90.2578,38.532],[-90.2631,38.5202],[-90.036,38.3089],[-90,38.3086],[-90,38.6581],[-90.1814,38.6604]]]},"properties":{"NAME":"St. Clair","STATE":"17"}},
{"type":"Feature","geometry":{"type":"Polygon","coordinates":[[[-90.4455,40.6278],[-90.4443,40.7147],[-90.4394,41.064],[-90.7852,41.0687],[-90.7897,40.6358],[-90.4455,40.6278]]]},"properties":{"NAME":"Warren","STATE":"17"}},
{"type":"Feature","geometry":{"type":"Polygon","coordinates":[[[-98.1574,42.8319],[-98.3097,42.8812],[-98.3051,42.7612],[-98.3002,42.4369],[-97.8344,42.4377],[-97.4853,42.4386],[-97.4854,42.8548],[-97.6351,42.845],[-97.8753,42.8587],[-97.9501,42.7696],[-98.0566,42.7708],[-98.1574,42.8319]]]},"properties":{"NAME":"Knox","STATE":"31"}},
{"type":"Feature","geometry":{"type":"Polygon","coordinates":[[[-90.2444,31.5],[-90,31.5],[-90,31.7601],[-90.1226,31.7527],[-90.2452,31.7175],[-90.2444,31.5]]]},"properties":{"NAME":"Lawrence","STATE":"28"}},
{"type":"Feature","geometry":{"type":"Polygon","coordinates":[[[-90.7368,31.6985],[-90.7373,31.6111],[-90.6332,31.6114],[-90.6333,31.5],[-90.2444,31.5],[-90.2452,31.7175],[-90.28,31.6999],[-90.7368,31.6985]]]},"properties":{"NAME":"Lincoln","STATE":"28"}},
{"type":"Feature","geometry":{"type":"Polygon","coordinates":[[[-90,34.1629],[-90,34.5544],[-90.1986,34.5544],[-90.1985,34.5111],[-90.1941,34.3014],[-90.1344,34.2652],[-90.1355,34.1601],[-90,34.1629]]]},"properties":{"NAME":"Panola","STATE":"28"}},
{"type":"Feature","geometry":{"type":"Polygon","coordinates":[[[-90.4516,33.8114],[-90.451,33.9857],[-90.657,33.9876],[-90.6586,33.6163],[-90.7635,33.6162],[-90.7635,33.5294],[-90.7638,33.2704],[-90.7163,33.27],[-90.5552,33.2705],[-90.4532,33.3295],[-90.4516,33.8114]]]},"properties":{"NAME":"Sunflower","STATE":"28"}},
{"type":"Feature","geometry":{"type":"Polygon","coordinates":[[[-95.0431,40.1301],[-94.9933,39.9007],[-94.9083,39.8122],[-94.6028,39.8196],[-94.6054,40.0392],[-94.6059,40.1261],[-95.0431,40.1301]]]},"properties":{"NAME":"Andrew","STATE":"29"}},
{"type":"Feature","geometry":{"type":"Polygon","coordinates":[[[-93.504,38.0718],[-93.0652,38.0625],[-93.0777,38.2631],[-93.0673,38.53],[-93.2905,38.5354],[-93.5127,38.5125],[-93.5235,38.2072],[-93.504,38.0718]]]},"properties":{"NAME":"Benton","STATE":"29"}},
{"type":"Feature","geometry":{"type":"Polygon","coordinates":[[[-91.9442,38.5969],[-91.8695,38.6639],[-91.6472,38.7034],[-91.634,39.0591],[-92.1104,39.0642],[-92.1709,38.7653],[-92.2207,38.6432],[-92.1617,38.5781],[-92.0652,38.5571],[-91.9442,38.5969]]]},"properties":{"NAME":"Callaway","STATE":"29"}},
{"type":"Feature","geometry":{"type":"Polygon","coordinates":[[[-93.616,37.5727],[-93.6284,37.8294],[-93.8114,37.8346],[-93.8086,37.8928],[-94.0657,37.901],[-94.0735,37.6397],[-94.0754,37.5816],[-93.616,37.5727]]]},"properties":{"NAME":"Cedar","STATE":"29"}},
{"type":"Feature","geometry":{"type":"Polygon","coordinates":[[[-94.6023,39.7472],[-94.6012,39.5304],[-94.6008,39.4562],[-94.2106,39.4547],[-94.2084,39.5272],[-94.206,39.7458],[-94.6023,39.7472]]]},"properties":{"NAME":"Clinton","STATE":"29"}},
{"type":"Feature","geometry":{"type":"Polygon","coordinates":[[[-93.1825,37.4172],[-93.0734,37.415],[-93.0716,37.4874],[-92.8535,37.484],[-92.8554,37.8957],[-93.0724,37.9026],[-93.1827,37.9041],[-93.1879,37.8027],[-93.1825,37.4172]]]},"properties":{"NAME":"Dallas","STATE":"29"}},
{"type":"Feature","geometry":{"type":"Polygon","coordinates":[[[-90.9645,38.5475],[-91.0773,38.6093],[-91.2265,38.6216],[-91.3692,38.6993],[-91.3675,38.2097],[-91.0958,38.2041],[-90.7802,38.2041],[-90.7363,38.4666],[-90.7323,38.6393],[-90.9166,38.5347],[-90.9645,38.5475]]]},"properties":{"NAME":"Franklin","STATE":"29"}},
{"type":"Feature","geometry":{"type":"Polygon","coordinates":[[[-101.5636,33.8305],[-101.5569,33.3948],[-101.0388,33.3972],[-101.0412,33.8336],[-101.5636,33.8305]]]},"properties":{"NAME":"Crosby","STATE":"48"}},
{"type":"Feature","geometry":{"type":"Polygon","coordinates":[[[-95.8618,33.2193],[-95.7308,33.3054],[-95.5844,33.3594],[-95.3086,33.3772],[-95.3066,33.378],[-95.3086,33.3807],[-95.621,33.4871],[-95.7584,33.4951],[-95.8577,33.4617],[-95.8587,33.4095],[-95.8618,33.2193]]]},"properties":{"NAME":"Delta","STATE":"48"}},
{"type":"Feature","geometry":{"type":"Polygon","coordinates":[[[-97.9456,32.2335],[-98.0685,32.5116],[-98.4752,32.513],[-98.4751,32.2989],[-98.5512,32.2614],[-98.3275,31.9413],[-98.2084,31.9175],[-98.0055,32.0179],[-97.8649,32.0873],[-97.9456,32.2335]]]},"properties":{"NAME":"Erath","STATE":"48"}},
{"type":"Feature","geometry":{"type":"Polygon","coordinates":[[[-101.4716,34.3123],[-101.5649,34.3125],[-101.5636,33.8305],[-101.0412,33.8336],[-101.0415,34.3124],[-101.4716,34.3123]]]},"properties":{"NAME":"Floyd","STATE":"48"}},
{"type":"Feature","geometry":{"type":"Polygon","coordinates":[[[-101.2671,31.6509],[-101.2642,32.0871],[-101.695,32.0875],[-101.7761,32.0869],[-101.7758,31.6513],[-101.2671,31.6509]]]},"properties":{"NAME":"Glasscock","STATE":"48"}},
{"type":"Feature","geometry":{"type":"Polygon","coordinates":[[[-94.9869,32.5372],[-94.9854,32.3708],[-94.6383,32.3705],[-94.5792,32.3949],[-94.702,32.4218],[-94.7018,32.6522],[-94.9869,32.5372]]]},"properties":{"NAME":"Gregg","STATE":"48"}},
{"type":"Feature","geometry":{"type":"Polygon","coordinates":[[[-102.163,36.0552],[-103.0408,36.0552],[-103.0414,35.7393],[-103.0416,35.6225],[-102.1628,35.6275],[-102.163,36.0552]]]},"properties":{"NAME":"Hartley","STATE":"48"}},
{"type":"Feature","geometry":{"type":"Polygon","coordinates":[[[-102.0759,33.3896],[-102.0857,33.8247],[-102.6154,33.8251],[-102.5948,33.3885],[-102.0759,33.3896]]]},"properties":{"NAME":"Hockley","STATE":"48"}},
{"type":"Feature","geometry":{"type":"Polygon","coordinates":[[[-96.2973,32.8417],[-96.0768,32.8385],[-95.9344,32.8372],[-95.9873,32.8764],[-95.9453,32.9799],[-95.8625,32.9796],[-95.8618,33.2193],[-95.8587,33.4095],[-96.2954,33.3519],[-96.2972,32.9818],[-96.2973,32.8417]]]},"properties":{"NAME":"Hunt","STATE":"48"}},
{"type":"Feature","geometry":{"type":"Polygon","coordinates":[[[-100.5187,33.8357],[-100.5174,33.3979],[-99.991,33.3974],[-99.9964,33.836],[-100.0485,33.836],[-100.5187,33.8357]]]},"properties":{"NAME":"King","STATE":"48"}},
{"type":"Feature","geometry":{"type":"Polygon","coordinates":[[[-102.5256,34.313],[-102.6151,34.3129],[-102.6154,33.8251],[-102.0857,33.8247],[-102.0904,34.3131],[-102.5256,34.313]]]},"properties":{"NAME":"Lamb","STATE":"48"}},
{"type":"Feature","geometry":{"type":"Polygon","coordinates":[[[-96.0468,31.5],[-95.7375,31.5],[-95.7393,31.5041],[-95.7101,31.6156],[-95.7873,31.6184],[-96.0468,31.5]]]},"properties":{"NAME":"Leon","STATE":"48"}},
{"type":"Feature","geometry":{"type":"Polygon","coordinates":[[[-109.0421,37.8812],[-109.0431,37.4852],[-108.9171,37.6319],[-107.9701,37.6396],[-107.9689,37.6965],[-107.8608,37.7755],[-107.9892,37.8566],[-108.2091,37.8209],[-108.2564,37.8944],[-109.0421,37.8812]]]},"properties":{"NAME":"Dolores","STATE":"08"}},
{"type":"Feature","geometry":{"type":"Polygon","coordinates":[[[-104.6629,39.1295],[-104.0517,39.1284],[-104.0555,38.8689],[-103.7197,38.8668],[-103.7144,39.5663],[-104.6606,39.5659],[-104.6629,39.1295]]]},"properties":{"NAME":"Elbert","STATE":"08"}},
{"type":"Feature","geometry":{"type":"Polygon","coordinates":[[[-109.0514,39.3667],[-107.4309,39.3662],[-107.1134,39.3661],[-107.1137,39.9191],[-107.034,39.9189],[-107.0374,40.0915],[-107.317,40.0908],[-107.3188,39.915],[-107.4317,39.9177],[-107.4318,39.8284],[-107.9385,39.825],[-107.9385,39.6945],[-109.0512,39.6605],[-109.0514,39.4977],[-109.0514,39.3667]]]},"properties":{"NAME":"Garfield","STATE":"08"}},
{"type":"Feature","geometry":{"type":"Polygon","coordinates":[[[-94.0643,38.5674],[-94.0657,38.4471],[-94.0499,38.214],[-93.5235,38.2072],[-93.5127,38.5125],[-93.511,38.5562],[-94.0643,38.5674]]]},"properties":{"NAME":"Henry","STATE":"29"}},
{"type":"Feature","geometry":{"type":"Polygon","coordinates":[[[-90.535,37.6436],[-90.6479,37.6428],[-90.6451,37.7348],[-91.1,37.74],[-91.1533,37.6973],[-91.1551,37.5881],[-90.7687,37.603],[-90.7729,37.3737],[-90.7355,37.271],[-90.5506,37.2726],[-90.5497,37.3176],[-90.535,37.6436]]]},"properties":{"NAME":"Iron","STATE":"29"}},
{"type":"Feature","geometry":{"type":"Polygon","coordinates":[[[-100.6606,32.5253],[-101.1746,32.5277],[-101.1746,32.5241],[-101.184,32.0872],[-100.8216,32.0866],[-100.6654,32.0854],[-100.6606,32.5253]]]},"properties":{"NAME":"Mitchell","STATE":"48"}},
{"type":"Feature","geometry":{"type":"Polygon","coordinates":[[[-94.7469,33.3289],[-94.8088,33.3636],[-94.8198,32.9829],[-94.7199,32.9045],[-94.7059,32.8792],[-94.654,32.8795],[-94.6523,33.2689],[-94.7469,33.3289]]]},"properties":{"NAME":"Morris","STATE":"48"}},
{"type":"Feature","geometry":{"type":"Polygon","coordinates":[[[-100.0026,37.0017],[-99.5411,36.9996],[-99.5432,37.3811],[-99.5561,37.4677],[-100.1072,37.4748],[-100.0915,37.3869],[-100.0895,37.0021],[-100.0026,37.0017]]]},"properties":{"NAME":"Clark","STATE":"20"}},
{"type":"Feature","geometry":{"type":"Polygon","coordinates":[[[-95.5083,38.4339],[-95.9503,38.4341],[-95.9589,38.1709],[-95.959,38.0402],[-95.519,38.0382],[-95.5083,38.3903],[-95.5083,38.4339]]]},"properties":{"NAME":"Coffey","STATE":"20"}},
{"type":"Feature","geometry":{"type":"Polygon","coordinates":[[[-99.0003,36.9995],[-99.0115,37.3843],[-99.5432,37.3811],[-99.5411,36.9996],[-99.4562,36.9995],[-99.0003,36.9995]]]},"properties":{"NAME":"Comanche","STATE":"20"}},
{"type":"Feature","geometry":{"type":"Polygon","coordinates":[[[-95.0564,38.7386],[-95.0563,38.9821],[-95.1641,38.9816],[-95.1871,39.0441],[-95.2854,39.0322],[-95.5003,39.0567],[-95.5007,38.8698],[-95.5007,38.7388],[-95.0564,38.7386]]]},"properties":{"NAME":"Douglas","STATE":"20"}},
{"type":"Feature","geometry":{"type":"Polygon","coordinates":[[[-100.2271,38.2622],[-100.2444,38.2623],[-100.6878,38.2642],[-101.1033,38.2646],[-101.1038,37.829],[-101.0897,37.7363],[-100.6523,37.7363],[-100.6642,38.0025],[-100.2266,38.001],[-100.2271,38.2622]]]},"properties":{"NAME":"Finney","STATE":"20"}},
{"type":"Feature","geometry":{"type":"Polygon","coordinates":[[[-100.2266,38.001],[-100.6642,38.0025],[-100.6523,37.7363],[-100.6526,37.4748],[-100.2162,37.4752],[-100.2146,37.8268],[-100.2271,37.914],[-100.2266,38.001]]]},"properties":{"NAME":"Gray","STATE":"20"}},
{"type":"Feature","geometry":{"type":"Polygon","coordinates":[[[-100.6523,37.7363],[-101.0897,37.7363],[-101.0897,37.3877],[-101.0679,37.3878],[-100.6527,37.3876],[-100.6526,37.4748],[-100.6523,37.7363]]]},"properties":{"NAME":"Haskell","STATE":"20"}},
{"type":"Feature","geometry":{"type":"Polygon","coordinates":[[[-101.5423,38.2632],[-101.5428,37.8276],[-101.5271,37.7363],[-101.0897,37.7363],[-101.1038,37.829],[-101.1033,38.2646],[-101.1254,38.2645],[-101.5423,38.2632]]]},"properties":{"NAME":"Kearny","STATE":"20"}},
{"type":"Feature","geometry":{"type":"Polygon","coordinates":[[[-100.2444,38.2623],[-100.2472,38.6982],[-100.688,38.7],[-100.6878,38.2642],[-100.2444,38.2623]]]},"properties":{"NAME":"Lane","STATE":"20"}},
{"type":"Feature","geometry":{"type":"Polygon","coordinates":[[[-96.3573,38.1727],[-95.9589,38.1709],[-95.9503,38.4341],[-95.9459,38.7391],[-96.3526,38.739],[-96.3538,38.5217],[-96.3573,38.1727]]]},"properties":{"NAME":"Lyon","STATE":"20"}},
{"type":"Feature","geometry":{"type":"Polygon","coordinates":[[[-97.9291,39.3064],[-97.9318,39.5669],[-98.4874,39.5675],[-98.4901,39.2198],[-97.9297,39.2193],[-97.9291,39.3064]]]},"properties":{"NAME":"Mitchell","STATE":"20"}},
{"type":"Feature","geometry":{"type":"Polygon","coordinates":[[[-95.088,37.6745],[-95.0881,37.7325],[-95.5255,37.7328],[-95.5256,37.384],[-95.5211,37.384],[-95.0882,37.3838],[-95.088,37.6745]]]},"properties":{"NAME":"Neosho","STATE":"20"}},
{"type":"Feature","geometry":{"type":"Polygon","coordinates":[[[-95.5083,38.4339],[-95.5007,38.7388],[-95.5007,38.8698],[-95.9466,38.87],[-95.9459,38.7391],[-95.9503,38.4341],[-95.5083,38.4339]]]},"properties":{"NAME":"Osage","STATE":"20"}},
{"type":"Feature","geometry":{"type":"Polygon","coordinates":[[[-98.4723,37.8245],[-99.0133,37.8253],[-99.0135,37.733],[-99.0126,37.4704],[-98.4647,37.471],[-98.4648,37.7327],[-98.4723,37.8245]]]},"properties":{"NAME":"Pratt","STATE":"20"}},
{"type":"Feature","geometry":{"type":"Polygon","coordinates":[[[-98.4804,38.5218],[-98.4798,38.2608],[-98.4728,38.1728],[-97.9221,38.1737],[-97.9243,38.5228],[-98.4804,38.5218]]]},"properties":{"NAME":"Rice","STATE":"20"}},
{"type":"Feature","geometry":{"type":"Polygon","coordinates":[[[-97.9286,38.8711],[-97.9248,38.6099],[-97.3719,38.6094],[-97.3716,38.9579],[-97.9286,38.9584],[-97.9286,38.8711]]]},"properties":{"NAME":"Saline","STATE":"20"}},
{"type":"Feature","geometry":{"type":"Polygon","coordinates":[[[-95.672,34.5939],[-95.882,34.5935],[-95.8821,34.6805],[-96.092,34.6806],[-96.0919,34.5062],[-96.1451,34.4187],[-96.4073,34.4184],[-96.4076,34.1573],[-95.9916,34.1568],[-95.7794,34.1567],[-95.7794,34.5066],[-95.6717,34.5068],[-95.672,34.5939]]]},"properties":{"NAME":"Atoka","STATE":"40"}},
{"type":"Feature","geometry":{"type":"Polygon","coordinates":[[[-98.6198,34.855],[-98.0926,34.8549],[-98.096,35.3778],[-98.3063,35.3772],[-98.3133,35.5515],[-98.6231,35.5516],[-98.6233,35.4642],[-98.6211,35.0974],[-98.6198,34.855]]]},"properties":{"NAME":"Caddo","STATE":"40"}},
{"type":"Feature","geometry":{"type":"Polygon","coordinates":[[[-97.6714,35.3772],[-97.6715,35.3375],[-97.557,35.2884],[-97.5415,35.2142],[-97.3542,35.0767],[-97.3415,34.964],[-97.1423,34.9282],[-97.1421,35.3769],[-97.6714,35.3772]]]},"properties":{"NAME":"Cleveland","STATE":"40"}},
{"type":"Feature","geometry":{"type":"Polygon","coordinates":[[[-91.1518,44.0797],[-90.9728,44.0708],[-90.9062,44.1583],[-90.3126,44.1553],[-90.312,44.2488],[-90.316,44.4247],[-90.8019,44.4223],[-90.8019,44.5096],[-90.9231,44.5098],[-90.9223,44.5963],[-91.1656,44.597],[-91.1658,44.2474],[-91.1518,44.0797]]]},"properties":{"NAME":"Jackson","STATE":"55"}},
{"type":"Feature","geometry":{"type":"Polygon","coordinates":[[[-90.0431,45.5],[-90.6787,45.5],[-90.6787,45.3778],[-90.0423,45.3819],[-90.0431,45.5]]]},"properties":{"NAME":"Price","STATE":"55"}},
{"type":"Feature","geometry":{"type":"Polygon","coordinates":[[[-92.7659,45.2102],[-92.7929,45.0785],[-92.7617,44.862],[-92.1363,44.8578],[-92.1361,45.1214],[-92.1565,45.2096],[-92.7659,45.2102]]]},"properties":{"NAME":"St. Croix","STATE":"55"}},
{"type":"Feature","geometry":{"type":"Polygon","coordinates":[[[-91.1656,44.597],[-91.5291,44.5962],[-91.5297,44.2468],[-91.613,44.1726],[-91.5342,44.096],[-91.5592,44.024],[-91.4201,43.9842],[-91.3373,44.0375],[-91.1518,44.0797],[-91.1658,44.2474],[-91.1656,44.597]]]},"properties":{"NAME":"Trempealeau","STATE":"55"}},
{"type":"Feature","geometry":{"type":"Polygon","coordinates":[[[-105.0766,45.0003],[-106.0248,44.9937],[-106.0097,44.564],[-106.0165,44.1697],[-106.0092,43.8216],[-106.0174,43.495],[-105.0798,43.4984],[-105.0793,44.1762],[-105.0766,45.0003]]]},"properties":{"NAME":"Campbell","STATE":"56"}},
{"type":"Feature","geometry":{"type":"Polygon","coordinates":[[[-104.0528,41.698],[-104.0527,42.0017],[-104.0528,42.6118],[-104.6556,42.6095],[-104.6533,41.653],[-104.653,41.565],[-104.0525,41.5643],[-104.0528,41.698]]]},"properties":{"NAME":"Goshen","STATE":"56"}},
{"type":"Feature","geometry":{"type":"Polygon","coordinates":[[[-111.0464,41.5798],[-111.0466,41.2517],[-111.0467,40.998],[-110.0485,40.9971],[-110.048,41.578],[-111.0464,41.5798]]]},"properties":{"NAME":"Uinta","STATE":"56"}},
{"type":"Feature","geometry":{"type":"Polygon","coordinates":[[[-100.7202,39.568],[-100.7213,39.1334],[-100.1642,39.1321],[-100.1617,39.5673],[-100.1804,39.5669],[-100.7202,39.568]]]},"properties":{"NAME":"Sheridan","STATE":"20"}},
{"type":"Feature","geometry":{"type":"Polygon","coordinates":[[[-97.1477,36.9991],[-97.1533,37.4755],[-97.8076,37.4742],[-97.8071,37.3863],[-97.8023,36.9987],[-97.4623,36.9987],[-97.1477,36.9991]]]},"properties":{"NAME":"Sumner","STATE":"20"}},
{"type":"Feature","geometry":{"type":"Polygon","coordinates":[[[-94.6074,39.1134],[-94.6017,39.1596],[-94.7939,39.2013],[-94.9002,39.2029],[-94.9088,38.9914],[-94.8724,39.0591],[-94.6074,39.0441],[-94.6074,39.1134]]]},"properties":{"NAME":"Wyandotte","STATE":"20"}},
{"type":"Feature","geometry":{"type":"Polygon","coordinates":[[[-92.3126,31.9274],[-92.0054,31.9273],[-91.8897,31.9715],[-91.8947,32.1516],[-91.9799,32.1661],[-92.0344,32.2771],[-92.3119,32.2774],[-92.3122,32.1461],[-92.3126,31.9274]]]},"properties":{"NAME":"Caldwell","STATE":"22"}},
{"type":"Feature","geometry":{"type":"Polygon","coordinates":[[[-92.0073,31.5],[-91.7734,31.5],[-91.8244,31.5997],[-91.7059,31.6429],[-91.6945,31.7353],[-91.5448,31.7517],[-91.5757,31.8826],[-91.6475,31.9704],[-91.7292,31.8825],[-91.8049,31.8932],[-91.8897,31.9715],[-92.0054,31.9273],[-92.0073,31.5]]]},"properties":{"NAME":"Catahoula","STATE":"22"}},
{"type":"Feature","geometry":{"type":"Polygon","coordinates":[[[-92.2692,31.5],[-92.0073,31.5],[-92.0054,31.9273],[-92.3126,31.9274],[-92.3626,31.7966],[-92.3477,31.6966],[-92.3844,31.6204],[-92.3069,31.5895],[-92.2692,31.5]]]},"properties":{"NAME":"La Salle","STATE":"22"}},
{"type":"Feature","geometry":{"type":"Polygon","coordinates":[[[-91.9131,32.5059],[-91.8043,32.5713],[-91.7423,32.5589],[-91.6376,32.6673],[-91.5664,32.8556],[-91.5115,32.879],[-91.4358,33.0061],[-91.4604,33.0062],[-92.0691,33.0082],[-92.0652,32.723],[-91.911,32.6611],[-91.9131,32.5059]]]},"properties":{"NAME":"Morehouse","STATE":"22"}},
{"type":"Feature","geometry":{"type":"Polygon","coordinates":[[[-91.4767,32.4058],[-91.4576,32.5378],[-91.4453,32.582],[-91.596,32.5822],[-91.6376,32.6673],[-91.7423,32.5589],[-91.8043,32.5713],[-91.9131,32.5059],[-92.0043,32.3805],[-92.0344,32.2771],[-91.9799,32.1661],[-91.8947,32.1516],[-91.775,32.2433],[-91.7644,32.33],[-91.6349,32.4054],[-91.4767,32.4058]]]},"properties":{"NAME":"Richland","STATE":"22"}},
{"type":"Feature","geometry":{"type":"Polygon","coordinates":[[[-99.9977,34.3118],[-100.4178,34.3135],[-100.5173,34.3141],[-100.5187,33.8357],[-100.0485,33.836],[-100.047,34.2298],[-99.9976,34.2244],[-99.9977,34.3118]]]},"properties":{"NAME":"Cottle","STATE":"48"}},
{"type":"Feature","geometry":{"type":"Polygon","coordinates":[[[-104.0245,32],[-104.8478,32.0005],[-104.9183,32.0005],[-104.9139,31.5],[-104.068,31.5],[-104.0245,32]]]},"properties":{"NAME":"Culberson","STATE":"48"}},
{"type":"Feature","geometry":{"type":"Polygon","coordinates":[[[-102.1625,36.5003],[-103.0024,36.5004],[-103.0417,36.4785],[-103.0408,36.0552],[-102.163,36.0552],[-102.1625,36.5003]]]},"properties":{"NAME":"Dallam","STATE":"48"}},
{"type":"Feature","geometry":{"type":"Polygon","coordinates":[[[-96.5169,32.9823],[-96.844,32.9876],[-97.0323,32.9893],[-97.0384,32.5487],[-96.53,32.5453],[-96.519,32.8136],[-96.5169,32.9823]]]},"properties":{"NAME":"Dallas","STATE":"48"}},
{"type":"Feature","geometry":{"type":"Polygon","coordinates":[[[-96.834,33.4055],[-96.9439,33.4164],[-97.3831,33.4305],[-97.3985,32.9908],[-97.0323,32.9893],[-96.844,32.9876],[-96.834,33.4055]]]},"properties":{"NAME":"Denton","STATE":"48"}},
{"type":"Feature","geometry":{"type":"Polygon","coordinates":[[[-101.0412,33.8336],[-101.0388,33.3972],[-100.5174,33.3979],[-100.5187,33.8357],[-101.0412,33.8336]]]},"properties":{"NAME":"Dickens","STATE":"48"}},
{"type":"Feature","geometry":{"type":"Polygon","coordinates":[[[-98.9244,32.078],[-98.5512,32.2614],[-98.4751,32.2989],[-98.4752,32.513],[-98.5763,32.5152],[-99.096,32.5148],[-99.1143,32.5148],[-99.1187,32.0796],[-98.9244,32.078]]]},"properties":{"NAME":"Eastland","STATE":"48"}},
{"type":"Feature","geometry":{"type":"Polygon","coordinates":[[[-97.0868,32.5494],[-97.0862,32.2655],[-96.9407,32.0521],[-96.8962,32.074],[-96.3831,32.3289],[-96.4521,32.3586],[-96.53,32.5453],[-97.0384,32.5487],[-97.0868,32.5494]]]},"properties":{"NAME":"Ellis","STATE":"48"}},
{"type":"Feature","geometry":{"type":"Polygon","coordinates":[[[-96.8449,31.5],[-96.786,31.5],[-96.8011,31.5223],[-96.8449,31.5]]]},"properties":{"NAME":"Falls","STATE":"48"}},
{"type":"Feature","geometry":{"type":"Polygon","coordinates":[[[-96.3785,33.7266],[-96.3846,33.3978],[-96.2954,33.3519],[-95.8587,33.4095],[-95.8577,33.4617],[-95.8463,33.8411],[-95.9499,33.8575],[-96.1481,33.8378],[-96.1701,33.7692],[-96.3785,33.7266]]]},"properties":{"NAME":"Fannin","STATE":"48"}},
{"type":"Feature","geometry":{"type":"Polygon","coordinates":[[[-100.1465,32.5228],[-100.1442,32.96],[-100.5192,32.9629],[-100.6559,32.9635],[-100.6606,32.5253],[-100.1465,32.5228]]]},"properties":{"NAME":"Fisher","STATE":"48"}},
{"type":"Feature","geometry":{"type":"Polygon","coordinates":[[[-96.6135,33.8783],[-96.6786,33.8928],[-96.7616,33.8244],[-96.883,33.868],[-96.9345,33.9537],[-96.9446,33.949],[-96.9439,33.4164],[-96.834,33.4055],[-96.3846,33.3978],[-96.3785,33.7266],[-96.6129,33.8339],[-96.6135,33.8783]]]},"properties":{"NAME":"Grayson","STATE":"48"}},
{"type":"Feature","geometry":{"type":"Polygon","coordinates":[[[-101.998,34.313],[-102.0904,34.3131],[-102.0857,33.8247],[-101.5636,33.8305],[-101.5649,34.3125],[-101.998,34.313]]]},"properties":{"NAME":"Hale","STATE":"48"}},
{"type":"Feature","geometry":{"type":"Polygon","coordinates":[[[-98.3313,31.5],[-98.1081,31.5],[-97.7664,31.6725],[-98.0055,32.0179],[-98.2084,31.9175],[-98.1566,31.8417],[-98.4637,31.684],[-98.3313,31.5]]]},"properties":{"NAME":"Hamilton","STATE":"48"}},
{"type":"Feature","geometry":{"type":"Polygon","coordinates":[[[-101.0412,33.8336],[-100.5187,33.8357],[-100.5173,34.3141],[-100.9461,34.3128],[-101.0415,34.3124],[-101.0412,33.8336]]]},"properties":{"NAME":"Motley","STATE":"48"}},
{"type":"Feature","geometry":{"type":"Polygon","coordinates":[[[-94.8129,31.5],[-94.3184,31.5],[-94.311,31.5893],[-94.3991,31.6536],[-94.4524,31.8443],[-94.9375,31.8456],[-94.9672,31.7538],[-94.952,31.6414],[-94.8659,31.5269],[-94.8129,31.5]]]},"properties":{"NAME":"Nacogdoches","STATE":"48"}},
{"type":"Feature","geometry":{"type":"Polygon","coordinates":[[[-91.1656,44.597],[-90.9223,44.5963],[-90.9222,44.8573],[-91.6505,44.856],[-91.6504,44.6836],[-91.6502,44.5966],[-91.5291,44.5962],[-91.1656,44.597]]]},"properties":{"NAME":"Eau Claire","STATE":"55"}},
{"type":"Feature","geometry":{"type":"Polygon","coordinates":[[[-91.1631,42.9868],[-91.0537,42.7382],[-90.897,42.6744],[-90.7202,42.6408],[-90.6409,42.5083],[-90.4264,42.5071],[-90.4269,42.8129],[-90.4298,43.2009],[-90.5454,43.2115],[-90.6668,43.1718],[-90.8457,43.0776],[-91.0653,42.9921],[-91.1631,42.9868]]]},"properties":{"NAME":"Grant","STATE":"55"}},
{"type":"Feature","geometry":{"type":"Polygon","coordinates":[[[-90,42.8135],[-90,43.1871],[-90.1938,43.1645],[-90.2925,43.2069],[-90.4298,43.2009],[-90.4269,42.8129],[-90,42.8135]]]},"properties":{"NAME":"Iowa","STATE":"55"}},
{"type":"Feature","geometry":{"type":"Polygon","coordinates":[[[-90,43.6409],[-90,44.044],[-90.0288,44.0902],[-90,44.1105],[-90,44.2493],[-90.312,44.2488],[-90.3126,44.1553],[-90.3122,43.7313],[-90.3124,43.641],[-90,43.6409]]]},"properties":{"NAME":"Juneau","STATE":"55"}},
{"type":"Feature","geometry":{"type":"Polygon","coordinates":[[[-104.6556,42.6095],[-104.0528,42.6118],[-104.0531,43.0006],[-104.0548,43.4778],[-104.0548,43.5033],[-104.8999,43.4996],[-104.8924,42.6089],[-104.6556,42.6095]]]},"properties":{"NAME":"Niobrara","STATE":"56"}},
{"type":"Feature","geometry":{"type":"Polygon","coordinates":[[[-110.0532,44.008],[-109.9901,43.9491],[-109.8588,43.958],[-109.7899,43.8033],[-109.6659,43.8457],[-109.6418,43.9228],[-109.5423,43.9614],[-109.3129,43.8133],[-109.0936,43.8176],[-109.0929,43.9045],[-108.9128,43.9048],[-108.916,43.9909],[-108.7918,43.9911],[-108.7923,44.0796],[-108.5508,44.0794],[-108.5506,44.1685],[-108.5923,44.8714],[-108.6213,45.0004],[-109.7987,45.0022],[-110.7053,44.9923],[-111.0443,45.0013],[-111.0555,44.6663],[-110.6679,44.6663],[-110.6679,44.5828],[-110.3753,44.583],[-110.2948,44.5469],[-110.2966,44.4313],[-110.1511,44.2925],[-110.0534,44.1326],[-110.0532,44.008]]]},"properties":{"NAME":"Park","STATE":"56"}},
{"type":"Feature","geometry":{"type":"Polygon","coordinates":[[[-110.0516,43.4648],[-110.0573,43.3778],[-110.3442,43.3779],[-110.344,43.2912],[-110.5784,43.2916],[-110.5787,43.2352],[-110.5901,42.7101],[-110.5416,42.2775],[-110.0537,42.2707],[-109.4967,42.2633],[-109.0439,42.2637],[-109.0695,42.4335],[-109.0729,42.6935],[-109.3154,42.8561],[-109.3707,42.9457],[-109.5526,43.0125],[-109.5605,43.0835],[-109.6515,43.167],[-109.6949,43.3662],[-109.7547,43.4632],[-110.0516,43.4648]]]},"properties":{"NAME":"Sublette","STATE":"56"}},
{"type":"Feature","geometry":{"type":"Polygon","coordinates":[[[-110.048,41.578],[-110.0485,40.9971],[-110.0007,40.9974],[-109.0501,41.0007],[-107.9184,41.002],[-107.9297,41.6596],[-107.5097,41.6575],[-107.5038,42.088],[-107.5227,42.2618],[-108.3757,42.2637],[-109.0439,42.2637],[-109.4967,42.2633],[-110.0537,42.2707],[-110.048,41.578]]]},"properties":{"NAME":"Sweetwater","STATE":"56"}},
{"type":"Feature","geometry":{"type":"Polygon","coordinates":[[[-108.5508,44.0794],[-108.4296,43.9034],[-108.1749,43.819],[-107.9564,43.8187],[-107.9566,43.7334],[-107.7159,43.7333],[-107.7162,43.6458],[-107.5952,43.6464],[-107.5951,43.5014],[-107.5349,43.5014],[-107.1107,43.5003],[-107.1286,44.1657],[-107.1468,44.1657],[-108.5506,44.1685],[-108.5508,44.0794]]]},"properties":{"NAME":"Washakie","STATE":"56"}},
{"type":"Feature","geometry":{"type":"Polygon","coordinates":[[[-99.9977,34.3118],[-99.9976,34.2244],[-99.772,34.0933],[-99.653,34.099],[-99.5475,34.056],[-99.4753,34.0856],[-99.4742,34.3981],[-99.5801,34.4167],[-99.695,34.3783],[-99.8464,34.505],[-99.9232,34.5746],[-99.9979,34.5615],[-99.9977,34.3118]]]},"properties":{"NAME":"Hardeman","STATE":"48"}},
{"type":"Feature","geometry":{"type":"Polygon","coordinates":[[[-94.4918,32.3941],[-94.3476,32.3307],[-94.0429,32.3923],[-94.0431,32.693],[-94.2428,32.7507],[-94.3908,32.6944],[-94.5073,32.6937],[-94.7021,32.7931],[-94.7018,32.6522],[-94.702,32.4218],[-94.5792,32.3949],[-94.4918,32.3941]]]},"properties":{"NAME":"Harrison","STATE":"48"}},
{"type":"Feature","geometry":{"type":"Polygon","coordinates":[[[-100.5402,36.0565],[-100.5402,35.6193],[-100.0004,35.6191],[-100.0004,35.8809],[-100.0004,36.0557],[-100.5402,36.0565]]]},"properties":{"NAME":"Hemphill","STATE":"48"}},
{"type":"Feature","geometry":{"type":"Polygon","coordinates":[[[-95.4492,32.3552],[-96.0759,32.3575],[-96.4521,32.3586],[-96.3831,32.3289],[-96.1157,32.1609],[-96.0548,32.0125],[-96.0528,32.0059],[-95.4285,32.0845],[-95.4599,32.1356],[-95.4887,32.2325],[-95.4492,32.3552]]]},"properties":{"NAME":"Henderson","STATE":"48"}},
{"type":"Feature","geometry":{"type":"Polygon","coordinates":[[[-95.8625,32.9796],[-95.6654,32.9604],[-95.309,32.9626],[-95.3086,33.3772],[-95.5844,33.3594],[-95.7308,33.3054],[-95.8618,33.2193],[-95.8625,32.9796]]]},"properties":{"NAME":"Hopkins","STATE":"48"}},
{"type":"Feature","geometry":{"type":"Polygon","coordinates":[[[-101.2684,31.5],[-100.6928,31.5],[-100.6931,31.524],[-101.2679,31.5287],[-101.2684,31.5]]]},"properties":{"NAME":"Irion","STATE":"48"}},
{"type":"Feature","geometry":{"type":"Polygon","coordinates":[[[-97.9789,33.4671],[-98.4214,33.4668],[-98.4207,33.3962],[-98.4266,33.0079],[-98.0561,33.0033],[-97.9216,33.0013],[-97.9182,33.4339],[-97.9789,33.4671]]]},"properties":{"NAME":"Jack","STATE":"48"}},
{"type":"Feature","geometry":{"type":"Polygon","coordinates":[[[-99.9888,32.9601],[-100.1442,32.96],[-100.1465,32.5228],[-99.6296,32.5147],[-99.612,32.5147],[-99.612,32.957],[-99.9888,32.9601]]]},"properties":{"NAME":"Jones","STATE":"48"}},
{"type":"Feature","geometry":{"type":"Polygon","coordinates":[[[-90.4269,42.8129],[-90.4264,42.5071],[-90,42.5069],[-90,42.8135],[-90.4269,42.8129]]]},"properties":{"NAME":"Lafayette","STATE":"55"}},
{"type":"Feature","geometry":{"type":"Polygon","coordinates":[[[-91.6504,44.6836],[-92.1352,44.6844],[-92.1353,44.5396],[-92.3164,44.5408],[-92.242,44.4543],[-92.0839,44.4062],[-92.0292,44.5863],[-91.6502,44.5966],[-91.6504,44.6836]]]},"properties":{"NAME":"Pepin","STATE":"55"}},
{"type":"Feature","geometry":{"type":"Polygon","coordinates":[[[-92.7617,44.862],[-92.8022,44.7457],[-92.732,44.7138],[-92.5497,44.576],[-92.3164,44.5408],[-92.1353,44.5396],[-92.1352,44.6844],[-92.1363,44.8578],[-92.7617,44.862]]]},"properties":{"NAME":"Pierce","STATE":"55"}},
{"type":"Feature","geometry":{"type":"Polygon","coordinates":[[[-105.3989,39.5661],[-105.8297,39.5649],[-106.0176,39.3655],[-106.1355,39.3795],[-106.184,39.3094],[-106.191,39.0561],[-106.111,38.9401],[-106.0281,38.9428],[-105.9251,38.8722],[-105.9066,38.807],[-105.9697,38.6936],[-105.3291,38.6972],[-105.3304,39.1297],[-105.3979,39.1296],[-105.3989,39.5661]]]},"properties":{"NAME":"Park","STATE":"08"}},
{"type":"Feature","geometry":{"type":"Polygon","coordinates":[[[-102.0445,38.2624],[-102.0446,38.2687],[-102.7423,38.267],[-102.7476,37.6436],[-102.0416,37.6443],[-102.042,37.7385],[-102.0445,38.2624]]]},"properties":{"NAME":"Prowers","STATE":"08"}},
{"type":"Feature","geometry":{"type":"Polygon","coordinates":[[[-106.8578,41.0031],[-107.3178,41.003],[-107.3142,40.6003],[-107.4288,40.5422],[-107.4394,40.2234],[-107.0379,40.2254],[-107.0374,40.0915],[-107.034,39.9189],[-106.6266,39.9248],[-106.6323,40.3416],[-106.6521,40.4452],[-106.7061,40.6166],[-106.6369,40.7895],[-106.6545,40.8491],[-106.825,40.9321],[-106.8578,41.0031]]]},"properties":{"NAME":"Routt","STATE":"08"}},
{"type":"Feature","geometry":{"type":"Polygon","coordinates":[[[-109.0421,37.8812],[-108.2564,37.8944],[-108.2091,37.8209],[-107.9892,37.8566],[-107.8608,37.7755],[-107.7383,37.9054],[-107.7955,37.9885],[-107.9002,38.0262],[-107.8915,38.116],[-107.9658,38.1523],[-109.0421,38.153],[-109.0421,37.8812]]]},"properties":{"NAME":"San Miguel","STATE":"08"}},
{"type":"Feature","geometry":{"type":"Polygon","coordinates":[[[-102.6535,41.0023],[-102.6513,40.7494],[-102.0513,40.7496],[-102.0517,41.0024],[-102.621,41.0026],[-102.6535,41.0023]]]},"properties":{"NAME":"Sedgwick","STATE":"08"}},
{"type":"Feature","geometry":{"type":"Polygon","coordinates":[[[-92.2458,34.4935],[-92.2442,34.5809],[-92.3487,34.5823],[-92.552,34.6894],[-92.5499,34.7617],[-92.6543,34.7645],[-92.6512,34.8517],[-92.7398,34.8535],[-93.0739,34.8581],[-93.0752,34.7719],[-92.9692,34.7723],[-92.9799,34.6372],[-92.808,34.5904],[-92.7932,34.5036],[-92.6853,34.4731],[-92.6687,34.4142],[-92.5894,34.4556],[-92.4047,34.4519],[-92.2458,34.4935]]]},"properties":{"NAME":"Saline","STATE":"05"}},
{"type":"Feature","geometry":{"type":"Polygon","coordinates":[[[-94.4337,35.3865],[-94.4479,34.9339],[-94.2305,34.9685],[-94.2229,35.0791],[-94.1406,35.0997],[-94.0312,35.1409],[-94.0285,35.2138],[-94.0828,35.2159],[-94.0749,35.4454],[-94.2238,35.3537],[-94.4318,35.3977],[-94.4337,35.3865]]]},"properties":{"NAME":"Sebastian","STATE":"05"}},
{"type":"Feature","geometry":{"type":"Polygon","coordinates":[[[-92.7247,33.0143],[-92.0691,33.0082],[-92.1375,33.163],[-92.2241,33.2518],[-92.3504,33.2989],[-92.4454,33.2749],[-92.5672,33.3672],[-92.6602,33.3556],[-92.9785,33.3773],[-92.9887,33.0173],[-92.7247,33.0143]]]},"properties":{"NAME":"Union","STATE":"05"}},
{"type":"Feature","geometry":{"type":"Polygon","coordinates":[[[-91.2177,43.5005],[-91.6108,43.5005],[-91.6053,43.0817],[-91.1772,43.0802],[-91.0579,43.2554],[-91.2102,43.3721],[-91.2055,43.4229],[-91.2177,43.5005]]]},"properties":{"NAME":"Allamakee","STATE":"19"}},
{"type":"Feature","geometry":{"type":"Polygon","coordinates":[[[-91.5014,40.2489],[-91.5103,40.2011],[-90.912,40.1931],[-90.9098,40.2844],[-90.9042,40.6392],[-91.1854,40.6381],[-91.3599,40.6018],[-91.3639,40.4901],[-91.4194,40.3783],[-91.5014,40.2489]]]},"properties":{"NAME":"Hancock","STATE":"17"}},
{"type":"Feature","geometry":{"type":"Polygon","coordinates":[[[-94.6095,38.7381],[-95.0564,38.7386],[-95.0658,38.3899],[-94.6133,38.3887],[-94.6129,38.4776],[-94.6095,38.7381]]]},"properties":{"NAME":"Miami","STATE":"20"}},
{"type":"Feature","geometry":{"type":"Polygon","coordinates":[[[-101.5553,36.9954],[-101.5566,37.3885],[-102.0418,37.3892],[-102.0422,36.9931],[-102.0282,36.9931],[-101.5553,36.9954]]]},"properties":{"NAME":"Morton","STATE":"20"}},
{"type":"Feature","geometry":{"type":"Polygon","coordinates":[[[-100.1778,40.0016],[-100.1804,39.5669],[-100.1617,39.5673],[-99.628,39.5674],[-99.6253,40.0019],[-99.6283,40.0019],[-100.1778,40.0016]]]},"properties":{"NAME":"Norton","STATE":"20"}},
{"type":"Feature","geometry":{"type":"Polygon","coordinates":[[[-99.6253,40.0019],[-99.628,39.5674],[-99.6023,39.5673],[-99.0662,39.5681],[-99.067,40.0022],[-99.1791,40.002],[-99.6253,40.0019]]]},"properties":{"NAME":"Phillips","STATE":"20"}},
{"type":"Feature","geometry":{"type":"Polygon","coordinates":[[[-100.7588,40.0023],[-101.3255,40.0027],[-101.411,40.0024],[-101.4139,39.5684],[-101.3891,39.5684],[-100.7409,39.568],[-100.7388,40.0022],[-100.7588,40.0023]]]},"properties":{"NAME":"Rawlins","STATE":"20"}},
{"type":"Feature","geometry":{"type":"Polygon","coordinates":[[[-96.9614,39.2201],[-96.8499,39.219],[-96.8511,39.0884],[-96.5012,39.0728],[-96.5012,39.0437],[-96.3908,39.0433],[-96.3889,39.1727],[-96.5183,39.2039],[-96.6386,39.2928],[-96.7269,39.404],[-96.5818,39.5663],[-96.8065,39.5664],[-96.9589,39.5664],[-96.9614,39.2201]]]},"properties":{"NAME":"Riley","STATE":"20"}},
{"type":"Feature","geometry":{"type":"Polygon","coordinates":[[[-100.9455,36.9982],[-100.6333,36.9999],[-100.6527,37.3876],[-101.0679,37.3878],[-101.0667,36.9979],[-100.9455,36.9982]]]},"properties":{"NAME":"Seward","STATE":"20"}},
{"type":"Feature","geometry":{"type":"Polygon","coordinates":[[[-91.0906,32.5627],[-91.1337,32.5379],[-91.4576,32.5378],[-91.4767,32.4058],[-91.5267,32.3007],[-91.4927,32.2033],[-91.1226,32.2169],[-91.0046,32.2154],[-90.9052,32.3155],[-91.0953,32.4587],[-91.0906,32.5627]]]},"properties":{"NAME":"Madison","STATE":"22"}},
{"type":"Feature","geometry":{"type":"Polygon","coordinates":[[[-90.5762,36.4984],[-90.7844,36.4985],[-90.7486,36.4128],[-90.7518,36.28],[-90.8066,36.2669],[-90.3198,36.2591],[-90.1987,36.2014],[-90.064,36.303],[-90.0645,36.3821],[-90.1564,36.4877],[-90.2207,36.4979],[-90.5762,36.4984]]]},"properties":{"NAME":"Clay","STATE":"05"}},
{"type":"Feature","geometry":{"type":"Polygon","coordinates":[[[-92.1798,40.6005],[-92.1791,40.8997],[-92.6391,40.8989],[-92.6379,40.5909],[-92.3508,40.5973],[-92.1798,40.6005]]]},"properties":{"NAME":"Davis","STATE":"19"}},
{"type":"Feature","geometry":{"type":"Polygon","coordinates":[[[-91.6071,42.644],[-91.6053,43.0817],[-92.0811,43.0828],[-92.0816,42.907],[-92.0817,42.6421],[-91.6071,42.644]]]},"properties":{"NAME":"Fayette","STATE":"19"}},
{"type":"Feature","geometry":{"type":"Polygon","coordinates":[[[-95.7656,40.5852],[-95.3739,40.5805],[-95.385,40.9016],[-95.8231,40.9009],[-95.8542,40.784],[-95.8832,40.7176],[-95.7763,40.6475],[-95.7656,40.5852]]]},"properties":{"NAME":"Fremont","STATE":"19"}},
{"type":"Feature","geometry":{"type":"Polygon","coordinates":[[[-93.463,42.2093],[-93.2317,42.2089],[-93.0017,42.2093],[-93.0029,42.4706],[-93.027,42.5568],[-93.4995,42.5577],[-93.4626,42.4708],[-93.463,42.2093]]]},"properties":{"NAME":"Hardin","STATE":"19"}},
{"type":"Feature","geometry":{"type":"Polygon","coordinates":[[[-95.9813,41.5068],[-95.498,41.5061],[-95.5581,41.6024],[-95.5573,41.8634],[-95.6728,41.8631],[-96.1396,41.8658],[-96.0645,41.793],[-96.1217,41.6827],[-96.0897,41.5318],[-95.9813,41.5068]]]},"properties":{"NAME":"Harrison","STATE":"19"}},
{"type":"Feature","geometry":{"type":"Polygon","coordinates":[[[-90.8984,42.0335],[-90.1542,42.0331],[-90.1622,42.1149],[-90.3163,42.1936],[-90.3911,42.2255],[-90.4748,42.3815],[-90.665,42.3822],[-90.6656,42.2947],[-90.898,42.2952],[-90.8984,42.0335]]]},"properties":{"NAME":"Jackson","STATE":"19"}},
{"type":"Feature","geometry":{"type":"Polygon","coordinates":[[[-94.4428,43.5006],[-94.4431,43.255],[-94.443,42.9081],[-93.9712,42.9078],[-93.9704,43.2554],[-93.9708,43.4996],[-94.248,43.5003],[-94.4428,43.5006]]]},"properties":{"NAME":"Kossuth","STATE":"19"}},
{"type":"Feature","geometry":{"type":"Polygon","coordinates":[[[-96.5725,43.2492],[-96.555,43.26],[-95.8619,43.2576],[-95.8609,43.5],[-96.0532,43.5002],[-96.453,43.5004],[-96.5989,43.5005],[-96.5213,43.375],[-96.5725,43.2492]]]},"properties":{"NAME":"Lyon","STATE":"19"}},
{"type":"Feature","geometry":{"type":"Polygon","coordinates":[[[-96.1396,41.8658],[-95.6728,41.8631],[-95.6708,42.2114],[-96.3567,42.2151],[-96.2729,42.0472],[-96.1295,41.9717],[-96.1396,41.8658]]]},"properties":{"NAME":"Monona","STATE":"19"}},
{"type":"Feature","geometry":{"type":"Polygon","coordinates":[[[-95.4544,43.5006],[-95.8609,43.5],[-95.8619,43.2576],[-95.3881,43.2552],[-95.3878,43.5002],[-95.4544,43.5006]]]},"properties":{"NAME":"Osceola","STATE":"19"}},
{"type":"Feature","geometry":{"type":"Polygon","coordinates":[[[-96.4551,43.0834],[-96.5131,43.0279],[-96.5233,42.9091],[-95.8594,42.9091],[-95.8619,43.2576],[-96.555,43.26],[-96.5725,43.2492],[-96.4756,43.2211],[-96.4551,43.0834]]]},"properties":{"NAME":"Sioux","STATE":"19"}},
{"type":"Feature","geometry":{"type":"Polygon","coordinates":[[[-94.632,40.5712],[-94.4712,40.5708],[-94.4708,40.8995],[-94.9285,40.9007],[-94.9149,40.5751],[-94.632,40.5712]]]},"properties":{"NAME":"Taylor","STATE":"19"}},
{"type":"Feature","geometry":{"type":"Polygon","coordinates":[[[-93.3744,40.5803],[-93.0973,40.584],[-93.0976,40.8985],[-93.5565,40.8983],[-93.5569,40.5802],[-93.3744,40.5803]]]},"properties":{"NAME":"Wayne","STATE":"19"}},
{"type":"Feature","geometry":{"type":"Polygon","coordinates":[[[-91.7302,43.5007],[-92.0798,43.5006],[-92.081,43.2129],[-92.0811,43.0828],[-91.6053,43.0817],[-91.6108,43.5005],[-91.7302,43.5007]]]},"properties":{"NAME":"Winneshiek","STATE":"19"}},
{"type":"Feature","geometry":{"type":"Polygon","coordinates":[[[-95.0881,37.7325],[-95.0779,38.0377],[-95.519,38.0382],[-95.5255,37.7328],[-95.0881,37.7325]]]},"properties":{"NAME":"Allen","STATE":"20"}},
{"type":"Feature","geometry":{"type":"Polygon","coordinates":[[[-98.3471,36.998],[-98.3498,37.3841],[-98.465,37.3841],[-98.4647,37.471],[-99.0126,37.4704],[-99.0115,37.3843],[-99.0003,36.9995],[-98.5447,36.999],[-98.3471,36.998]]]},"properties":{"NAME":"Barber","STATE":"20"}},
{"type":"Feature","geometry":{"type":"Polygon","coordinates":[[[-94.614,38.0371],[-95.0779,38.0377],[-95.0881,37.7325],[-95.088,37.6745],[-94.6177,37.6731],[-94.614,38.0371]]]},"properties":{"NAME":"Bourbon","STATE":"20"}},
{"type":"Feature","geometry":{"type":"Polygon","coordinates":[[[-93.0205,45.1239],[-93.2277,45.1245],[-93.2269,45.0357],[-93.1785,44.8883],[-93.02,44.8907],[-92.9842,44.8908],[-92.9846,45.1238],[-93.0205,45.1239]]]},"properties":{"NAME":"Ramsey","STATE":"27"}},
{"type":"Feature","geometry":{"type":"Polygon","coordinates":[[[-95.7474,45.4123],[-96.117,45.412],[-96.1036,45.1767],[-96.0367,45.1522],[-95.2465,45.1524],[-95.2552,45.4125],[-95.7474,45.4123]]]},"properties":{"NAME":"Swift","STATE":"27"}},
{"type":"Feature","geometry":{"type":"Polygon","coordinates":[[[-94.369,43.848],[-94.3688,44.1087],[-94.8598,44.108],[-94.8594,43.8481],[-94.8544,43.8481],[-94.369,43.848]]]},"properties":{"NAME":"Watonwan","STATE":"27"}},
{"type":"Feature","geometry":{"type":"Polygon","coordinates":[[[-96.4518,44.6314],[-96.0929,44.6305],[-95.604,44.6299],[-95.5948,44.5423],[-95.3604,44.5418],[-95.3602,44.6985],[-95.4828,44.7525],[-95.4985,44.7869],[-95.737,44.9362],[-95.8475,44.8918],[-95.849,44.8053],[-96.4516,44.8056],[-96.4518,44.6314]]]},"properties":{"NAME":"Yellow Medicine","STATE":"27"}},
{"type":"Feature","geometry":{"type":"Polygon","coordinates":[[[-91.1539,31.6101],[-91.2693,31.6473],[-91.3651,31.7527],[-91.3799,31.733],[-91.4227,31.5544],[-91.5207,31.5],[-91.1557,31.5],[-91.1539,31.6101]]]},"properties":{"NAME":"Adams","STATE":"28"}},
{"type":"Feature","geometry":{"type":"Polygon","coordinates":[[[-90.5701,34.5248],[-90.5753,34.4152],[-90.7641,34.3634],[-90.9331,34.1245],[-90.932,34.12],[-90.6595,34.1189],[-90.657,33.9876],[-90.451,33.9857],[-90.451,34.0729],[-90.4506,34.2624],[-90.399,34.2615],[-90.3995,34.4238],[-90.5701,34.5248]]]},"properties":{"NAME":"Coahoma","STATE":"28"}},
{"type":"Feature","geometry":{"type":"Polygon","coordinates":[[[-93.5576,41.1613],[-93.5565,40.8983],[-93.0976,40.8985],[-93.0992,41.1609],[-93.3279,41.1607],[-93.5576,41.1613]]]},"properties":{"NAME":"Lucas","STATE":"19"}},
{"type":"Feature","geometry":{"type":"Polygon","coordinates":[[[-94.6181,36.9981],[-94.6179,37.0568],[-94.6176,37.3384],[-95.0752,37.3399],[-95.0735,36.9995],[-95.0076,36.9995],[-94.6181,36.9981]]]},"properties":{"NAME":"Cherokee","STATE":"20"}},
{"type":"Feature","geometry":{"type":"Polygon","coordinates":[[[-90.7201,32.6189],[-90.7232,32.6621],[-90.9649,32.6628],[-90.9638,32.8381],[-90.9143,33.0077],[-91.1577,33.0112],[-91.1661,33.0041],[-91.1321,32.9231],[-91.1653,32.7513],[-91.0545,32.7223],[-91.1521,32.6415],[-91.0908,32.564],[-90.964,32.5756],[-90.9512,32.4444],[-90.8614,32.4421],[-90.8606,32.5752],[-90.7283,32.5663],[-90.7201,32.6189]]]},"properties":{"NAME":"Issaquena","STATE":"28"}},
{"type":"Feature","geometry":{"type":"Polygon","coordinates":[[[-90.7363,31.7861],[-91.0137,31.8619],[-91.2481,31.8698],[-91.3384,31.8513],[-91.3651,31.7527],[-91.2693,31.6473],[-91.1539,31.6101],[-90.7373,31.6111],[-90.7368,31.6985],[-90.7363,31.7861]]]},"properties":{"NAME":"Jefferson","STATE":"28"}},
{"type":"Feature","geometry":{"type":"Polygon","coordinates":[[[-90.7018,33.0963],[-90.9145,33.0974],[-90.9143,33.0077],[-90.9638,32.8381],[-90.9649,32.6628],[-90.7232,32.6621],[-90.7426,32.7292],[-90.6566,32.9225],[-90.658,33.0965],[-90.7018,33.0963]]]},"properties":{"NAME":"Sharkey","STATE":"28"}},
{"type":"Feature","geometry":{"type":"Polygon","coordinates":[[[-105.2909,35.0421],[-105.2914,35.2163],[-104.1248,35.2156],[-104.1248,35.1422],[-103.8575,35.2422],[-103.6371,35.2409],[-103.6371,35.3897],[-103.7246,35.4222],[-103.9769,35.8017],[-104.0213,35.7815],[-104.3674,35.7814],[-105.0188,35.7694],[-105.3478,35.8707],[-105.7203,35.871],[-105.7145,35.0416],[-105.2909,35.0421]]]},"properties":{"NAME":"San Miguel","STATE":"35"}},
{"type":"Feature","geometry":{"type":"Polygon","coordinates":[[[-107.2995,32.6055],[-107.2994,32.7806],[-106.8877,32.7793],[-106.8879,32.8228],[-106.3405,33.0528],[-106.3459,33.3908],[-106.3731,33.4801],[-106.4743,33.4758],[-107.7127,33.4769],[-108.0006,33.478],[-108.0006,33.2016],[-107.8583,33.2009],[-107.8567,33.0025],[-107.7805,32.9528],[-107.7731,32.8538],[-107.7162,32.7627],[-107.7369,32.6295],[-107.6083,32.6054],[-107.2995,32.6055]]]},"properties":{"NAME":"Sierra","STATE":"35"}},
{"type":"Feature","geometry":{"type":"Polygon","coordinates":[[[-105.2206,36.9952],[-105.7185,36.9958],[-106.0066,36.9953],[-105.9719,36.8862],[-105.9725,36.6481],[-105.9388,36.4624],[-105.9598,36.3544],[-106.0584,36.297],[-105.8569,36.2304],[-105.7359,36.1001],[-105.5304,36.013],[-105.42,36.1317],[-105.4097,36.2368],[-105.3409,36.2622],[-105.3187,36.4917],[-105.3777,36.5521],[-105.3706,36.681],[-105.2306,36.7238],[-105.2206,36.9952]]]},"properties":{"NAME":"Taos","STATE":"35"}},
{"type":"Feature","geometry":{"type":"Polygon","coordinates":[[[-97.9778,33.8899],[-97.8343,33.8577],[-97.6562,33.9895],[-97.5611,33.898],[-97.5608,34.0711],[-97.5626,34.2892],[-98.1392,34.2898],[-98.1691,34.1142],[-98.0853,34.0033],[-97.9457,33.9898],[-97.9778,33.8899]]]},"properties":{"NAME":"Jefferson","STATE":"40"}},
{"type":"Feature","geometry":{"type":"Polygon","coordinates":[[[-94.9279,35.0583],[-95.3492,35.0585],[-95.5077,35.0292],[-95.5145,34.6811],[-95.0596,34.6807],[-95.0595,34.855],[-94.9981,34.9422],[-94.9277,34.9422],[-94.9279,35.0583]]]},"properties":{"NAME":"Latimer","STATE":"40"}},
{"type":"Feature","geometry":{"type":"Polygon","coordinates":[[[-94.4479,34.9339],[-94.4337,35.3865],[-94.4939,35.3012],[-94.5948,35.328],[-94.6688,35.295],[-94.7502,35.357],[-94.8136,35.3233],[-94.8143,35.2023],[-94.9279,35.2026],[-94.9279,35.0583],[-94.9277,34.9422],[-94.9981,34.9422],[-95.0595,34.855],[-95.0596,34.6807],[-94.9378,34.6809],[-94.9376,34.5068],[-94.4611,34.5075],[-94.4546,34.729],[-94.4479,34.9339]]]},"properties":{"NAME":"Le Flore","STATE":"40"}},
{"type":"Feature","geometry":{"type":"Polygon","coordinates":[[[-94.7461,33.703],[-94.5284,33.616],[-94.4859,33.6379],[-94.4773,33.9409],[-94.4703,34.1899],[-94.4611,34.5075],[-94.9376,34.5068],[-95.0467,34.5072],[-95.0466,34.2437],[-95.1512,34.2439],[-95.1565,34.157],[-95.156,33.944],[-94.8693,33.7459],[-94.7461,33.703]]]},"properties":{"NAME":"McCurtain","STATE":"40"}},
{"type":"Feature","geometry":{"type":"Polygon","coordinates":[[[-96.9345,33.9537],[-96.883,33.868],[-96.7616,33.8244],[-96.6786,33.8928],[-96.6135,33.8783],[-96.548,34.0633],[-96.5854,34.1145],[-96.67,34.1723],[-96.9337,34.1726],[-96.9696,34.071],[-96.9345,33.9537]]]},"properties":{"NAME":"Marshall","STATE":"40"}},
{"type":"Feature","geometry":{"type":"Polygon","coordinates":[[[-95.8096,36.5975],[-95.4316,36.5975],[-95.4317,36.9428],[-95.4076,36.9992],[-95.5224,36.9993],[-95.7868,36.9993],[-95.8098,36.9419],[-95.8096,36.5975]]]},"properties":{"NAME":"Nowata","STATE":"40"}},
{"type":"Feature","geometry":{"type":"Polygon","coordinates":[[[-96.2683,36.162],[-96.0011,36.1613],[-96.0012,36.4237],[-96.0008,36.9989],[-96.5255,36.9991],[-96.7498,36.999],[-96.7524,36.7821],[-96.8895,36.7512],[-96.9319,36.6861],[-97.0641,36.6842],[-97.0574,36.5936],[-97.0098,36.5069],[-96.9402,36.4555],[-96.7536,36.5626],[-96.7108,36.4377],[-96.5757,36.3743],[-96.5735,36.3157],[-96.4338,36.2859],[-96.2683,36.162]]]},"properties":{"NAME":"Osage","STATE":"40"}},
{"type":"Feature","geometry":{"type":"Polygon","coordinates":[[[-101.0852,36.4992],[-100.9542,36.4996],[-100.9455,36.9982],[-101.0667,36.9979],[-101.5553,36.9954],[-102.0282,36.9931],[-102.0323,36.5001],[-101.6239,36.4995],[-101.0852,36.4992]]]},"properties":{"NAME":"Texas","STATE":"40"}},
{"type":"Feature","geometry":{"type":"Polygon","coordinates":[[[-99.2952,36.8196],[-99.1399,36.783],[-98.96,36.599],[-98.9603,36.5069],[-98.6254,36.3926],[-98.5336,36.4632],[-98.5447,36.999],[-99.0003,36.9995],[-99.4562,36.9995],[-99.373,36.8786],[-99.2952,36.8196]]]},"properties":{"NAME":"Woods","STATE":"40"}},
{"type":"Feature","geometry":{"type":"Polygon","coordinates":[[[-97.8345,42.0898],[-97.3684,42.0909],[-97.3677,42.3519],[-97.3676,42.4388],[-97.4853,42.4386],[-97.8344,42.4377],[-97.8345,42.0898]]]},"properties":{"NAME":"Pierce","STATE":"31"}},
{"type":"Feature","geometry":{"type":"Polygon","coordinates":[[[-100.7388,40.0022],[-100.1936,40.0016],[-100.1978,40.35],[-100.7584,40.3495],[-100.7588,40.0023],[-100.7388,40.0022]]]},"properties":{"NAME":"Red Willow","STATE":"31"}},
{"type":"Feature","geometry":{"type":"Polygon","coordinates":[[[-95.1547,41.5052],[-95.1559,41.1592],[-94.9276,41.1585],[-94.7006,41.1581],[-94.7006,41.5041],[-95.0408,41.5047],[-95.1547,41.5052]]]},"properties":{"NAME":"Cass","STATE":"19"}},
{"type":"Feature","geometry":{"type":"Polygon","coordinates":[[[-92.0816,42.907],[-92.0811,43.0828],[-92.081,43.2129],[-92.5544,43.2128],[-92.5542,42.9071],[-92.0816,42.907]]]},"properties":{"NAME":"Chickasaw","STATE":"19"}},
{"type":"Feature","geometry":{"type":"Polygon","coordinates":[[[-90.4508,38.9678],[-90.2759,38.9265],[-90.2737,38.9993],[-90.146,39],[-90.1481,39.2619],[-90.3141,39.2251],[-90.3707,39.1744],[-90.5746,39.1786],[-90.6036,39.1176],[-90.5702,38.9933],[-90.4508,38.9678]]]},"properties":{"NAME":"Jersey","STATE":"17"}},
{"type":"Feature","geometry":{"type":"Polygon","coordinates":[[[-90.6409,42.5083],[-90.654,42.4785],[-90.4748,42.3815],[-90.3911,42.2255],[-90.3163,42.1936],[-90,42.1958],[-90,42.5069],[-90.4264,42.5071],[-90.6409,42.5083]]]},"properties":{"NAME":"Jo Daviess","STATE":"17"}},
{"type":"Feature","geometry":{"type":"Polygon","coordinates":[[[-90.1177,38.8057],[-90.1651,38.7706],[-90.1814,38.6604],[-90,38.6581],[-90,38.9993],[-90.146,39],[-90.2737,38.9993],[-90.2759,38.9265],[-90.1133,38.8493],[-90.1177,38.8057]]]},"properties":{"NAME":"Madison","STATE":"17"}},
{"type":"Feature","geometry":{"type":"Polygon","coordinates":[[[-95.672,34.5939],[-95.5143,34.5942],[-95.5145,34.6811],[-95.5077,35.0292],[-95.3492,35.0585],[-95.3493,35.1603],[-95.455,35.1606],[-95.4512,35.296],[-95.5994,35.2217],[-95.756,35.1772],[-95.8707,35.186],[-95.9837,35.1516],[-96.0888,35.0499],[-96.092,34.7675],[-96.092,34.6806],[-95.8821,34.6805],[-95.882,34.5935],[-95.672,34.5939]]]},"properties":{"NAME":"Pittsburg","STATE":"40"}},
{"type":"Feature","geometry":{"type":"Polygon","coordinates":[[[-100.0004,35.6191],[-100.0004,35.4224],[-99.5758,35.4217],[-99.5756,35.5089],[-99.3641,35.5088],[-99.3758,35.8122],[-99.381,36.0129],[-99.4958,35.9787],[-99.5585,35.866],[-99.7171,35.8598],[-99.8883,35.9878],[-100.0004,35.8809],[-100.0004,35.6191]]]},"properties":{"NAME":"Roger Mills","STATE":"40"}},
{"type":"Feature","geometry":{"type":"Polygon","coordinates":[[[-110.0254,38.5],[-110.0363,38.6523],[-110.1793,38.9072],[-110.0773,39.2759],[-110.0106,39.4163],[-110.0241,39.4617],[-110.0241,39.469],[-111.0812,39.4675],[-111.2474,39.7046],[-111.2473,39.4672],[-111.3012,39.4673],[-111.2994,39.0323],[-111.3058,38.5102],[-111.3059,38.5],[-110.0254,38.5]]]},"properties":{"NAME":"Emery","STATE":"49"}},
{"type":"Feature","geometry":{"type":"Polygon","coordinates":[[[-110.6464,37.5411],[-112,37.5358],[-112,37.0012],[-111.4128,37.0015],[-111.2475,37.0216],[-111.1783,37.1026],[-110.9583,37.1244],[-110.8995,37.1762],[-110.8698,37.3487],[-110.7778,37.323],[-110.6391,37.4871],[-110.6464,37.5411]]]},"properties":{"NAME":"Kane","STATE":"49"}},
{"type":"Feature","geometry":{"type":"Polygon","coordinates":[[[-104.0528,41.698],[-103.3704,41.6992],[-103.3633,42.0029],[-103.4016,42.0035],[-104.0527,42.0017],[-104.0528,41.698]]]},"properties":{"NAME":"Scotts Bluff","STATE":"31"}},
{"type":"Feature","geometry":{"type":"Polygon","coordinates":[[[-104.0527,42.0017],[-103.4016,42.0035],[-103.4441,42.0907],[-103.4445,42.4374],[-103.4801,42.4373],[-103.4804,42.785],[-103.5051,43.0008],[-104.0531,43.0006],[-104.0528,42.6118],[-104.0527,42.0017]]]},"properties":{"NAME":"Sioux","STATE":"31"}},
{"type":"Feature","geometry":{"type":"Polygon","coordinates":[[[-99.212,41.7406],[-99.2033,41.3941],[-98.7516,41.3941],[-98.7522,41.7404],[-98.7591,41.7404],[-99.212,41.7406]]]},"properties":{"NAME":"Valley","STATE":"31"}},
{"type":"Feature","geometry":{"type":"Polygon","coordinates":[[[-96.329,41.3931],[-95.9383,41.3922],[-95.9813,41.5068],[-96.0897,41.5318],[-96.1217,41.6827],[-96.4448,41.6836],[-96.4439,41.5239],[-96.329,41.3931]]]},"properties":{"NAME":"Washington","STATE":"31"}},
{"type":"Feature","geometry":{"type":"Polygon","coordinates":[[[-109.7987,45.0022],[-109.7982,45.1674],[-110.0638,45.1721],[-110.2285,45.1728],[-110.2245,45.5],[-110.919,45.5],[-110.9177,45.3513],[-111.0382,45.3512],[-111.0443,45.0013],[-110.7053,44.9923],[-109.7987,45.0022]]]},"properties":{"NAME":"Park","STATE":"30"}},
{"type":"Feature","geometry":{"type":"Polygon","coordinates":[[[-109.1915,45.5],[-109.9321,45.5],[-109.9322,45.3486],[-110.0633,45.3488],[-110.0638,45.1721],[-109.7982,45.1674],[-109.6911,45.1672],[-109.562,45.3629],[-109.3562,45.4644],[-109.1915,45.5]]]},"properties":{"NAME":"Stillwater","STATE":"30"}},
{"type":"Feature","geometry":{"type":"Polygon","coordinates":[[[-90.7201,32.6189],[-90.7283,32.5663],[-90.8606,32.5752],[-90.8614,32.4421],[-90.9512,32.4444],[-90.964,32.5756],[-91.0908,32.564],[-91.0906,32.5627],[-91.0953,32.4587],[-90.9052,32.3155],[-91.0046,32.2154],[-91.1226,32.2169],[-91.1746,32.155],[-91.0279,32.1127],[-90.7748,32.154],[-90.7286,32.2251],[-90.6945,32.353],[-90.6362,32.3745],[-90.5538,32.5076],[-90.6546,32.546],[-90.7201,32.6189]]]},"properties":{"NAME":"Warren","STATE":"28"}},
{"type":"Feature","geometry":{"type":"Polygon","coordinates":[[[-95.71,40.5238],[-95.6227,40.3423],[-95.5523,40.2644],[-95.1806,40.2617],[-95.1777,40.4789],[-95.2023,40.5785],[-95.3739,40.5805],[-95.7656,40.5852],[-95.71,40.5238]]]},"properties":{"NAME":"Atchison","STATE":"29"}},
{"type":"Feature","geometry":{"type":"Polygon","coordinates":[[[-94.0821,37.3493],[-94.0754,37.5816],[-94.0735,37.6397],[-94.6176,37.6536],[-94.6175,37.3642],[-94.0821,37.3493]]]},"properties":{"NAME":"Barton","STATE":"29"}},
{"type":"Feature","geometry":{"type":"Polygon","coordinates":[[[-92.4302,39.2488],[-92.5651,38.9983],[-92.5581,38.9707],[-92.4984,38.9221],[-92.3796,38.8001],[-92.3949,38.7391],[-92.3506,38.6764],[-92.2207,38.6432],[-92.1709,38.7653],[-92.1104,39.0642],[-92.1044,39.2398],[-92.3145,39.2465],[-92.4302,39.2488]]]},"properties":{"NAME":"Boone","STATE":"29"}},
{"type":"Feature","geometry":{"type":"Polygon","coordinates":[[[-93.759,39.7847],[-94.2058,39.789],[-94.206,39.7458],[-94.2084,39.5272],[-93.7592,39.5246],[-93.7584,39.6114],[-93.759,39.7847]]]},"properties":{"NAME":"Caldwell","STATE":"29"}},
{"type":"Feature","geometry":{"type":"Polygon","coordinates":[[[-94.1191,38.8332],[-94.608,38.8472],[-94.6095,38.7381],[-94.6129,38.4776],[-94.3122,38.4715],[-94.0657,38.4471],[-94.0643,38.5674],[-94.1197,38.5687],[-94.1191,38.8332]]]},"properties":{"NAME":"Cass","STATE":"29"}},
{"type":"Feature","geometry":{"type":"Polygon","coordinates":[[[-94.1142,38.9173],[-94.1191,38.8332],[-94.1197,38.5687],[-94.0643,38.5674],[-93.511,38.5562],[-93.4973,38.9284],[-93.8347,38.9379],[-93.8363,38.9087],[-94.1142,38.9173]]]},"properties":{"NAME":"Johnson","STATE":"29"}},
{"type":"Feature","geometry":{"type":"Polygon","coordinates":[[[-94.1048,39.1435],[-94.1142,38.9173],[-93.8363,38.9087],[-93.8347,38.9379],[-93.4973,38.9284],[-93.4964,38.9428],[-93.4772,39.2928],[-93.4879,39.2289],[-93.6505,39.2482],[-93.7585,39.207],[-93.8401,39.2155],[-93.9889,39.1528],[-94.1048,39.1435]]]},"properties":{"NAME":"Lafayette","STATE":"29"}},
{"type":"Feature","geometry":{"type":"Polygon","coordinates":[[[-90.6659,38.9342],[-90.7116,39.0468],[-90.6811,39.1006],[-90.719,39.225],[-91.1829,39.2272],[-91.2602,39.1398],[-91.2643,38.9928],[-91.1113,38.8727],[-90.9585,38.8709],[-90.8178,38.876],[-90.6659,38.9342]]]},"properties":{"NAME":"Lincoln","STATE":"29"}},
{"type":"Feature","geometry":{"type":"Polygon","coordinates":[[[-90.535,37.6436],[-90.5497,37.3176],[-90.2177,37.315],[-90.1457,37.3121],[-90.1468,37.5974],[-90.1468,37.6416],[-90.535,37.6436]]]},"properties":{"NAME":"Madison","STATE":"29"}},
{"type":"Feature","geometry":{"type":"Polygon","coordinates":[[[-91.3132,39.6849],[-91.368,39.7591],[-91.4329,39.8406],[-91.4559,39.9455],[-91.8404,39.9482],[-91.8467,39.6585],[-91.7152,39.6576],[-91.7155,39.6865],[-91.3132,39.6849]]]},"properties":{"NAME":"Marion","STATE":"29"}},
{"type":"Feature","geometry":{"type":"Polygon","coordinates":[[[-94.4524,31.8443],[-94.5114,31.974],[-94.6,31.9732],[-94.5805,32.2014],[-94.4918,32.3941],[-94.5792,32.3949],[-94.6383,32.3705],[-94.9854,32.3708],[-94.9853,32.138],[-94.985,31.8462],[-94.9375,31.8456],[-94.4524,31.8443]]]},"properties":{"NAME":"Rusk","STATE":"48"}},
{"type":"Feature","geometry":{"type":"Polygon","coordinates":[[[-102.318,31.6513],[-102.3135,31.5],[-101.7759,31.5],[-101.7758,31.6513],[-102.2873,31.6513],[-102.318,31.6513]]]},"properties":{"NAME":"Upton","STATE":"48"}},
{"type":"Feature","geometry":{"type":"Polygon","coordinates":[[[-99.2114,34.3377],[-99.3567,34.4421],[-99.4742,34.3981],[-99.4753,34.0856],[-99.4756,33.834],[-98.9531,33.834],[-98.9525,34.1956],[-99.1909,34.2153],[-99.2114,34.3377]]]},"properties":{"NAME":"Wilbarger","STATE":"48"}},
{"type":"Feature","geometry":{"type":"Polygon","coordinates":[[[-102.7991,32.0858],[-103.0643,32.0871],[-103.0644,32.0005],[-103.3265,32.0004],[-103.3275,31.6514],[-102.7989,31.6518],[-102.7991,32.0858]]]},"properties":{"NAME":"Winkler","STATE":"48"}},
{"type":"Feature","geometry":{"type":"Polygon","coordinates":[[[-102.595,32.9588],[-102.5948,33.3885],[-103.0567,33.3884],[-103.0647,32.9591],[-102.595,32.9588]]]},"properties":{"NAME":"Yoakum","STATE":"48"}},
{"type":"Feature","geometry":{"type":"Polygon","coordinates":[[[-111.8855,41.4264],[-111.9166,41.5386],[-112,41.5766],[-112,41.3763],[-111.8855,41.4264]]]},"properties":{"NAME":"Box Elder","STATE":"49"}},
{"type":"Feature","geometry":{"type":"Polygon","coordinates":[[[-94.9025,31.5],[-94.8129,31.5],[-94.8659,31.5269],[-94.9025,31.5]]]},"properties":{"NAME":"Angelina","STATE":"48"}},
{"type":"Feature","geometry":{"type":"Polygon","coordinates":[[[-94.7461,33.703],[-94.7469,33.3289],[-94.6523,33.2689],[-94.5179,33.2821],[-94.2313,33.2411],[-94.2185,33.2969],[-94.043,33.2712],[-94.0435,33.5523],[-94.1818,33.5932],[-94.3559,33.5432],[-94.4859,33.6379],[-94.5284,33.616],[-94.7461,33.703]]]},"properties":{"NAME":"Bowie","STATE":"48"}},
{"type":"Feature","geometry":{"type":"Polygon","coordinates":[[[-90.7323,38.6393],[-90.5336,38.7269],[-90.2987,38.8878],[-90.1177,38.8057],[-90.1133,38.8493],[-90.2759,38.9265],[-90.4508,38.9678],[-90.544,38.8751],[-90.6659,38.9342],[-90.8178,38.876],[-90.9585,38.8709],[-90.9645,38.5475],[-90.9166,38.5347],[-90.7323,38.6393]]]},"properties":{"NAME":"St. Charles","STATE":"29"}},
{"type":"Feature","geometry":{"type":"Polygon","coordinates":[[[-90.3403,38.387],[-90.2631,38.5202],[-90.2578,38.532],[-90.3064,38.6336],[-90.1651,38.7706],[-90.1177,38.8057],[-90.2987,38.8878],[-90.5336,38.7269],[-90.7323,38.6393],[-90.7363,38.4666],[-90.5911,38.5017],[-90.4053,38.5012],[-90.3403,38.387]]]},"properties":{"NAME":"St. Louis","STATE":"29"}},
{"type":"Feature","geometry":{"type":"Polygon","coordinates":[[[-91.9497,40.3008],[-91.9431,40.6059],[-92.1798,40.6005],[-92.3508,40.5973],[-92.35,40.3465],[-92.3478,40.3028],[-91.9497,40.3008]]]},"properties":{"NAME":"Scotland","STATE":"29"}},
{"type":"Feature","geometry":{"type":"Polygon","coordinates":[[[-108.1932,45.5],[-108.7089,45.5],[-108.645,45.4641],[-108.3164,45.4605],[-108.1932,45.5]]]},"properties":{"NAME":"Yellowstone","STATE":"30"}},
{"type":"Feature","geometry":{"type":"Polygon","coordinates":[[[-99.2545,42.9981],[-99.257,42.8043],[-98.9546,42.8941],[-98.8928,42.8458],[-98.5838,42.7797],[-98.3051,42.7612],[-98.3097,42.8812],[-98.4674,42.9476],[-98.4985,42.9986],[-99.2545,42.9981]]]},"properties":{"NAME":"Boyd","STATE":"31"}},
{"type":"Feature","geometry":{"type":"Polygon","coordinates":[[[-96.4448,41.6836],[-96.1217,41.6827],[-96.0645,41.793],[-96.1396,41.8658],[-96.1295,41.9717],[-96.2729,42.0472],[-96.3096,42.0152],[-96.5549,42.0159],[-96.5552,41.742],[-96.4448,41.6836]]]},"properties":{"NAME":"Burt","STATE":"31"}},
{"type":"Feature","geometry":{"type":"Polygon","coordinates":[[[-101.2282,43.3892],[-101.2283,43.7888],[-101.0643,43.8411],[-101.0641,43.9949],[-102.0073,43.9945],[-102.0189,43.7086],[-102.1392,43.7009],[-102.1391,43.4767],[-102.1108,43.3899],[-101.2282,43.3892]]]},"properties":{"NAME":"Jackson","STATE":"46"}},
{"type":"Feature","geometry":{"type":"Polygon","coordinates":[[[-104.0546,44.1411],[-103.4525,44.1408],[-103.453,44.2566],[-103.5744,44.2561],[-103.5677,44.6041],[-103.8206,44.6048],[-104.0559,44.571],[-104.0545,44.1804],[-104.0546,44.1411]]]},"properties":{"NAME":"Lawrence","STATE":"46"}},
{"type":"Feature","geometry":{"type":"Polygon","coordinates":[[[-96.5725,43.2492],[-96.5213,43.375],[-96.5989,43.5005],[-96.9248,43.5],[-96.9241,43.0837],[-96.8057,43.0837],[-96.4551,43.0834],[-96.4756,43.2211],[-96.5725,43.2492]]]},"properties":{"NAME":"Lincoln","STATE":"46"}},
{"type":"Feature","geometry":{"type":"Polygon","coordinates":[[[-97.1291,43.848],[-97.1295,43.4997],[-96.9248,43.5],[-96.5989,43.5005],[-96.453,43.5004],[-96.4533,43.8495],[-96.8887,43.8484],[-97.1291,43.848]]]},"properties":{"NAME":"Minnehaha","STATE":"46"}},
{"type":"Feature","geometry":{"type":"Polygon","coordinates":[[[-102.9574,45.0396],[-102,45.038],[-101.9998,45.4724],[-101.9998,45.5],[-102.9513,45.5],[-102.9573,45.2129],[-102.9574,45.0396]]]},"properties":{"NAME":"Perkins","STATE":"46"}},
{"type":"Feature","geometry":{"type":"Polygon","coordinates":[[[-97.2262,45.2976],[-96.9929,45.3269],[-96.47,45.3268],[-96.5218,45.3756],[-96.6805,45.4105],[-96.7523,45.5],[-97.2269,45.5],[-97.2262,45.2976]]]},"properties":{"NAME":"Roberts","STATE":"46"}},
{"type":"Feature","geometry":{"type":"Polygon","coordinates":[[[-102.0825,42.9994],[-102.0667,42.4435],[-102.0382,42.4433],[-102.0403,42.0967],[-102.0062,42.0963],[-101.4266,42.0922],[-100.8461,42.0882],[-100.2676,42.0861],[-100.1676,42.0858],[-100.1832,42.4334],[-100.1833,42.781],[-100.1985,42.8461],[-100.1984,42.9985],[-101.2281,42.9979],[-102.0825,42.9994]]]},"properties":{"NAME":"Cherry","STATE":"31"}},
{"type":"Feature","geometry":{"type":"Polygon","coordinates":[[[-96.636,42.5243],[-96.7222,42.5247],[-96.7267,42.278],[-96.3488,42.282],[-96.4178,42.3514],[-96.3807,42.4464],[-96.4434,42.4895],[-96.636,42.5243]]]},"properties":{"NAME":"Dakota","STATE":"31"}},
{"type":"Feature","geometry":{"type":"Polygon","coordinates":[[[-102.0555,41.2215],[-102.6104,41.2216],[-102.621,41.0026],[-102.0517,41.0024],[-102.0518,41.0039],[-102.0555,41.2215]]]},"properties":{"NAME":"Deuel","STATE":"31"}},
{"type":"Feature","geometry":{"type":"Polygon","coordinates":[[[-95.9232,41.191],[-95.9025,41.2734],[-95.9383,41.3922],[-96.329,41.3931],[-96.4707,41.3932],[-96.3506,41.2652],[-96.3274,41.19],[-95.9232,41.191]]]},"properties":{"NAME":"Douglas","STATE":"31"}},
{"type":"Feature","geometry":{"type":"Polygon","coordinates":[[[-98.7264,40.0022],[-98.7268,40.3504],[-99.1794,40.3507],[-99.1791,40.002],[-99.067,40.0022],[-98.7264,40.0022]]]},"properties":{"NAME":"Franklin","STATE":"31"}},
{"type":"Feature","geometry":{"type":"Polygon","coordinates":[[[-96.9126,40.5236],[-96.9151,40.3497],[-96.9164,40.0015],[-96.8058,40.0014],[-96.4637,40.001],[-96.4637,40.2622],[-96.4636,40.523],[-96.9126,40.5236]]]},"properties":{"NAME":"Gage","STATE":"31"}},
{"type":"Feature","geometry":{"type":"Polygon","coordinates":[[[-94.2188,40.0349],[-94.6054,40.0392],[-94.6028,39.8196],[-94.6023,39.7472],[-94.206,39.7458],[-94.2058,39.789],[-94.2188,40.0349]]]},"properties":{"NAME":"DeKalb","STATE":"29"}},
{"type":"Feature","geometry":{"type":"Polygon","coordinates":[[[-90.1484,36.6307],[-90.2207,36.4979],[-90.1564,36.4877],[-90.0645,36.3821],[-90.064,36.303],[-90.1987,36.2014],[-90.3192,36.09],[-90.3687,35.9958],[-90.2889,35.9964],[-90,35.9987],[-90,36.6296],[-90.1484,36.6307]]]},"properties":{"NAME":"Dunklin","STATE":"29"}},
{"type":"Feature","geometry":{"type":"Polygon","coordinates":[[[-93.7743,40.5776],[-94.0155,40.5739],[-94.2322,40.5719],[-94.2143,40.3843],[-94.2167,40.1366],[-93.764,40.1329],[-93.7633,40.264],[-93.7743,40.5776]]]},"properties":{"NAME":"Harrison","STATE":"29"}},
{"type":"Feature","geometry":{"type":"Polygon","coordinates":[[[-92.8492,39.2262],[-92.9416,39.1259],[-92.9346,39.0645],[-92.8416,38.9798],[-92.5581,38.9707],[-92.5651,38.9983],[-92.4302,39.2488],[-92.7074,39.3216],[-92.7904,39.3436],[-92.8492,39.2262]]]},"properties":{"NAME":"Howard","STATE":"29"}},
{"type":"Feature","geometry":{"type":"Polygon","coordinates":[[[-91.6581,36.8887],[-91.6556,37.0489],[-92.0887,37.0562],[-92.1123,36.7942],[-92.1204,36.4989],[-91.6723,36.4995],[-91.6742,36.7878],[-91.6581,36.8887]]]},"properties":{"NAME":"Howell","STATE":"29"}},
{"type":"Feature","geometry":{"type":"Polygon","coordinates":[[[-91.1159,36.8237],[-91.2228,36.8839],[-91.6581,36.8887],[-91.6742,36.7878],[-91.6723,36.4995],[-91.45,36.4975],[-91.4071,36.4971],[-91.1265,36.4977],[-91.1159,36.8237]]]},"properties":{"NAME":"Oregon","STATE":"29"}},
{"type":"Feature","geometry":{"type":"Polygon","coordinates":[[[-94.6008,39.4562],[-94.6012,39.5304],[-95.1029,39.5333],[-94.9691,39.4189],[-94.901,39.3017],[-94.7939,39.2013],[-94.6017,39.1596],[-94.6008,39.4562]]]},"properties":{"NAME":"Platte","STATE":"29"}},
{"type":"Feature","geometry":{"type":"Polygon","coordinates":[[[-94.4726,35.6386],[-94.4929,35.7592],[-94.5522,36.1022],[-94.5628,36.1619],[-94.7973,36.1614],[-94.8073,35.6386],[-94.4726,35.6386]]]},"properties":{"NAME":"Adair","STATE":"40"}},
{"type":"Feature","geometry":{"type":"Polygon","coordinates":[[[-100.5461,36.4993],[-100.0038,36.4997],[-100.0032,36.5933],[-100.0026,37.0017],[-100.0895,37.0021],[-100.6333,36.9999],[-100.9455,36.9982],[-100.9542,36.4996],[-100.5461,36.4993]]]},"properties":{"NAME":"Beaver","STATE":"40"}},
{"type":"Feature","geometry":{"type":"Polygon","coordinates":[[[-94.8073,35.6386],[-94.7973,36.1614],[-95.0113,36.1618],[-95.1185,36.1616],[-95.1184,36.0745],[-95.2079,36.0747],[-95.2787,35.9641],[-95.2315,35.8512],[-95.2657,35.8133],[-95.1272,35.8128],[-95.1275,35.6389],[-94.8073,35.6386]]]},"properties":{"NAME":"Cherokee","STATE":"40"}},
{"type":"Feature","geometry":{"type":"Polygon","coordinates":[[[-95.156,33.944],[-95.1565,34.157],[-95.7794,34.1567],[-95.9916,34.1568],[-95.9381,34.1251],[-95.9379,33.9482],[-95.8369,33.8734],[-95.7572,33.8673],[-95.5997,33.9342],[-95.5443,33.8801],[-95.3105,33.8715],[-95.2194,33.9616],[-95.156,33.944]]]},"properties":{"NAME":"Choctaw","STATE":"40"}},
{"type":"Feature","geometry":{"type":"Polygon","coordinates":[[[-98.1691,34.1142],[-98.1392,34.2898],[-98.1421,34.507],[-98.2441,34.5071],[-98.2959,34.449],[-98.505,34.4494],[-98.662,34.4059],[-98.6097,34.3337],[-98.6101,34.161],[-98.5042,34.0724],[-98.4338,34.0961],[-98.364,34.1571],[-98.1691,34.1142]]]},"properties":{"NAME":"Cotton","STATE":"40"}},
{"type":"Feature","geometry":{"type":"Polygon","coordinates":[[[-95.0057,36.5099],[-95.0113,36.1618],[-94.7973,36.1614],[-94.5628,36.1619],[-94.6179,36.4994],[-94.618,36.6679],[-94.9994,36.6706],[-95.0057,36.5099]]]},"properties":{"NAME":"Delaware","STATE":"40"}},
{"type":"Feature","geometry":{"type":"Polygon","coordinates":[[[-98.096,35.3778],[-98.0926,34.8549],[-98.0891,34.6811],[-97.6684,34.6813],[-97.6681,34.8552],[-97.6716,35.3359],[-97.7373,35.3238],[-98.096,35.3778]]]},"properties":{"NAME":"Grady","STATE":"40"}},
{"type":"Feature","geometry":{"type":"Polygon","coordinates":[[[-109.0479,32.4264],[-109.0498,31.5],[-108.2085,31.5],[-108.2084,31.7836],[-108.2172,31.8641],[-108.5247,31.8637],[-108.5381,32.0798],[-108.537,32.5168],[-108.6472,32.5169],[-108.6464,32.6036],[-108.8531,32.6036],[-108.8544,32.7773],[-109.0471,32.7776],[-109.0479,32.4264]]]},"properties":{"NAME":"Hidalgo","STATE":"35"}},
{"type":"Feature","geometry":{"type":"Polygon","coordinates":[[[-107.2968,31.7838],[-107.2995,32.6055],[-107.6083,32.6054],[-107.9235,32.6044],[-107.9235,32.5173],[-108.2293,32.517],[-108.2172,31.8641],[-108.2084,31.7836],[-107.2968,31.7838]]]},"properties":{"NAME":"Luna","STATE":"35"}},
{"type":"Feature","geometry":{"type":"Polygon","coordinates":[[[-109.0459,34.9597],[-108.4693,34.959],[-108.4686,35.3068],[-107.31,35.3052],[-107.3082,35.9987],[-107.6265,36.0003],[-109.046,36.0023],[-109.0459,34.9597]]]},"properties":{"NAME":"McKinley","STATE":"35"}},
{"type":"Feature","geometry":{"type":"Polygon","coordinates":[[[-105.998,32.0023],[-104.9183,32.0005],[-104.8478,32.0005],[-104.8515,32.5205],[-105.3539,32.5188],[-105.3525,32.962],[-105.3169,33.1322],[-105.319,33.3051],[-105.726,33.3048],[-105.7273,33.3905],[-106.3459,33.3908],[-106.3405,33.0528],[-106.3766,32.9579],[-106.3772,32.0015],[-105.998,32.0023]]]},"properties":{"NAME":"Otero","STATE":"35"}},
{"type":"Feature","geometry":{"type":"Polygon","coordinates":[[[-90,34.9947],[-90,35.3951],[-90,35.4492],[-90,35.4674],[-90.0896,35.3798],[-90.1149,35.3039],[-90.0646,35.1406],[-90.1746,35.1167],[-90.1939,35.0616],[-90.3093,34.9957],[-90,34.9947]]]},"properties":{"NAME":"Shelby","STATE":"47"}},
{"type":"Feature","geometry":{"type":"Polygon","coordinates":[[[-98.0771,43.1683],[-98.0928,42.9739],[-98.1574,42.8319],[-98.0566,42.7708],[-97.9501,42.7696],[-97.8753,42.8587],[-97.6351,42.845],[-97.6375,43.1688],[-98.0771,43.1683]]]},"properties":{"NAME":"Bon Homme","STATE":"46"}},
{"type":"Feature","geometry":{"type":"Polygon","coordinates":[[[-97.9801,45.5],[-98.7223,45.5],[-98.7225,45.2438],[-98.7178,45.2437],[-97.9815,45.2404],[-97.9801,45.5]]]},"properties":{"NAME":"Brown","STATE":"46"}},
{"type":"Feature","geometry":{"type":"Polygon","coordinates":[[[-93.6101,36.9958],[-93.611,36.9228],[-93.5738,36.82],[-93.5843,36.4989],[-93.3153,36.4984],[-93.3044,36.8169],[-93.3375,36.9925],[-93.6101,36.9958]]]},"properties":{"NAME":"Stone","STATE":"29"}},
{"type":"Feature","geometry":{"type":"Polygon","coordinates":[[[-94.6141,38.0601],[-94.614,38.0371],[-94.6177,37.6731],[-94.6176,37.6536],[-94.0735,37.6397],[-94.0657,37.901],[-94.0583,38.0366],[-94.6141,38.0601]]]},"properties":{"NAME":"Vernon","STATE":"29"}},
{"type":"Feature","geometry":{"type":"Polygon","coordinates":[[[-94.2143,40.3843],[-94.2322,40.5719],[-94.4712,40.5708],[-94.632,40.5712],[-94.5985,40.3867],[-94.2143,40.3843]]]},"properties":{"NAME":"Worth","STATE":"29"}},
{"type":"Feature","geometry":{"type":"Polygon","coordinates":[[[-112,44.7831],[-112,44.5475],[-111.8705,44.564],[-111.8065,44.5155],[-111.6175,44.553],[-111.5258,44.6049],[-111.4815,44.7092],[-111.7817,44.7088],[-111.7818,44.7811],[-112,44.7831]]]},"properties":{"NAME":"Beaverhead","STATE":"30"}},
{"type":"Feature","geometry":{"type":"Polygon","coordinates":[[[-98.4637,31.684],[-98.1566,31.8417],[-98.2084,31.9175],[-98.3275,31.9413],[-98.5512,32.2614],[-98.9244,32.078],[-98.6684,31.7005],[-98.4928,31.7236],[-98.4637,31.684]]]},"properties":{"NAME":"Comanche","STATE":"48"}},
{"type":"Feature","geometry":{"type":"Polygon","coordinates":[[[-97.3831,33.4305],[-96.9439,33.4164],[-96.9446,33.949],[-97.0924,33.7332],[-97.1722,33.7375],[-97.2265,33.9146],[-97.3729,33.8195],[-97.4629,33.8418],[-97.4841,33.9157],[-97.4871,33.4337],[-97.3831,33.4305]]]},"properties":{"NAME":"Cooke","STATE":"48"}},
{"type":"Feature","geometry":{"type":"Polygon","coordinates":[[[-96.8057,43.0837],[-96.9241,43.0837],[-97.1605,43.0831],[-97.1631,42.7934],[-97.0157,42.7587],[-96.8066,42.7034],[-96.8057,43.0837]]]},"properties":{"NAME":"Clay","STATE":"46"}},
{"type":"Feature","geometry":{"type":"Polygon","coordinates":[[[-100.3419,45.4729],[-100.4035,45.5],[-101.9998,45.5],[-101.9998,45.4724],[-101.4702,45.4724],[-100.3419,45.4729]]]},"properties":{"NAME":"Corson","STATE":"46"}},
{"type":"Feature","geometry":{"type":"Polygon","coordinates":[[[-104.0548,43.4778],[-104.0531,43.0006],[-103.5051,43.0008],[-103.0009,43.0005],[-103.0008,43.4768],[-104.0548,43.4778]]]},"properties":{"NAME":"Fall River","STATE":"46"}},
{"type":"Feature","geometry":{"type":"Polygon","coordinates":[[[-99.5345,43.4996],[-99.534,42.998],[-99.2545,42.9981],[-98.4985,42.9986],[-98.5249,43.0393],[-98.6905,43.0766],[-98.7734,43.1459],[-98.8688,43.162],[-98.8968,43.2469],[-99.0693,43.3207],[-99.1529,43.4269],[-99.298,43.4997],[-99.5345,43.4996]]]},"properties":{"NAME":"Gregory","STATE":"46"}},
{"type":"Feature","geometry":{"type":"Polygon","coordinates":[[[-94.7806,44.4567],[-94.8658,44.4982],[-94.8663,44.2824],[-95.1075,44.2818],[-95.1088,44.195],[-95.1002,44.108],[-94.8598,44.108],[-94.3688,44.1087],[-94.3717,44.2644],[-94.523,44.3654],[-94.6661,44.394],[-94.7806,44.4567]]]},"properties":{"NAME":"Brown","STATE":"27"}},
{"type":"Feature","geometry":{"type":"Polygon","coordinates":[[[-99.5345,43.4996],[-99.6236,43.4999],[-99.6236,43.7424],[-99.8378,43.6891],[-100.1152,43.6854],[-100.2308,43.7139],[-100.2142,43.3903],[-100.1984,42.9985],[-99.534,42.998],[-99.5345,43.4996]]]},"properties":{"NAME":"Tripp","STATE":"46"}},
{"type":"Feature","geometry":{"type":"Polygon","coordinates":[[[-97.6375,43.1688],[-97.6351,42.845],[-97.4854,42.8548],[-97.2571,42.8539],[-97.1631,42.7934],[-97.1605,43.0831],[-97.1605,43.17],[-97.3992,43.1694],[-97.6375,43.1688]]]},"properties":{"NAME":"Yankton","STATE":"46"}},
{"type":"Feature","geometry":{"type":"Polygon","coordinates":[[[-104.0403,45.2129],[-104.0413,45.5],[-104.9854,45.5],[-105.0382,45.3521],[-105.0384,45.0003],[-104.0577,44.9974],[-104.0403,45.2129]]]},"properties":{"NAME":"Carter","STATE":"30"}},
{"type":"Feature","geometry":{"type":"Polygon","coordinates":[[[-95.71,40.5238],[-95.7656,40.5852],[-95.7763,40.6475],[-95.8832,40.7176],[-95.8542,40.784],[-96.4638,40.784],[-96.4636,40.523],[-96.067,40.5231],[-95.71,40.5238]]]},"properties":{"NAME":"Otoe","STATE":"31"}},
{"type":"Feature","geometry":{"type":"Polygon","coordinates":[[[-101.4065,41.7432],[-100.8425,41.7404],[-100.8461,42.0882],[-101.4266,42.0922],[-101.4259,41.7431],[-101.4065,41.7432]]]},"properties":{"NAME":"Hooker","STATE":"31"}},
{"type":"Feature","geometry":{"type":"Polygon","coordinates":[[[-97.3692,40.0021],[-96.9164,40.0015],[-96.9151,40.3497],[-97.3687,40.3504],[-97.3692,40.0021]]]},"properties":{"NAME":"Jefferson","STATE":"31"}},
{"type":"Feature","geometry":{"type":"Polygon","coordinates":[[[-99.534,42.998],[-100.1984,42.9985],[-100.1985,42.8461],[-100.134,42.8078],[-99.6777,42.7309],[-99.5375,42.7176],[-99.257,42.8043],[-99.2545,42.9981],[-99.534,42.998]]]},"properties":{"NAME":"Keya Paha","STATE":"31"}},
{"type":"Feature","geometry":{"type":"Polygon","coordinates":[[[-101.2697,41.3949],[-101.2704,41.0474],[-101.25,41.004],[-101.248,40.6978],[-100.7778,40.7001],[-100.2233,40.7003],[-100.2242,41.0466],[-100.2511,41.3933],[-100.7132,41.3935],[-101.2697,41.3949]]]},"properties":{"NAME":"Lincoln","STATE":"31"}},
{"type":"Feature","geometry":{"type":"Polygon","coordinates":[[[-90,32.4724],[-90,32.8206],[-90.0491,32.7357],[-90.1977,32.6638],[-90.2781,32.6603],[-90.45,32.5738],[-90.4498,32.488],[-90.2436,32.4875],[-90.2438,32.4001],[-90.0657,32.3995],[-90,32.4724]]]},"properties":{"NAME":"Madison","STATE":"28"}},
{"type":"Feature","geometry":{"type":"Polygon","coordinates":[[[-92.3164,44.5408],[-92.5497,44.576],[-92.732,44.7138],[-92.7926,44.6297],[-92.7926,44.543],[-93.0393,44.5154],[-93.0395,44.4719],[-93.0412,44.1967],[-92.6787,44.1955],[-92.5509,44.1949],[-92.5507,44.3685],[-92.4306,44.3683],[-92.4303,44.4552],[-92.242,44.4543],[-92.3164,44.5408]]]},"properties":{"NAME":"Goodhue","STATE":"27"}},
{"type":"Feature","geometry":{"type":"Polygon","coordinates":[[[-91.2682,43.7266],[-91.2841,43.8471],[-91.7304,43.8469],[-91.7302,43.5007],[-91.6108,43.5005],[-91.2177,43.5005],[-91.2687,43.6153],[-91.2682,43.7266]]]},"properties":{"NAME":"Houston","STATE":"27"}},
{"type":"Feature","geometry":{"type":"Polygon","coordinates":[[[-108.0006,33.2016],[-108.0006,33.478],[-107.7127,33.4769],[-107.7163,34.2599],[-107.7249,34.5781],[-109.0462,34.5793],[-109.0466,33.7782],[-109.0472,33.209],[-108.45,33.201],[-108.0006,33.2016]]]},"properties":{"NAME":"Catron","STATE":"35"}},
{"type":"Feature","geometry":{"type":"Polygon","coordinates":[[[-103.9459,34.0828],[-104.1558,34.0833],[-104.1563,33.9954],[-104.786,34.0001],[-104.7862,34.0878],[-104.8931,34.0883],[-104.8852,33.3063],[-104.9058,33.1386],[-105.3169,33.1322],[-105.3525,32.962],[-105.3539,32.5188],[-104.8515,32.5205],[-104.8412,32.9633],[-103.8146,32.9652],[-103.7663,32.9652],[-103.7664,33.3955],[-103.7214,33.3959],[-103.7207,33.5697],[-103.5103,33.5703],[-103.5097,33.6572],[-103.7183,33.6561],[-103.7168,33.8193],[-103.8419,33.8193],[-103.8416,34.0817],[-103.9459,34.0828]]]},"properties":{"NAME":"Chaves","STATE":"35"}},
{"type":"Feature","geometry":{"type":"Polygon","coordinates":[[[-103.0425,34.9541],[-103.283,34.954],[-103.2842,34.865],[-103.3894,34.8653],[-103.3903,34.7781],[-103.4954,34.7787],[-103.496,34.6915],[-103.7058,34.6925],[-103.7382,34.6047],[-103.74,34.3031],[-103.0439,34.3026],[-103.044,34.3127],[-103.0428,34.7474],[-103.0425,34.9541]]]},"properties":{"NAME":"Curry","STATE":"35"}},
{"type":"Feature","geometry":{"type":"Polygon","coordinates":[[[-90.2889,35.9964],[-90.3687,35.9958],[-90.3874,35.9647],[-90.8521,35.9681],[-90.8728,35.8809],[-91.0325,35.8851],[-91.037,35.7084],[-90.2867,35.6999],[-90.2889,35.9964]]]},"properties":{"NAME":"Craighead","STATE":"05"}},
{"type":"Feature","geometry":{"type":"Polygon","coordinates":[[[-90.3093,34.9957],[-90.1939,35.0616],[-90.1746,35.1167],[-90.0646,35.1406],[-90.1149,35.3039],[-90.0896,35.3798],[-90.1524,35.4368],[-90.2869,35.4386],[-90.5024,35.4417],[-90.503,35.1442],[-90.4004,35.1482],[-90.4085,34.9041],[-90.408,34.8328],[-90.2939,34.8606],[-90.254,34.955],[-90.3093,34.9957]]]},"properties":{"NAME":"Crittenden","STATE":"05"}},
{"type":"Feature","geometry":{"type":"Polygon","coordinates":[[[-91.2283,33.5599],[-91.1268,33.7078],[-91.1399,33.7771],[-91.0368,33.9147],[-91.0891,33.9727],[-90.8874,34.0325],[-90.932,34.12],[-90.9331,34.1245],[-91.1179,34.1191],[-91.1943,34.0709],[-91.1327,33.9552],[-91.3476,33.9549],[-91.4217,34.0145],[-91.5487,33.9768],[-91.5576,33.7834],[-91.4503,33.7804],[-91.4534,33.5637],[-91.3508,33.5195],[-91.2283,33.5599]]]},"properties":{"NAME":"Desha","STATE":"05"}},
{"type":"Feature","geometry":{"type":"Polygon","coordinates":[[[-93.9573,33.7509],[-93.9656,33.6697],[-93.8259,33.6099],[-93.7229,33.482],[-93.4831,33.4761],[-93.4567,33.9568],[-93.5288,33.9432],[-93.8231,34.0089],[-93.8315,33.7477],[-93.9573,33.7509]]]},"properties":{"NAME":"Hempstead","STATE":"05"}},
{"type":"Feature","geometry":{"type":"Polygon","coordinates":[[[-91.794,35.5341],[-91.5819,35.5304],[-91.3696,35.5264],[-91.3483,35.7191],[-91.2324,35.8127],[-91.1986,35.89],[-91.3572,35.8906],[-91.4632,35.9368],[-91.7106,35.9418],[-91.8494,35.8674],[-91.8372,35.7049],[-91.794,35.5341]]]},"properties":{"NAME":"Independence","STATE":"05"}},
{"type":"Feature","geometry":{"type":"Polygon","coordinates":[[[-92.03,34.4894],[-92.208,34.4928],[-92.2129,34.2304],[-92.2334,34.0623],[-91.9538,34.0641],[-91.745,34.094],[-91.7273,34.1741],[-91.4456,34.0801],[-91.5402,34.2246],[-91.7118,34.2339],[-91.7052,34.4827],[-92.03,34.4894]]]},"properties":{"NAME":"Jefferson","STATE":"05"}},
{"type":"Feature","geometry":{"type":"Polygon","coordinates":[[[-91.3572,35.8906],[-91.1986,35.89],[-91.0325,35.8851],[-90.8728,35.8809],[-90.8521,35.9681],[-90.8098,36.1496],[-91.0827,36.1509],[-91.2589,36.2579],[-91.3498,36.231],[-91.3572,35.8906]]]},"properties":{"NAME":"Lawrence","STATE":"05"}},
{"type":"Feature","geometry":{"type":"Polygon","coordinates":[[[-90.408,34.8328],[-90.4085,34.9041],[-91.0992,34.9118],[-91.1,34.8671],[-91.1025,34.7349],[-91.0519,34.6457],[-90.5758,34.6417],[-90.5098,34.6899],[-90.5373,34.7842],[-90.408,34.8328]]]},"properties":{"NAME":"Lee","STATE":"05"}},
{"type":"Feature","geometry":{"type":"Polygon","coordinates":[[[-112,34.9751],[-112,34.0302],[-111.7253,33.9998],[-111.4948,33.9998],[-111.4779,34.1511],[-111.7207,34.1617],[-111.6595,34.3864],[-111.5551,34.4722],[-111.5521,34.8025],[-111.7779,34.8033],[-111.7778,34.9813],[-112,34.9751]]]},"properties":{"NAME":"Yavapai","STATE":"04"}},
{"type":"Feature","geometry":{"type":"Polygon","coordinates":[[[-92.1503,36.4986],[-92.5291,36.4977],[-92.543,36.2693],[-92.4693,36.2509],[-92.4119,36.1621],[-92.4115,36.0628],[-92.4143,35.9759],[-92.3072,35.974],[-92.305,36.0611],[-92.1976,36.0593],[-92.1954,36.1328],[-92.157,36.2612],[-92.1503,36.4986]]]},"properties":{"NAME":"Baxter","STATE":"05"}},
{"type":"Feature","geometry":{"type":"Polygon","coordinates":[[[-94.5522,36.1022],[-94.3911,36.0994],[-94.3336,36.2147],[-93.9733,36.2039],[-93.8878,36.235],[-93.8156,36.3066],[-93.8617,36.3393],[-93.8668,36.4988],[-94.0771,36.4987],[-94.6179,36.4994],[-94.5628,36.1619],[-94.5522,36.1022]]]},"properties":{"NAME":"Benton","STATE":"05"}},
{"type":"Feature","geometry":{"type":"Polygon","coordinates":[[[-90.6659,38.9342],[-90.544,38.8751],[-90.4508,38.9678],[-90.5702,38.9933],[-90.6036,39.1176],[-90.6137,39.3958],[-90.94,39.3936],[-90.8422,39.3419],[-90.719,39.225],[-90.6811,39.1006],[-90.7116,39.0468],[-90.6659,38.9342]]]},"properties":{"NAME":"Calhoun","STATE":"17"}},
{"type":"Feature","geometry":{"type":"Polygon","coordinates":[[[-111.0462,42.5131],[-111.2347,42.4784],[-111.3648,42.5905],[-111.6349,42.5701],[-111.5986,42.4158],[-111.5522,42.3515],[-111.6262,42.2086],[-111.5944,42.0935],[-111.5073,41.9995],[-111.0467,42.0016],[-111.0462,42.5131]]]},"properties":{"NAME":"Bear Lake","STATE":"16"}},
{"type":"Feature","geometry":{"type":"Polygon","coordinates":[[[-112,43.3666],[-112,43.0221],[-111.5896,43.0201],[-111.5878,43.2816],[-111.8227,43.2822],[-111.8226,43.3661],[-112,43.3666]]]},"properties":{"NAME":"Bingham","STATE":"16"}},
{"type":"Feature","geometry":{"type":"Polygon","coordinates":[[[-92.5443,34.9533],[-92.5936,35.0118],[-92.5547,35.1133],[-92.7163,35.0717],[-93.0405,35.0769],[-93.1815,34.9764],[-93.2883,34.861],[-93.2878,34.7732],[-93.0752,34.7719],[-93.0739,34.8581],[-92.7398,34.8535],[-92.7536,34.9112],[-92.5443,34.9533]]]},"properties":{"NAME":"Perry","STATE":"05"}},
{"type":"Feature","geometry":{"type":"Polygon","coordinates":[[[-90.5758,34.6417],[-91.0519,34.6457],[-91.0548,34.4709],[-91.0005,34.4694],[-91.0027,34.3364],[-91.0563,34.3366],[-91.0606,34.2168],[-91.1179,34.1191],[-90.9331,34.1245],[-90.7641,34.3634],[-90.5753,34.4152],[-90.5701,34.5248],[-90.5758,34.6417]]]},"properties":{"NAME":"Phillips","STATE":"05"}},
{"type":"Feature","geometry":{"type":"Polygon","coordinates":[[[-92.2458,34.4935],[-92.208,34.4928],[-92.03,34.4894],[-92.0295,34.6214],[-92.1133,34.623],[-92.0787,34.73],[-92.0708,35.0118],[-92.1213,35.0122],[-92.2275,35.0145],[-92.2299,34.9276],[-92.5443,34.9533],[-92.7536,34.9112],[-92.7398,34.8535],[-92.6512,34.8517],[-92.6543,34.7645],[-92.5499,34.7617],[-92.552,34.6894],[-92.3487,34.5823],[-92.2442,34.5809],[-92.2458,34.4935]]]},"properties":{"NAME":"Pulaski","STATE":"05"}},
{"type":"Feature","geometry":{"type":"Polygon","coordinates":[[[-94.6133,38.3887],[-95.0658,38.3899],[-95.0779,38.0377],[-94.614,38.0371],[-94.6141,38.0601],[-94.6133,38.3887]]]},"properties":{"NAME":"Linn","STATE":"20"}},
{"type":"Feature","geometry":{"type":"Polygon","coordinates":[[[-96.4637,40.001],[-96.8058,40.0014],[-96.8065,39.5664],[-96.5818,39.5663],[-96.239,39.5662],[-96.2392,40.0007],[-96.4637,40.001]]]},"properties":{"NAME":"Marshall","STATE":"20"}},
{"type":"Feature","geometry":{"type":"Polygon","coordinates":[[[-91.3132,39.6849],[-91.178,39.5982],[-91.0424,39.4521],[-90.94,39.3936],[-90.6137,39.3958],[-90.5811,39.5217],[-90.646,39.7034],[-90.5991,39.7901],[-90.5718,39.8393],[-90.9166,39.8451],[-90.9161,39.7572],[-91.368,39.7591],[-91.3132,39.6849]]]},"properties":{"NAME":"Pike","STATE":"17"}},
{"type":"Feature","geometry":{"type":"Polygon","coordinates":[[[-90,37.9653],[-90,38.2225],[-90.036,38.1356],[-90.2038,38.0888],[-90,37.9653]]]},"properties":{"NAME":"Randolph","STATE":"17"}},
{"type":"Feature","geometry":{"type":"Polygon","coordinates":[[[-90.2427,41.7838],[-90.317,41.7291],[-90.3416,41.6215],[-90.4614,41.5235],[-90.6558,41.4621],[-90.7863,41.4529],[-91.0478,41.4109],[-91.0787,41.3361],[-90.4338,41.327],[-90.4321,41.4562],[-90.1856,41.5847],[-90.2427,41.7838]]]},"properties":{"NAME":"Rock Island","STATE":"17"}},
{"type":"Feature","geometry":{"type":"Polygon","coordinates":[[[-90.5811,39.5217],[-90.3018,39.5202],[-90.3007,39.6365],[-90.373,39.6658],[-90.3713,39.7534],[-90.5991,39.7901],[-90.646,39.7034],[-90.5811,39.5217]]]},"properties":{"NAME":"Scott","STATE":"17"}},
{"type":"Feature","geometry":{"type":"Polygon","coordinates":[[[-94.0429,32.8811],[-94.654,32.8795],[-94.7059,32.8792],[-94.7021,32.7931],[-94.5073,32.6937],[-94.3908,32.6944],[-94.2428,32.7507],[-94.0431,32.693],[-94.0429,32.8811]]]},"properties":{"NAME":"Marion","STATE":"48"}},
{"type":"Feature","geometry":{"type":"Polygon","coordinates":[[[-97.4841,33.9157],[-97.5611,33.898],[-97.6562,33.9895],[-97.8343,33.8577],[-97.9778,33.8899],[-97.9789,33.4671],[-97.9182,33.4339],[-97.4871,33.4337],[-97.4841,33.9157]]]},"properties":{"NAME":"Montague","STATE":"48"}},
{"type":"Feature","geometry":{"type":"Polygon","coordinates":[[[-103.0424,35.1832],[-103.0425,34.9541],[-103.0428,34.7474],[-102.5252,34.7469],[-102.1688,34.7474],[-102.1675,35.1832],[-103.0424,35.1832]]]},"properties":{"NAME":"Deaf Smith","STATE":"48"}},
{"type":"Feature","geometry":{"type":"Polygon","coordinates":[[[-102.7991,32.0858],[-102.7989,31.6518],[-102.7672,31.6517],[-102.318,31.6513],[-102.2873,31.6513],[-102.287,32.087],[-102.7991,32.0858]]]},"properties":{"NAME":"Ector","STATE":"48"}},
{"type":"Feature","geometry":{"type":"Polygon","coordinates":[[[-106.5285,31.7839],[-106.381,31.7321],[-106.2292,31.5],[-105.9977,31.5],[-105.998,32.0023],[-106.3772,32.0015],[-106.5991,32.0007],[-106.6278,31.8606],[-106.5285,31.7839]]]},"properties":{"NAME":"El Paso","STATE":"48"}},
{"type":"Feature","geometry":{"type":"Polygon","coordinates":[[[-99.4753,34.0856],[-99.5475,34.056],[-99.653,34.099],[-99.772,34.0933],[-99.9976,34.2244],[-100.047,34.2298],[-100.0485,33.836],[-99.9964,33.836],[-99.8351,33.8358],[-99.5999,33.7876],[-99.4745,33.7338],[-99.4756,33.834],[-99.4753,34.0856]]]},"properties":{"NAME":"Foard","STATE":"48"}},
{"type":"Feature","geometry":{"type":"Polygon","coordinates":[[[-96.4967,31.7962],[-96.2955,31.5],[-96.0468,31.5],[-95.7873,31.6184],[-95.8759,31.7555],[-95.9806,31.7846],[-96.0528,32.0059],[-96.0548,32.0125],[-96.4967,31.7962]]]},"properties":{"NAME":"Freestone","STATE":"48"}},
{"type":"Feature","geometry":{"type":"Polygon","coordinates":[[[-102.2085,32.959],[-102.595,32.9588],[-103.0647,32.9591],[-103.0647,32.5222],[-102.211,32.5232],[-102.2027,32.5233],[-102.2085,32.959]]]},"properties":{"NAME":"Gaines","STATE":"48"}},
{"type":"Feature","geometry":{"type":"Polygon","coordinates":[[[-111.049,44.4741],[-111.0481,43.9831],[-111.0452,43.5011],[-111.0446,43.3157],[-110.814,43.3159],[-110.814,43.2352],[-110.5787,43.2352],[-110.5784,43.2916],[-110.344,43.2912],[-110.3442,43.3779],[-110.0573,43.3778],[-110.0516,43.4648],[-110.0532,44.008],[-110.0534,44.1326],[-110.1511,44.2925],[-110.2966,44.4313],[-110.2948,44.5469],[-110.3753,44.583],[-110.6679,44.5828],[-110.6679,44.6663],[-111.0555,44.6663],[-111.049,44.4741]]]},"properties":{"NAME":"Teton","STATE":"56"}},
{"type":"Feature","geometry":{"type":"Polygon","coordinates":[[[-100.539,35.1831],[-101.0863,35.1821],[-101.0907,34.7482],[-100.9449,34.7483],[-100.5407,34.7477],[-100.539,35.1831]]]},"properties":{"NAME":"Donley","STATE":"48"}},
{"type":"Feature","geometry":{"type":"Polygon","coordinates":[[[-97.9456,32.2335],[-97.7828,32.3165],[-97.6153,32.3186],[-97.6171,32.5555],[-98.0668,32.5588],[-98.0685,32.5116],[-97.9456,32.2335]]]},"properties":{"NAME":"Hood","STATE":"48"}},
{"type":"Feature","geometry":{"type":"Polygon","coordinates":[[[-95.2732,31.5929],[-95.6518,31.5418],[-95.7393,31.5041],[-95.7375,31.5],[-95.121,31.5],[-95.1764,31.5848],[-95.2732,31.5929]]]},"properties":{"NAME":"Houston","STATE":"48"}},
{"type":"Feature","geometry":{"type":"Polygon","coordinates":[[[-105.9977,31.5],[-104.9139,31.5],[-104.9183,32.0005],[-105.998,32.0023],[-105.9977,31.5]]]},"properties":{"NAME":"Hudspeth","STATE":"48"}},
{"type":"Feature","geometry":{"type":"Polygon","coordinates":[[[-96.53,32.5453],[-96.4521,32.3586],[-96.0759,32.3575],[-96.0768,32.8385],[-96.2973,32.8417],[-96.519,32.8136],[-96.53,32.5453]]]},"properties":{"NAME":"Kaufman","STATE":"48"}},
{"type":"Feature","geometry":{"type":"Polygon","coordinates":[[[-93.3296,44.7911],[-93.5204,44.8043],[-93.6181,44.7071],[-93.768,44.6403],[-93.8577,44.6211],[-93.9104,44.5432],[-93.5243,44.5436],[-93.2815,44.544],[-93.3187,44.6306],[-93.3296,44.7911]]]},"properties":{"NAME":"Scott","STATE":"27"}},
{"type":"Feature","geometry":{"type":"Polygon","coordinates":[[[-100.2511,41.3933],[-100.2512,41.7398],[-100.2655,41.7399],[-100.7117,41.7398],[-100.7132,41.3935],[-100.2511,41.3933]]]},"properties":{"NAME":"Logan","STATE":"31"}},
{"type":"Feature","geometry":{"type":"Polygon","coordinates":[[[-98.3315,43.9377],[-98.332,44.1966],[-98.7005,44.1967],[-98.926,44.1966],[-98.927,43.9351],[-98.8078,43.9352],[-98.3315,43.9377]]]},"properties":{"NAME":"Jerauld","STATE":"46"}},
{"type":"Feature","geometry":{"type":"Polygon","coordinates":[[[-94.5114,31.974],[-94.0156,31.9799],[-94.0427,31.9993],[-94.0426,32.196],[-94.0429,32.3923],[-94.3476,32.3307],[-94.4918,32.3941],[-94.5805,32.2014],[-94.6,31.9732],[-94.5114,31.974]]]},"properties":{"NAME":"Panola","STATE":"48"}},
{"type":"Feature","geometry":{"type":"Polygon","coordinates":[[[-99.4724,33.399],[-99.991,33.3974],[-99.9888,32.9601],[-99.612,32.957],[-99.4713,32.957],[-99.4724,33.399]]]},"properties":{"NAME":"Haskell","STATE":"48"}},
{"type":"Feature","geometry":{"type":"Polygon","coordinates":[[[-92.1204,36.4989],[-92.1503,36.4986],[-92.157,36.2612],[-91.6914,36.2533],[-91.5661,36.2499],[-91.5659,36.3374],[-91.4544,36.3355],[-91.45,36.4975],[-91.6723,36.4995],[-92.1204,36.4989]]]},"properties":{"NAME":"Fulton","STATE":"05"}},
{"type":"Feature","geometry":{"type":"Polygon","coordinates":[[[-94.4479,34.9339],[-94.4546,34.729],[-94.3177,34.6974],[-94.0182,34.6925],[-93.9305,34.6656],[-93.8702,34.7127],[-93.7103,34.7453],[-93.7049,35.0197],[-94.0743,35.0266],[-94.1406,35.0997],[-94.2229,35.0791],[-94.2305,34.9685],[-94.4479,34.9339]]]},"properties":{"NAME":"Scott","STATE":"05"}},
{"type":"Feature","geometry":{"type":"Polygon","coordinates":[[[-92.8714,41.5085],[-92.8698,41.1611],[-92.6404,41.1613],[-92.4102,41.1619],[-92.412,41.5095],[-92.7565,41.5088],[-92.8714,41.5085]]]},"properties":{"NAME":"Mahaska","STATE":"19"}},
{"type":"Feature","geometry":{"type":"Polygon","coordinates":[[[-101.6229,35.1831],[-101.6228,35.6202],[-102.1628,35.62],[-102.1675,35.1832],[-101.6229,35.1831]]]},"properties":{"NAME":"Potter","STATE":"48"}},
{"type":"Feature","geometry":{"type":"Polygon","coordinates":[[[-99.6422,40.3512],[-100.0948,40.3512],[-100.1978,40.35],[-100.1936,40.0016],[-100.1778,40.0016],[-99.6283,40.0019],[-99.6305,40.3511],[-99.6422,40.3512]]]},"properties":{"NAME":"Furnas","STATE":"31"}},
{"type":"Feature","geometry":{"type":"Polygon","coordinates":[[[-90,33.8188],[-90,34.1629],[-90.1355,34.1601],[-90.1357,34.0729],[-90.451,34.0729],[-90.451,33.9857],[-90.4516,33.8114],[-90.1826,33.8093],[-90.1368,33.7216],[-90.1365,33.8093],[-90,33.8188]]]},"properties":{"NAME":"Tallahatchie","STATE":"28"}},
{"type":"Feature","geometry":{"type":"Polygon","coordinates":[[[-94.0657,38.4471],[-94.3122,38.4715],[-94.6129,38.4776],[-94.6133,38.3887],[-94.6141,38.0601],[-94.0583,38.0366],[-94.0499,38.214],[-94.0657,38.4471]]]},"properties":{"NAME":"Bates","STATE":"29"}},
{"type":"Feature","geometry":{"type":"Polygon","coordinates":[[[-90,44.044],[-90,44.1105],[-90.0288,44.0902],[-90,44.044]]]},"properties":{"NAME":"Adams","STATE":"55"}},
{"type":"Feature","geometry":{"type":"Polygon","coordinates":[[[-91.265,33.0051],[-91.4358,33.0061],[-91.5115,32.879],[-91.5664,32.8556],[-91.6376,32.6673],[-91.596,32.5822],[-91.4453,32.582],[-91.3448,32.7567],[-91.3094,32.9352],[-91.265,33.0051]]]},"properties":{"NAME":"West Carroll","STATE":"22"}},
{"type":"Feature","geometry":{"type":"Polygon","coordinates":[[[-96.239,39.5662],[-96.5818,39.5663],[-96.7269,39.404],[-96.6386,39.2928],[-96.5183,39.2039],[-96.3889,39.1727],[-96.2337,39.2123],[-96.0836,39.1935],[-96.0391,39.1265],[-96.0356,39.2165],[-96.036,39.5661],[-96.239,39.5662]]]},"properties":{"NAME":"Pottawatomie","STATE":"20"}},
{"type":"Feature","geometry":{"type":"Polygon","coordinates":[[[-90,34.7244],[-90,34.9947],[-90.3093,34.9957],[-90.254,34.955],[-90.2939,34.8606],[-90.2021,34.8604],[-90.2002,34.7244],[-90.1289,34.7605],[-90,34.7244]]]},"properties":{"NAME":"DeSoto","STATE":"28"}},
{"type":"Feature","geometry":{"type":"Polygon","coordinates":[[[-100.7202,39.568],[-100.7409,39.568],[-101.3891,39.5684],[-101.3917,39.1351],[-100.8119,39.1334],[-100.7213,39.1334],[-100.7202,39.568]]]},"properties":{"NAME":"Thomas","STATE":"20"}},
{"type":"Feature","geometry":{"type":"Polygon","coordinates":[[[-101.5671,38.6997],[-101.4844,38.7002],[-101.4782,39.1348],[-102.0472,39.1331],[-102.0466,39.047],[-102.0452,38.6976],[-101.5671,38.6997]]]},"properties":{"NAME":"Wallace","STATE":"20"}},
{"type":"Feature","geometry":{"type":"Polygon","coordinates":[[[-97.3692,40.0021],[-97.3687,39.654],[-97.3686,39.567],[-96.9589,39.5664],[-96.8065,39.5664],[-96.8058,40.0014],[-96.9164,40.0015],[-97.3692,40.0021]]]},"properties":{"NAME":"Washington","STATE":"20"}},
{"type":"Feature","geometry":{"type":"Polygon","coordinates":[[[-94.6176,37.6536],[-94.6177,37.6731],[-95.088,37.6745],[-95.0882,37.3838],[-95.0752,37.3399],[-94.6176,37.3384],[-94.6175,37.3642],[-94.6176,37.6536]]]},"properties":{"NAME":"Crawford","STATE":"20"}},
{"type":"Feature","geometry":{"type":"Polygon","coordinates":[[[-95.3399,40],[-95.3397,39.653],[-95.1152,39.6525],[-95.0696,39.6151],[-94.8953,39.7632],[-94.9083,39.8122],[-94.9933,39.9007],[-95.085,39.8619],[-95.1812,39.9],[-95.3083,40],[-95.3399,40]]]},"properties":{"NAME":"Doniphan","STATE":"20"}},
{"type":"Feature","geometry":{"type":"Polygon","coordinates":[[[-96.5012,39.0437],[-96.5012,39.0728],[-96.8511,39.0884],[-96.8499,39.219],[-96.9614,39.2201],[-96.9632,39.1323],[-96.9635,38.9649],[-96.8902,38.8701],[-96.5016,38.8697],[-96.5012,39.0437]]]},"properties":{"NAME":"Geary","STATE":"20"}},
{"type":"Feature","geometry":{"type":"Polygon","coordinates":[[[-101.5258,37.3884],[-101.0897,37.3877],[-101.0897,37.7363],[-101.5271,37.7363],[-101.5258,37.3884]]]},"properties":{"NAME":"Grant","STATE":"20"}},
{"type":"Feature","geometry":{"type":"Polygon","coordinates":[[[-101.5671,38.6997],[-102.0452,38.6976],[-102.0453,38.6152],[-102.0446,38.2687],[-102.0445,38.2624],[-101.5675,38.2631],[-101.5671,38.6997]]]},"properties":{"NAME":"Greeley","STATE":"20"}},
{"type":"Feature","geometry":{"type":"Polygon","coordinates":[[[-100.2271,38.2622],[-100.2266,38.001],[-100.2271,37.914],[-99.5699,37.913],[-99.5695,38.0874],[-99.5842,38.2622],[-100.2271,38.2622]]]},"properties":{"NAME":"Hodgeman","STATE":"20"}},
{"type":"Feature","geometry":{"type":"Polygon","coordinates":[[[-98.5045,40.0023],[-98.5053,39.5676],[-98.4874,39.5675],[-97.9318,39.5669],[-97.9315,39.6538],[-97.9318,40.002],[-98.274,40.0025],[-98.5045,40.0023]]]},"properties":{"NAME":"Jewell","STATE":"20"}},
{"type":"Feature","geometry":{"type":"Polygon","coordinates":[[[-92.8808,32.5853],[-92.8285,32.7588],[-92.7254,32.7595],[-92.7247,33.0143],[-92.9887,33.0173],[-93.2386,33.018],[-93.2374,32.7163],[-93.1788,32.5849],[-92.8808,32.5853]]]},"properties":{"NAME":"Claiborne","STATE":"22"}},
{"type":"Feature","geometry":{"type":"Polygon","coordinates":[[[-91.3799,31.733],[-91.5448,31.7517],[-91.6945,31.7353],[-91.7059,31.6429],[-91.8244,31.5997],[-91.7734,31.5],[-91.5207,31.5],[-91.4227,31.5544],[-91.3799,31.733]]]},"properties":{"NAME":"Concordia","STATE":"22"}},
{"type":"Feature","geometry":{"type":"Polygon","coordinates":[[[-110.0241,39.4617],[-109.107,39.462],[-109.0514,39.4977],[-109.0512,39.6605],[-109.0509,40.2227],[-109.0483,40.6626],[-109.1611,40.6838],[-109.2033,40.8586],[-109.3945,40.8581],[-109.8702,40.7638],[-109.9775,40.8098],[-109.9676,39.806],[-110.038,39.5667],[-110.0241,39.469],[-110.0241,39.4617]]]},"properties":{"NAME":"Uintah","STATE":"49"}},
{"type":"Feature","geometry":{"type":"Polygon","coordinates":[[[-91.0279,32.1127],[-91.1746,32.155],[-91.1226,32.2169],[-91.4927,32.2033],[-91.4898,32.0924],[-91.5757,31.8826],[-91.5448,31.7517],[-91.3799,31.733],[-91.3651,31.7527],[-91.3384,31.8513],[-91.2481,31.8698],[-91.0279,32.1127]]]},"properties":{"NAME":"Tensas","STATE":"22"}},
{"type":"Feature","geometry":{"type":"Polygon","coordinates":[[[-105.2839,42.4314],[-105.3755,42.2901],[-105.6139,42.3045],[-105.556,42.4306],[-106.0734,42.4332],[-106.0684,41.395],[-106.3229,41.3951],[-106.3212,40.9991],[-106.1905,40.9981],[-105.2769,40.9982],[-105.2782,41.6567],[-105.2737,42.0888],[-105.2839,42.4314]]]},"properties":{"NAME":"Albany","STATE":"56"}},
{"type":"Feature","geometry":{"type":"Polygon","coordinates":[[[-107.3178,41.003],[-106.8578,41.0031],[-106.3212,40.9991],[-106.3229,41.3951],[-106.0684,41.395],[-106.0734,42.4332],[-106.0759,42.4332],[-106.6548,42.4311],[-107.5229,42.4344],[-107.5227,42.2618],[-107.5038,42.088],[-107.5097,41.6575],[-107.9297,41.6596],[-107.9184,41.002],[-107.3178,41.003]]]},"properties":{"NAME":"Carbon","STATE":"56"}},
{"type":"Feature","geometry":{"type":"Polygon","coordinates":[[[-104.0559,44.571],[-104.0577,44.9974],[-105.0384,45.0003],[-105.0766,45.0003],[-105.0793,44.1762],[-104.0545,44.1804],[-104.0559,44.571]]]},"properties":{"NAME":"Crook","STATE":"56"}},
{"type":"Feature","geometry":{"type":"Polygon","coordinates":[[[-109.0439,42.2637],[-108.3757,42.2637],[-107.5227,42.2618],[-107.5229,42.4344],[-107.5435,42.7816],[-107.5014,42.7815],[-107.5023,43.1281],[-107.517,43.4727],[-107.5349,43.5014],[-107.5951,43.5014],[-107.5951,43.4723],[-108.3379,43.4598],[-108.6951,43.5323],[-108.6947,43.5758],[-108.9341,43.6192],[-109.1716,43.6198],[-109.1714,43.6992],[-109.3129,43.8133],[-109.5423,43.9614],[-109.6418,43.9228],[-109.6659,43.8457],[-109.7899,43.8033],[-109.8588,43.958],[-109.9901,43.9491],[-110.0532,44.008],[-110.0516,43.4648],[-109.7547,43.4632],[-109.6949,43.3662],[-109.6515,43.167],[-109.5605,43.0835],[-109.5526,43.0125],[-109.3707,42.9457],[-109.3154,42.8561],[-109.0729,42.6935],[-109.0695,42.4335],[-109.0439,42.2637]]]},"properties":{"NAME":"Fremont","STATE":"56"}},
{"type":"Feature","geometry":{"type":"Polygon","coordinates":[[[-104.6533,41.653],[-105.2782,41.6567],[-105.2769,40.9982],[-104.9434,40.9982],[-104.0532,41.0014],[-104.0523,41.3932],[-104.0525,41.5643],[-104.653,41.565],[-104.6533,41.653]]]},"properties":{"NAME":"Laramie","STATE":"56"}}
]}