{"type":"FeatureCollection", "features": [
{"type":"Feature","geometry":{"type":"MultiPolygon","coordinates":[[[[-96.0476,31.5002],[-96.0845,31.6073],[-96.3015,31.6205],[-96.3127,31.5289],[-96.2453,31.5],[-96.0475,31.5],[-96.0476,31.5002]]],[[[-95.2926,31.5],[-94.5042,31.5],[-94.6643,31.5384],[-94.9437,31.6366],[-95.2383,31.7101],[-95.2926,31.5]]],[[[-106.5291,31.7844],[-106.339,31.8111],[-105.847,32.119],[-105.8639,32.1998],[-106.07,32.2092],[-106.1631,32.2911],[-106.2905,32.3205],[-106.558,32.5568],[-106.6467,32.5719],[-106.7151,32.4861],[-106.9584,32.465],[-107.0918,32.4405],[-107.296,32.3732],[-107.2959,32.0975],[-107.5351,31.784],[-107.3555,31.7842],[-107.331,31.8928],[-107.2602,31.9932],[-107.0664,32.1272],[-106.9812,32.2503],[-106.89,32.333],[-106.6296,31.997],[-106.6775,31.7843],[-106.5291,31.7844]]],[[[-93.8345,33.4253],[-93.8798,33.5923],[-94.0068,33.634],[-94.1083,33.5959],[-94.1364,33.5149],[-94.0855,33.4525],[-93.9915,33.4205],[-93.8345,33.4253]]],[[[-109.0754,31.5],[-108.9273,31.5],[-108.9801,31.9925],[-108.9929,32.0575],[-108.9204,32.1635],[-108.9282,32.2729],[-109.0861,32.5395],[-109.3268,32.7272],[-109.6226,32.8337],[-110.3686,32.8868],[-110.8869,32.8892],[-111.1851,32.907],[-111.4566,32.8904],[-111.5501,32.7829],[-111.5895,32.689],[-111.687,32.3004],[-111.7791,32.0566],[-111.877,31.8479],[-111.9422,31.7717],[-111.9555,31.6118],[-111.6031,31.5],[-111.1529,31.5],[-111.216,31.7025],[-111.303,31.8336],[-111.3017,31.9643],[-111.2491,32.0619],[-111.0659,32.246],[-110.9402,32.326],[-110.7789,32.3916],[-110.5912,32.5488],[-110.2646,32.7057],[-109.9288,32.7612],[-109.7585,32.7229],[-109.345,32.5873],[-109.1883,32.4766],[-109.1335,32.3702],[-109.0708,31.8654],[-109.0918,31.7728],[-109.0754,31.5]]],[[[-90.4863,34.8688],[-90.4584,34.914],[-90.5743,34.9871],[-90.6687,34.994],[-90.9261,35.0661],[-91.0819,35.0924],[-91.1484,35.073],[-91.1453,34.9731],[-91.1026,34.878],[-90.9967,34.8535],[-90.851,34.858],[-90.6082,34.8282],[-90.4863,34.8688]]],[[[-92.3417,35.3425],[-92.2654,35.3686],[-92.1677,35.4506],[-92.131,35.5787],[-92.1616,35.82],[-92.1099,35.9648],[-92.1152,36.0232],[-92.2179,36.1551],[-92.2192,36.243],[-92.345,36.3431],[-92.5606,36.3428],[-92.8677,36.1478],[-93.0051,36.1076],[-93.1927,35.9448],[-93.4702,35.9006],[-93.4926,35.8019],[-93.2229,35.6073],[-93.0178,35.4812],[-92.8246,35.4069],[-92.5671,35.3582],[-92.3417,35.3425]]],[[[-111.2703,35.6785],[-111.53,35.824],[-111.679,35.8324],[-111.8358,35.7437],[-112,35.6215],[-112,34.0766],[-111.851,33.9621],[-111.578,33.7013],[-111.2353,33.545],[-110.9088,33.3698],[-110.7671,33.3168],[-110.6353,33.2911],[-110.5749,33.3816],[-110.5731,33.653],[-110.4773,33.8573],[-110.3516,34.0079],[-110.2104,34.0757],[-110.086,34.2124],[-110.0576,34.363],[-110.0536,34.5219],[-110.1392,34.8917],[-110.2545,35.0147],[-110.3085,35.101],[-110.4576,35.2403],[-110.693,35.3602],[-110.9962,35.5268],[-111.1591,35.6034],[-111.2703,35.6785]]],[[[-101.5782,36.9136],[-101.4641,36.9986],[-101.4175,37.0742],[-101.4546,37.1261],[-101.5469,37.1534],[-101.7257,37.0823],[-101.8535,36.9494],[-101.7188,36.8475],[-101.5782,36.9136]]],[[[-97.2419,41.9472],[-97.2758,42.0808],[-97.4997,42.1946],[-97.7839,42.2264],[-97.9573,42.1847],[-97.974,42.0838],[-97.7987,41.9644],[-97.3236,41.8932],[-97.2419,41.9472]]],[[[-97.8268,42.8685],[-97.7921,42.8988],[-97.6574,43.1315],[-97.7723,43.258],[-97.9682,43.3182],[-98.1948,43.2856],[-98.3308,43.2306],[-98.6553,43.1953],[-98.877,43.1187],[-99.3224,42.9924],[-99.4629,42.8552],[-99.5132,42.7791],[-99.4408,42.7529],[-99.4274,42.6589],[-99.2437,42.7245],[-98.9371,42.7809],[-98.7724,42.7284],[-98.7484,42.6272],[-98.7967,42.5535],[-98.9497,42.4754],[-99.2332,42.4174],[-99.4371,42.2808],[-99.5523,42.2414],[-99.5454,42.1824],[-99.446,42.1747],[-99.2332,42.2021],[-99.0089,42.2686],[-98.7214,42.302],[-98.4891,42.3792],[-98.305,42.4939],[-98.3048,42.5677],[-98.1496,42.6387],[-97.9239,42.7835],[-97.8268,42.8685]]],[[[-90,43.9403],[-90,44.5733],[-90.1042,44.486],[-90.1957,44.3551],[-90.4033,44.2197],[-90.594,44.2081],[-90.7778,44.2164],[-90.9465,44.2935],[-91.1548,44.4655],[-91.2795,44.5327],[-91.4107,44.5705],[-91.5536,44.571],[-91.721,44.5128],[-92.061,44.3668],[-92.1829,44.3628],[-92.523,44.2962],[-92.7834,44.3326],[-93.0294,44.4064],[-93.2049,44.507],[-93.4675,44.6799],[-93.931,44.9501],[-94.2794,45.1826],[-94.5332,45.3258],[-94.9406,45.4645],[-95.0712,45.5],[-95.7468,45.5],[-95.8088,45.2681],[-95.5152,44.9548],[-95.3441,44.651],[-95.1248,44.2902],[-95.1401,44.221],[-95.2035,44.1679],[-95.3367,44.129],[-95.4162,44.0391],[-95.4829,43.8534],[-95.5511,43.7918],[-95.8582,43.7571],[-96.0144,43.7244],[-96.3198,43.6063],[-96.4153,43.5494],[-96.9232,43.3902],[-96.9293,43.1739],[-96.8772,43.0267],[-96.8645,42.8876],[-96.7343,42.7781],[-96.4745,42.6101],[-96.33,42.5826],[-96.0995,42.5615],[-95.9421,42.4758],[-95.8639,42.3699],[-95.8827,42.3144],[-95.9797,42.2644],[-95.9055,42.2108],[-95.7325,42.1882],[-95.7276,42.0682],[-95.86,41.8817],[-96.0829,41.8272],[-96.3976,41.8434],[-96.5617,41.8624],[-96.9316,41.8363],[-97.0847,41.8343],[-97.4398,41.7985],[-97.7753,41.8151],[-97.9057,41.8575],[-98.2483,42.0878],[-98.4692,42.1524],[-98.7238,42.1552],[-99.0342,42.0769],[-99.2027,41.9299],[-99.2232,41.8474],[-99.2287,41.5886],[-99.3319,41.478],[-99.4512,41.4268],[-99.7179,41.4293],[-99.7947,41.4474],[-100.1533,41.643],[-100.2454,41.6006],[-100.1218,41.483],[-99.86,41.0866],[-99.8512,40.8788],[-99.7446,40.739],[-99.6356,40.712],[-99.5205,40.7658],[-99.5223,40.8134],[-99.6009,40.9614],[-99.5498,41.0579],[-99.4026,41.0557],[-99.2896,40.9825],[-99.1071,40.9445],[-99.006,40.8856],[-99.0401,40.8362],[-99.5076,40.6639],[-99.5661,40.6109],[-99.5243,40.5544],[-99.3765,40.5577],[-99.3027,40.5252],[-99.172,40.3724],[-98.8843,40.2433],[-98.7865,40.233],[-98.8127,40.1319],[-99.0178,40.1085],[-99.1517,40.0653],[-99.3246,39.9073],[-99.4911,39.8295],[-99.7714,39.77],[-99.993,39.631],[-100.0874,39.5418],[-99.9965,39.4467],[-99.8798,39.3691],[-99.8513,39.2696],[-99.8611,39.163],[-100.1339,39.1358],[-100.2817,39.1382],[-100.384,39.1911],[-100.519,39.4203],[-100.699,39.5614],[-100.7809,39.7415],[-100.8301,39.8933],[-101.0421,40.2463],[-101.1731,40.3148],[-101.2913,40.4062],[-101.4638,40.372],[-101.5958,40.276],[-101.5588,40.0775],[-101.5818,39.9987],[-101.7199,39.9579],[-102.0311,39.9797],[-102.2186,40.0362],[-102.2789,40.1524],[-102.1097,40.3546],[-102.0927,40.4591],[-102.1774,40.5339],[-102.1912,40.6576],[-102.3694,40.8623],[-102.4325,40.9754],[-102.6426,40.95],[-102.7928,40.965],[-103.0418,40.9457],[-103.1461,40.9218],[-103.4508,40.9452],[-103.7063,40.9523],[-103.9732,40.9734],[-104.2176,40.962],[-104.3033,40.855],[-104.2942,40.806],[-104.0623,40.6774],[-103.9142,40.659],[-103.6921,40.5501],[-103.5548,40.4392],[-103.5542,40.3476],[-103.6651,40.1838],[-103.7507,40.1133],[-104.0717,40.0235],[-104.3342,39.6901],[-104.5111,39.3253],[-104.4647,39.2135],[-104.3138,39.1322],[-104.0164,39.0417],[-103.6279,39.0421],[-103.4943,39.0322],[-103.3276,38.9605],[-103.1989,38.9384],[-103.0404,38.8378],[-102.9838,38.7187],[-102.8749,38.6529],[-102.7087,38.6643],[-102.5614,38.6513],[-102.4898,38.613],[-102.2936,38.464],[-102.2096,38.4979],[-102.1604,38.573],[-102.1041,38.7506],[-102.1273,38.9634],[-102.3575,39.1771],[-102.3795,39.371],[-102.3223,39.4761],[-102.1199,39.5736],[-102.0777,39.5105],[-102.057,39.3841],[-101.6253,39.2671],[-101.5576,39.1933],[-101.5653,39.0924],[-101.6192,38.9895],[-101.8401,38.8551],[-101.8263,38.7789],[-101.7575,38.6875],[-101.6447,38.6218],[-101.4642,38.5708],[-101.2942,38.5546],[-101.1569,38.5663],[-101.0989,38.4437],[-100.9098,38.2786],[-100.7408,38.1854],[-100.5843,38.1946],[-100.3878,38.1767],[-100.1611,38.2092],[-99.9292,38.2622],[-99.6722,38.3489],[-99.4304,38.636],[-99.3022,38.7124],[-98.9938,38.9378],[-98.741,39.0319],[-98.5363,39.0277],[-98.4084,38.9847],[-98.3603,38.8775],[-98.1185,38.7934],[-97.76,38.6485],[-97.604,38.5714],[-97.5279,38.4944],[-97.3791,38.4234],[-97.1646,38.3733],[-97.0669,38.3209],[-96.6238,37.9009],[-96.4235,37.8714],[-96.2162,37.8791],[-96.0626,37.857],[-95.8933,37.8629],[-95.8744,38.0047],[-95.8383,38.0172],[-95.5796,38.0041],[-95.4717,37.9728],[-95.2488,38.0054],[-94.9418,37.9231],[-94.7329,37.9001],[-94.5365,38.0417],[-94.2348,38.1269],[-94.0091,38.2777],[-93.7792,38.3549],[-93.4705,38.3784],[-93.0931,38.2248],[-92.7904,38.2058],[-92.6588,38.1848],[-92.5036,38.1179],[-92.0709,38.0548],[-91.9194,38.0242],[-91.7536,37.9394],[-91.6504,37.8403],[-91.6077,37.7323],[-91.5854,37.5424],[-91.5302,37.4372],[-91.4474,37.3382],[-91.2572,37.254],[-90.8709,37.137],[-90.7126,36.9727],[-90.587,36.7987],[-90.5492,36.7711],[-90.328,36.7603],[-90.2436,36.7068],[-90.1952,36.6385],[-90.1571,36.5196],[-90,36.3464],[-90,37.0097],[-90.084,37.0737],[-90,37.1279],[-90,39.6891],[-90.6252,39.7788],[-90.8468,39.7608],[-91.089,39.7039],[-91.247,39.6973],[-91.7181,39.6303],[-92.0818,39.6794],[-92.3058,39.637],[-92.342,39.6051],[-92.5082,39.3065],[-92.4685,39.2],[-92.3304,39.0362],[-92.2712,38.8418],[-92.1966,38.7547],[-91.9268,38.7178],[-91.1033,38.7184],[-90.621,38.7238],[-90.5192,38.7424],[-90.3821,38.8107],[-90.3374,38.7083],[-90.3211,38.4609],[-90.3985,38.3177],[-90.5083,38.2537],[-90.7078,38.2616],[-90.8162,38.2942],[-90.9762,38.4355],[-91.1153,38.4735],[-91.4298,38.4635],[-91.7419,38.4204],[-92.0581,38.3979],[-92.4297,38.385],[-92.6601,38.3471],[-92.9418,38.3814],[-93.3431,38.4612],[-93.5939,38.6074],[-93.7416,38.6472],[-93.8699,38.7138],[-93.9478,38.8739],[-94.0173,38.9447],[-94.1799,38.9904],[-94.4055,38.9734],[-94.5616,38.8581],[-94.6814,38.7106],[-94.7985,38.5325],[-94.9709,38.418],[-95.0299,38.356],[-95.1684,38.3038],[-95.2822,38.3343],[-95.5008,38.4268],[-95.6725,38.4679],[-95.8402,38.4379],[-96.3254,38.208],[-96.5275,38.1502],[-96.6554,38.1493],[-96.8301,38.2301],[-97.0844,38.4792],[-97.1945,38.6314],[-97.2319,38.7125],[-97.2286,38.8674],[-97.1626,39.0812],[-97.0542,39.3217],[-97.0892,39.5481],[-97.2341,39.7159],[-97.3683,39.7595],[-97.5698,39.856],[-98.0549,39.823],[-98.3695,39.7116],[-98.3061,39.9225],[-98.2582,39.9944],[-98.1962,40.3649],[-98.394,40.3186],[-98.4115,40.2657],[-98.5812,40.2027],[-98.7007,40.2343],[-98.692,40.2762],[-98.8879,40.2544],[-98.9141,40.2811],[-98.8362,40.4315],[-98.8384,40.6506],[-98.9144,40.8748],[-99.0737,41.081],[-99.0127,41.1774],[-98.8506,41.2754],[-98.5454,41.3547],[-98.3634,41.4892],[-98.1758,41.5965],[-97.9349,41.683],[-97.8406,41.6815],[-97.7756,41.6088],[-97.7339,41.4959],[-97.6171,41.4786],[-97.5618,41.5202],[-97.3136,41.5486],[-97.2079,41.7083],[-97.1299,41.75],[-96.9867,41.7699],[-96.6771,41.7774],[-96.5386,41.7676],[-96.3875,41.724],[-96.1786,41.722],[-96.0712,41.7006],[-95.934,41.7198],[-95.7713,41.7955],[-95.7323,41.8622],[-95.6017,42.2681],[-95.2636,42.4818],[-95.2443,42.5684],[-95.287,42.6595],[-95.4447,42.667],[-95.8133,42.5827],[-95.9928,42.6151],[-96.083,42.8001],[-96.0419,43.0521],[-96.0899,43.1197],[-96.1873,43.1582],[-96.2498,43.25],[-96.1802,43.3646],[-95.9412,43.4375],[-95.6853,43.4714],[-95.2263,43.4365],[-94.9072,43.3413],[-94.5239,43.0261],[-94.2849,42.7757],[-94.0631,42.6291],[-93.8165,42.6507],[-93.6838,42.7567],[-93.5233,43.2207],[-93.4269,43.3487],[-93.4229,43.4297],[-93.4744,43.5211],[-93.6854,43.5666],[-94.0972,43.5409],[-94.3832,43.5885],[-94.6714,43.6217],[-94.7345,43.7298],[-94.6659,43.9792],[-94.6118,44.3667],[-94.6666,44.4785],[-94.9439,44.6651],[-94.9767,44.8825],[-94.9364,44.9293],[-94.7406,44.939],[-94.5037,44.8469],[-94.2171,44.6843],[-94.1528,44.6331],[-93.8966,44.6072],[-93.7018,44.5131],[-93.4458,44.3613],[-93.2928,44.238],[-93.1751,44.1672],[-92.8914,44.0324],[-92.7539,44.007],[-92.6079,44.0226],[-92.307,44.1085],[-91.9623,44.1506],[-91.8821,44.1402],[-91.6713,44.0376],[-91.5319,44.0025],[-91.472,44.042],[-91.3478,44.0525],[-90.9482,43.9766],[-90.8016,44.0318],[-90.6783,44.045],[-90.2485,43.9544],[-90,43.9403]],[[-100.9094,39.6104],[-100.7441,39.4536],[-100.8266,39.3432],[-100.8351,39.1388],[-100.7723,38.8913],[-100.6623,38.6755],[-100.539,38.6388],[-100.4107,38.7271],[-100.3107,38.7453],[-100.2662,38.7966],[-100.2486,38.8938],[-100.0903,39.016],[-99.9583,38.9578],[-99.9737,38.8764],[-99.9526,38.7509],[-99.973,38.6621],[-100.1233,38.4725],[-99.9819,38.3133],[-100.2499,38.2203],[-100.7259,38.2258],[-100.7909,38.3274],[-100.9708,38.3934],[-101.0518,38.4718],[-101.0032,38.5834],[-101.0246,38.648],[-101.1504,38.8643],[-101.1616,38.9465],[-101.256,39.0438],[-101.3393,39.0587],[-101.3656,39.1346],[-101.3047,39.2093],[-101.3111,39.2953],[-101.2657,39.5266],[-101.1566,39.6191],[-100.9094,39.6104]],[[-102.4528,39.4333],[-102.4175,39.2203],[-102.5305,39.1079],[-102.9922,39.1857],[-103.1533,39.1623],[-103.1527,39.1258],[-103.0494,39.0391],[-102.9552,39.0197],[-103.0607,38.9239],[-103.1222,38.9208],[-103.2436,39.0376],[-103.4632,39.1397],[-103.7191,39.2356],[-103.9771,39.2746],[-104.1635,39.2255],[-104.3708,39.2355],[-104.4287,39.3444],[-104.3917,39.4119],[-104.2216,39.4894],[-104.2022,39.5637],[-104.2884,39.6257],[-104.063,39.8977],[-104.0219,39.9112],[-103.7133,39.8975],[-103.4918,39.9339],[-103.4283,39.9604],[-103.335,40.0547],[-103.3789,40.1686],[-103.4064,40.3148],[-103.373,40.5988],[-103.2799,40.6624],[-102.9683,40.5587],[-102.7906,40.4797],[-102.667,40.4515],[-102.4946,40.3821],[-102.4417,40.2931],[-102.4555,40.164],[-102.4925,40.0632],[-102.7946,39.8249],[-102.7182,39.706],[-102.5856,39.6473],[-102.492,39.5746],[-102.4528,39.4333]],[[-91.2194,39.4634],[-91.2803,39.2772],[-91.3898,39.21],[-91.3964,39.1685],[-91.631,39.1057],[-91.7538,39.1101],[-91.8723,39.216],[-91.9194,39.3539],[-92.0644,39.4237],[-92.0536,39.5931],[-91.9834,39.6163],[-91.7855,39.5653],[-91.697,39.4378],[-91.5087,39.4548],[-91.4042,39.486],[-91.2833,39.5573],[-91.125,39.5408],[-91.2194,39.4634]]],[[[-90,32.419],[-90,32.8646],[-90.1189,32.6759],[-90.119,32.5951],[-90.0662,32.465],[-90,32.419]]],[[[-110.0623,44.6336],[-110.3099,44.8792],[-110.5786,44.924],[-110.8024,44.9239],[-110.9151,44.8504],[-110.9595,44.7523],[-110.9778,44.469],[-110.9526,44.1604],[-110.9741,43.7327],[-110.9172,43.5204],[-110.7768,43.341],[-110.6796,43.1293],[-110.6451,42.8512],[-110.6959,42.6045],[-110.7741,42.4023],[-110.6539,42.349],[-110.4181,42.4901],[-109.9646,42.681],[-109.4598,42.7302],[-109.3631,42.7733],[-109.3016,42.8539],[-109.3563,42.9256],[-109.4111,43.0679],[-109.4997,43.1941],[-109.693,43.3972],[-109.7563,43.5199],[-109.862,43.7962],[-109.9745,44.03],[-110.0378,44.3028],[-110.0623,44.6336]]],[[[-97.2949,45.5],[-97.9488,45.5],[-97.9802,45.3422],[-98.1641,45.2574],[-98.2721,45.3111],[-98.3926,45.3292],[-98.5767,45.5],[-100.1136,45.5],[-99.7962,45.4368],[-99.345,45.3568],[-98.9906,45.2326],[-98.8803,45.1179],[-98.5752,44.9441],[-98.5464,44.8519],[-98.5834,44.7583],[-98.7215,44.6307],[-98.9115,44.5559],[-99.4844,44.5546],[-99.9731,44.589],[-100.2325,44.592],[-100.6435,44.5516],[-101.0059,44.3817],[-101.1108,44.2312],[-101.052,44.1194],[-101.1176,44.0411],[-100.9841,43.8298],[-100.9744,43.7417],[-101.0855,43.6047],[-101.2208,43.4959],[-101.4901,43.3466],[-101.481,43.233],[-101.5848,43.0578],[-101.7775,42.9774],[-101.8492,42.8732],[-101.848,42.6767],[-101.7703,42.5434],[-101.677,42.5062],[-101.4085,42.4583],[-101.2215,42.3819],[-100.987,42.2635],[-100.8116,42.2288],[-100.6667,42.2209],[-100.5553,42.0955],[-100.3967,42.0795],[-100.2776,42.11],[-100.0841,42.34],[-99.9462,42.5889],[-99.88,42.61],[-99.728,42.5964],[-99.6627,42.6277],[-99.6373,42.8105],[-99.5955,42.8694],[-99.721,42.9575],[-99.861,43.1596],[-99.9939,43.4451],[-100.1404,43.6213],[-99.7979,43.5837],[-99.5202,43.5725],[-99.2589,43.5796],[-98.9701,43.5586],[-98.8711,43.5109],[-98.4698,43.5289],[-98.2879,43.549],[-98.0581,43.6502],[-97.962,43.7476],[-97.9244,43.8622],[-97.7153,44.0058],[-97.5222,44.0983],[-97.0466,44.4647],[-96.8367,44.5334],[-96.61,44.6246],[-96.4622,44.8704],[-96.4311,45.0035],[-96.4215,45.2959],[-96.5136,45.3992],[-96.6254,45.39],[-96.7075,45.2953],[-96.756,45.0875],[-96.9442,44.832],[-97.1132,44.8165],[-97.2798,44.8441],[-97.4173,44.9053],[-97.5281,44.9965],[-97.5301,45.1402],[-97.2927,45.4329],[-97.2949,45.5]],[[-98.5651,44.631],[-98.3764,44.7083],[-98.2701,44.794],[-98.0366,44.8015],[-97.8113,44.7544],[-97.6944,44.7515],[-97.4412,44.6858],[-97.4417,44.6348],[-97.7729,44.4867],[-98.1882,44.2653],[-98.357,44.1408],[-98.6612,44.0955],[-98.8787,43.9681],[-99.0582,43.8388],[-99.4075,43.7749],[-99.5129,43.8299],[-99.7683,43.8531],[-100.1908,43.8716],[-100.3673,43.9398],[-100.5855,43.9582],[-100.7399,44.0109],[-100.7531,44.1019],[-100.5502,44.1878],[-100.5323,44.2526],[-100.5941,44.4038],[-100.4946,44.4923],[-100.3196,44.5256],[-100.0281,44.548],[-99.5098,44.5087],[-98.9068,44.4875],[-98.724,44.5405],[-98.5651,44.631]],[[-100.1838,42.505],[-100.3422,42.5582],[-100.5621,42.6739],[-100.6233,42.7429],[-100.7601,42.7985],[-100.8039,42.9257],[-100.8137,43.037],[-100.9288,43.305],[-100.9003,43.3557],[-100.1677,43.4324],[-100.0651,43.4004],[-100.0618,43.2894],[-99.9532,43.0875],[-99.6883,42.8642],[-99.7282,42.8118],[-99.8607,42.7899],[-99.9542,42.7359],[-100.0933,42.5281],[-100.1838,42.505]]]]},"properties":{"DM":0}},
{"type":"Feature","geometry":{"type":"MultiPolygon","coordinates":[[[[-94.5042,31.5],[-93.3231,31.5],[-93.4569,31.6363],[-93.5464,31.793],[-93.618,32.2909],[-93.6892,32.5038],[-93.7565,32.7519],[-93.691,33.1352],[-93.5862,33.2345],[-93.6073,33.3786],[-93.7196,33.5011],[-93.6898,33.6074],[-93.5386,33.7175],[-93.2935,33.6627],[-93.0033,33.4899],[-92.8012,33.4032],[-92.7323,33.4724],[-92.756,33.5942],[-92.9108,33.709],[-93.1054,33.7827],[-93.3221,33.8354],[-93.5191,33.8468],[-93.8467,33.7198],[-93.9573,33.7353],[-94.0233,33.8407],[-93.9496,33.8801],[-93.6328,33.9683],[-93.5134,34.0463],[-93.4343,34.1617],[-93.473,34.2436],[-93.7301,34.3111],[-93.8174,34.282],[-93.9282,34.1336],[-94.075,34.0495],[-94.1143,33.8369],[-94.1896,33.7],[-94.1551,33.6368],[-94.2223,33.4074],[-94.1986,33.0986],[-94.1657,32.8932],[-94.1047,32.7957],[-93.9891,32.7123],[-93.913,32.4826],[-93.8677,32.3944],[-93.8379,32.1362],[-93.7869,31.8391],[-93.7804,31.7363],[-93.8073,31.6843],[-93.8949,31.7264],[-94.0207,31.86],[-94.115,31.9124],[-94.3154,31.877],[-94.697,31.6928],[-95.0833,31.8194],[-95.1717,31.932],[-95.2019,32.1168],[-95.105,32.1865],[-94.8629,32.2822],[-94.8206,32.445],[-94.8565,32.5415],[-94.9673,32.6194],[-95.0534,32.6507],[-95.216,32.6396],[-95.6061,32.7869],[-95.6795,32.8336],[-95.8132,33.0586],[-95.9282,33.0997],[-96.0977,33.077],[-96.3944,33.0739],[-96.4972,33.0533],[-96.3862,32.8651],[-96.1037,32.9018],[-96.011,32.7553],[-96.1475,32.5093],[-96.3361,32.3419],[-96.3466,32.0703],[-96.4037,31.8882],[-96.4595,31.7713],[-96.4775,31.6661],[-96.4763,31.5],[-96.2453,31.5],[-96.3127,31.5289],[-96.3015,31.6205],[-96.0845,31.6073],[-96.0476,31.5002],[-96.0475,31.5],[-95.2926,31.5],[-95.2383,31.7101],[-94.9437,31.6366],[-94.6643,31.5384],[-94.5042,31.5]],[[-93.8345,33.4253],[-93.9915,33.4205],[-94.0855,33.4525],[-94.1364,33.5149],[-94.1083,33.5959],[-94.0068,33.634],[-93.8798,33.5923],[-93.8345,33.4253]]],[[[-112,36.5396],[-112,35.6215],[-111.8358,35.7437],[-111.679,35.8324],[-111.53,35.824],[-111.2703,35.6785],[-111.1591,35.6034],[-110.9962,35.5268],[-110.693,35.3602],[-110.4576,35.2403],[-110.3085,35.101],[-110.2545,35.0147],[-110.1392,34.8917],[-110.0536,34.5219],[-110.0576,34.363],[-110.086,34.2124],[-110.2104,34.0757],[-110.3516,34.0079],[-110.4773,33.8573],[-110.5731,33.653],[-110.5749,33.3816],[-110.6353,33.2911],[-110.7671,33.3168],[-110.9088,33.3698],[-111.2353,33.545],[-111.578,33.7013],[-111.851,33.9621],[-112,34.0766],[-112,33.6099],[-111.9263,33.5431],[-111.841,33.4229],[-111.816,33.2117],[-111.8907,32.9676],[-112,32.7566],[-112,31.6258],[-111.9555,31.6118],[-111.9422,31.7717],[-111.877,31.8479],[-111.7791,32.0566],[-111.687,32.3004],[-111.5895,32.689],[-111.5501,32.7829],[-111.4566,32.8904],[-111.1851,32.907],[-110.8869,32.8892],[-110.3686,32.8868],[-109.6226,32.8337],[-109.3268,32.7272],[-109.0861,32.5395],[-108.9282,32.2729],[-108.9204,32.1635],[-108.9929,32.0575],[-108.9801,31.9925],[-108.9273,31.5],[-108.8531,31.5],[-108.885,31.7977],[-108.8857,32.0055],[-108.8201,32.1737],[-108.8594,32.3729],[-109.0625,32.7687],[-109.0937,32.9679],[-109.2322,33.0963],[-109.4914,33.1731],[-109.7396,33.1737],[-109.9748,33.1511],[-110.1045,33.2233],[-110.2074,33.3172],[-110.3042,33.5061],[-110.3257,33.6441],[-110.2482,33.8155],[-110.1498,33.8571],[-109.9446,33.8421],[-109.8392,33.7307],[-109.6731,33.5175],[-109.5728,33.4553],[-109.0736,33.3753],[-108.7457,33.2456],[-108.5002,33.2025],[-108.3751,33.0697],[-108.3403,32.8317],[-108.1826,32.5874],[-107.9367,32.4167],[-107.8783,32.3148],[-107.8745,32.1961],[-107.8231,32.0423],[-107.8172,31.8896],[-107.8335,31.7837],[-107.5351,31.784],[-107.2959,32.0975],[-107.296,32.3732],[-107.0918,32.4405],[-106.9584,32.465],[-106.7151,32.4861],[-106.6467,32.5719],[-106.558,32.5568],[-106.2905,32.3205],[-106.1631,32.2911],[-106.07,32.2092],[-105.8639,32.1998],[-105.847,32.119],[-106.339,31.8111],[-106.5291,31.7844],[-106.4889,31.7478],[-106.3851,31.7332],[-106.2265,31.5],[-105.2701,31.5],[-105.1754,31.7491],[-105.2077,31.8289],[-105.299,31.8865],[-105.4398,31.9051],[-105.6195,31.905],[-105.667,32.0018],[-105.7694,32.2869],[-105.7437,32.4012],[-105.8726,32.5718],[-106.2168,32.9529],[-106.4206,33.0857],[-106.4876,32.9913],[-106.5509,32.8293],[-106.7219,32.5844],[-106.8851,32.6118],[-107.01,32.5947],[-107.1536,32.5167],[-107.4291,32.4239],[-107.4861,32.3778],[-107.4919,32.5647],[-107.3998,32.6915],[-107.3148,32.8853],[-107.2655,33.0643],[-107.0411,33.1903],[-106.9615,33.3994],[-106.8405,33.4791],[-106.7009,33.4517],[-106.5446,33.47],[-106.3461,33.5676],[-106.2735,33.6821],[-106.2886,33.853],[-106.4364,34.0007],[-106.5757,34.1886],[-106.6137,34.3224],[-106.6998,34.381],[-106.8825,34.4155],[-107.2833,34.5324],[-107.4106,34.6089],[-107.4921,34.7866],[-107.6972,35.0269],[-107.793,35.2957],[-107.759,35.5395],[-107.6145,35.8211],[-107.5997,35.9612],[-107.8364,35.995],[-108.1298,35.8942],[-108.5095,36.0145],[-108.7236,36.2113],[-108.9642,36.4158],[-109.0879,36.4714],[-109.2886,36.3991],[-109.4985,36.2417],[-109.7072,36.0626],[-109.9743,35.6639],[-110.2689,35.5674],[-110.6512,35.5695],[-110.7739,35.6169],[-110.816,35.6661],[-111.0057,35.8096],[-111.2297,35.9273],[-111.3899,36.0301],[-111.5434,36.2819],[-111.6647,36.427],[-111.8423,36.5144],[-112,36.5396]]],[[[-90,32.8646],[-90,33.1502],[-90.0322,33.1128],[-90.2076,33.0181],[-90.3726,32.9988],[-90.5906,32.9938],[-90.8116,33.0113],[-91.1097,33.0126],[-91.2337,33.0602],[-91.4611,33.1228],[-91.7428,33.1223],[-91.7961,33.0704],[-92.0214,33.0904],[-92.2468,33.1657],[-92.3392,33.1513],[-92.3928,33.0596],[-92.2283,32.9605],[-92.1847,32.7613],[-92.1766,32.4977],[-92.1885,32.3009],[-92.1209,32.0892],[-92.1254,31.8918],[-92.2328,31.7694],[-92.4834,31.7716],[-92.7854,32.0769],[-93.0494,32.4813],[-93.0488,32.9752],[-93.1513,33.0127],[-93.3017,32.9624],[-93.3457,32.8922],[-93.3585,32.7733],[-93.2815,32.6094],[-93.2078,32.3949],[-93.0987,32.2095],[-92.9138,31.9689],[-92.883,31.8427],[-92.8645,31.6349],[-92.9189,31.5233],[-92.9787,31.5],[-90,31.5],[-90,32.419],[-90.0662,32.465],[-90.119,32.5951],[-90.1189,32.6759],[-90,32.8646]]],[[[-95.7468,45.5],[-97.2949,45.5],[-97.2927,45.4329],[-97.5301,45.1402],[-97.5281,44.9965],[-97.4173,44.9053],[-97.2798,44.8441],[-97.1132,44.8165],[-96.9442,44.832],[-96.756,45.0875],[-96.7075,45.2953],[-96.6254,45.39],[-96.5136,45.3992],[-96.4215,45.2959],[-96.4311,45.0035],[-96.4622,44.8704],[-96.61,44.6246],[-96.8367,44.5334],[-97.0466,44.4647],[-97.5222,44.0983],[-97.7153,44.0058],[-97.9244,43.8622],[-97.962,43.7476],[-98.0581,43.6502],[-98.2879,43.549],[-98.4698,43.5289],[-98.8711,43.5109],[-98.9701,43.5586],[-99.2589,43.5796],[-99.5202,43.5725],[-99.7979,43.5837],[-100.1404,43.6213],[-99.9939,43.4451],[-99.861,43.1596],[-99.721,42.9575],[-99.5955,42.8694],[-99.6373,42.8105],[-99.6627,42.6277],[-99.728,42.5964],[-99.88,42.61],[-99.9462,42.5889],[-100.0841,42.34],[-100.2776,42.11],[-100.3967,42.0795],[-100.5553,42.0955],[-100.6667,42.2209],[-100.8116,42.2288],[-100.987,42.2635],[-101.2215,42.3819],[-101.4085,42.4583],[-101.677,42.5062],[-101.7703,42.5434],[-101.848,42.6767],[-101.8492,42.8732],[-101.7775,42.9774],[-101.5848,43.0578],[-101.481,43.233],[-101.4901,43.3466],[-101.2208,43.4959],[-101.0855,43.6047],[-100.9744,43.7417],[-100.9841,43.8298],[-101.1176,44.0411],[-101.052,44.1194],[-101.1108,44.2312],[-101.0059,44.3817],[-100.6435,44.5516],[-100.2325,44.592],[-99.9731,44.589],[-99.4844,44.5546],[-98.9115,44.5559],[-98.7215,44.6307],[-98.5834,44.7583],[-98.5464,44.8519],[-98.5752,44.9441],[-98.8803,45.1179],[-98.9906,45.2326],[-99.345,45.3568],[-99.7962,45.4368],[-100.1136,45.5],[-100.5895,45.5],[-100.4991,45.4194],[-100.3888,45.3813],[-100.1728,45.3457],[-99.5488,45.3185],[-99.36,45.2125],[-99.3271,45.1103],[-99.4004,44.9993],[-99.7186,44.8087],[-100.0495,44.7349],[-100.9083,44.6268],[-101.069,44.787],[-101.1487,44.9237],[-101.4058,45.0043],[-101.5452,45.0759],[-101.6205,45.1797],[-101.7664,45.3198],[-101.8424,45.4219],[-101.8665,45.5],[-103.9524,45.5],[-104.0333,45.3781],[-103.9943,45.2876],[-103.8893,45.1588],[-103.6888,45.0214],[-103.3851,44.8648],[-102.9249,44.8052],[-102.6202,44.7514],[-102.2995,44.6328],[-101.7444,44.4094],[-101.6984,44.328],[-101.6844,44.2137],[-101.7111,44.0762],[-101.8064,44.0158],[-101.943,44.0004],[-102.3751,44.0895],[-102.4172,43.8406],[-102.3838,43.6257],[-102.2025,43.2619],[-102.1224,42.9106],[-102.0971,42.7359],[-102.1521,42.3993],[-102.2417,42.1625],[-102.3517,41.9996],[-102.3616,41.9284],[-102.1483,41.7447],[-101.9471,41.702],[-101.7486,41.7309],[-101.5315,41.8189],[-101.4044,41.9281],[-101.242,41.9775],[-101.1631,41.974],[-100.8383,41.8346],[-100.695,41.7106],[-100.6493,41.5884],[-100.4087,41.568],[-100.2211,41.4982],[-100.2329,41.4378],[-100.3158,41.3662],[-100.5676,41.423],[-100.6421,41.3853],[-100.7148,41.4801],[-100.8238,41.6726],[-100.918,41.7891],[-100.9869,41.7708],[-101.117,41.7969],[-101.1639,41.8701],[-101.2617,41.8595],[-101.2463,41.69],[-101.0703,41.4592],[-100.8499,41.2822],[-100.6448,41.2575],[-100.5467,41.0263],[-100.4988,41.0205],[-100.3434,41.1526],[-100.2117,41.1916],[-100.0687,41.1953],[-99.981,41.1549],[-99.9521,41.0351],[-100.1209,40.9287],[-100.1259,40.84],[-100.0412,40.7809],[-99.851,40.7125],[-99.6234,40.5823],[-99.5496,40.4898],[-99.2861,40.3677],[-99.0602,40.3029],[-99.0187,40.2567],[-99.0659,40.1757],[-99.2126,40.1336],[-99.301,40.185],[-99.4356,40.1619],[-99.5443,40.1039],[-99.5675,40.1739],[-99.695,40.239],[-99.799,40.4422],[-99.8347,40.5952],[-99.9131,40.5515],[-100.0124,40.4327],[-100.2396,40.3454],[-100.312,40.3498],[-100.7966,40.4496],[-100.8611,40.5445],[-100.7923,40.6886],[-100.823,40.7709],[-100.8872,40.8203],[-101.0774,40.7696],[-101.2182,40.646],[-101.4254,40.5743],[-101.5513,40.5697],[-101.6546,40.6036],[-101.7774,40.7778],[-101.8681,40.7657],[-101.9836,40.815],[-102.0442,40.8994],[-102.1408,40.9557],[-102.3357,40.9797],[-102.3533,41.1663],[-102.442,41.2302],[-102.7348,41.1404],[-103.0179,41.1552],[-103.273,41.1357],[-103.4697,41.0659],[-103.6071,40.9929],[-103.7682,40.975],[-104.1409,41.0018],[-104.443,41.1765],[-104.603,41.1275],[-104.5487,40.7738],[-104.325,40.5165],[-104.3417,40.2731],[-104.3313,40.0867],[-104.3392,39.7125],[-104.482,39.5074],[-104.5716,39.4176],[-104.6164,39.3252],[-104.6063,39.2208],[-104.4844,39.0745],[-104.1879,38.9373],[-104.025,38.9136],[-103.6899,38.9207],[-103.3884,38.9436],[-103.1087,38.858],[-103.06,38.6903],[-102.9984,38.6052],[-102.8995,38.5795],[-102.79,38.6085],[-102.5646,38.6008],[-102.3684,38.3527],[-102.2062,38.331],[-102.0475,38.4394],[-101.9255,38.4727],[-101.6507,38.3892],[-101.4739,38.3795],[-101.3153,38.4101],[-101.1778,38.4159],[-101.1287,38.3937],[-100.8738,38.1824],[-100.7278,38.14],[-100.6109,38.0732],[-100.4257,38.0081],[-100.1588,37.8639],[-99.7841,37.7834],[-99.4551,37.7881],[-99.0957,38.1593],[-99.0548,38.2945],[-98.8516,38.4791],[-98.4107,38.6129],[-98.236,38.5882],[-98.0013,38.5754],[-97.8104,38.5174],[-97.6404,38.4397],[-97.3355,38.3299],[-97.1913,38.2279],[-97.1584,38.1749],[-97.1719,37.8501],[-97.2847,37.7003],[-97.359,37.549],[-97.4682,37.4275],[-97.5214,37.2265],[-97.5299,36.9433],[-97.4504,36.7705],[-97.3578,36.691],[-97.2976,36.5727],[-97.2639,36.4517],[-97.27,36.3471],[-97.1815,36.17],[-97.0704,36.1261],[-96.9409,36.1263],[-96.7558,36.2736],[-96.6261,36.2808],[-96.5326,36.2338],[-96.4717,36.1373],[-96.3188,36.0211],[-96.3505,35.9229],[-96.3566,35.8042],[-96.2965,35.6369],[-96.1551,35.6169],[-96.0358,35.5232],[-95.9167,35.4729],[-95.8743,35.3916],[-96.0081,35.3753],[-96.0692,35.1225],[-95.9408,35.0197],[-95.5829,35.033],[-95.5237,35.0815],[-95.4931,35.3432],[-95.5131,35.4625],[-95.4998,35.5547],[-95.5448,35.6899],[-95.6197,35.7776],[-95.7131,36.0996],[-95.8604,36.6557],[-96.0532,36.8942],[-96.2032,37.0474],[-96.2161,37.1357],[-96.1773,37.177],[-96.046,37.2195],[-95.688,37.2991],[-95.0056,37.4244],[-94.7194,37.5706],[-94.5586,37.842],[-94.4995,37.8781],[-94.3696,37.9002],[-94.2767,37.9522],[-94.109,37.9665],[-94.0024,37.9143],[-93.9794,37.7321],[-93.9374,37.6431],[-93.8544,37.6791],[-93.5157,37.8955],[-93.1281,37.9068],[-92.8672,38.0807],[-92.7963,38.0426],[-92.4869,38.032],[-92.2032,38.0051],[-92.046,37.9515],[-91.9472,37.7852],[-91.8761,37.7005],[-91.7431,37.4503],[-91.7194,37.1684],[-91.7311,37.0408],[-91.7707,36.8847],[-91.9154,36.7248],[-92.0339,36.6715],[-92.2243,36.6978],[-92.3565,36.679],[-92.4918,36.6326],[-92.863,36.6429],[-92.9921,36.6244],[-93.1911,36.497],[-93.2625,36.4907],[-93.3001,36.3463],[-93.3782,36.1762],[-93.5459,35.9856],[-93.6094,35.7107],[-93.2934,35.5673],[-93.1809,35.475],[-92.7004,35.2498],[-92.5758,35.2171],[-92.4469,35.2633],[-92.3528,35.1918],[-92.2618,35.1883],[-92.1911,35.2618],[-91.949,35.277],[-91.7863,35.3288],[-91.7679,35.5325],[-91.94,35.7436],[-92.0014,35.9745],[-92.1239,36.2102],[-92.1153,36.2984],[-91.8449,36.5237],[-91.7256,36.5979],[-91.4884,36.6158],[-91.3056,36.5736],[-91.1333,36.5825],[-90.9205,36.5608],[-90.7324,36.5005],[-90.5143,36.5457],[-90.3818,36.5896],[-90.2083,36.5292],[-90.1152,36.3711],[-90.1627,36.1737],[-90.2733,36.0844],[-90.5858,35.9442],[-90.5265,35.8047],[-90.7205,35.7696],[-90.9293,35.7069],[-90.9763,35.6636],[-91.1025,35.6754],[-91.12,35.631],[-91.3039,35.5833],[-91.3964,35.1996],[-91.1717,34.7709],[-91.1039,34.735],[-91.0519,34.6443],[-90.7905,34.5783],[-90.7381,34.5102],[-90.7422,34.4034],[-90.85,34.338],[-90.7684,34.2562],[-90.6981,34.1392],[-90.5814,34.0698],[-90.3623,34.0049],[-90.258,34.0108],[-90,33.9958],[-90,35.3504],[-90.1308,35.3081],[-90.199,35.2325],[-90.2304,35.1351],[-90.3209,35.1045],[-90.4835,35.1493],[-90.8666,35.2908],[-90.9818,35.3094],[-91.1809,35.3746],[-91.2544,35.4137],[-91.2623,35.475],[-91.2036,35.5344],[-91.0174,35.5456],[-90.6642,35.5338],[-90.5203,35.6404],[-90.4776,35.7429],[-90.3133,35.934],[-90.1961,35.9648],[-90,35.9766],[-90,36.3464],[-90.1571,36.5196],[-90.1952,36.6385],[-90.2436,36.7068],[-90.328,36.7603],[-90.5492,36.7711],[-90.587,36.7987],[-90.7126,36.9727],[-90.8709,37.137],[-91.2572,37.254],[-91.4474,37.3382],[-91.5302,37.4372],[-91.5854,37.5424],[-91.6077,37.7323],[-91.6504,37.8403],[-91.7536,37.9394],[-91.9194,38.0242],[-92.0709,38.0548],[-92.5036,38.1179],[-92.6588,38.1848],[-92.7904,38.2058],[-93.0931,38.2248],[-93.4705,38.3784],[-93.7792,38.3549],[-94.0091,38.2777],[-94.2348,38.1269],[-94.5365,38.0417],[-94.7329,37.9001],[-94.9418,37.9231],[-95.2488,38.0054],[-95.4717,37.9728],[-95.5796,38.0041],[-95.8383,38.0172],[-95.8744,38.0047],[-95.8933,37.8629],[-96.0626,37.857],[-96.2162,37.8791],[-96.4235,37.8714],[-96.6238,37.9009],[-97.0669,38.3209],[-97.1646,38.3733],[-97.3791,38.4234],[-97.5279,38.4944],[-97.604,38.5714],[-97.76,38.6485],[-98.1185,38.7934],[-98.3603,38.8775],[-98.4084,38.9847],[-98.5363,39.0277],[-98.741,39.0319],[-98.9938,38.9378],[-99.3022,38.7124],[-99.4304,38.636],[-99.6722,38.3489],[-99.9292,38.2622],[-100.1611,38.2092],[-100.3878,38.1767],[-100.5843,38.1946],[-100.7408,38.1854],[-100.9098,38.2786],[-101.0989,38.4437],[-101.1569,38.5663],[-101.2942,38.5546],[-101.4642,38.5708],[-101.6447,38.6218],[-101.7575,38.6875],[-101.8263,38.7789],[-101.8401,38.8551],[-101.6192,38.9895],[-101.5653,39.0924],[-101.5576,39.1933],[-101.6253,39.2671],[-102.057,39.3841],[-102.0777,39.5105],[-102.1199,39.5736],[-102.3223,39.4761],[-102.3795,39.371],[-102.3575,39.1771],[-102.1273,38.9634],[-102.1041,38.7506],[-102.1604,38.573],[-102.2096,38.4979],[-102.2936,38.464],[-102.4898,38.613],[-102.5614,38.6513],[-102.7087,38.6643],[-102.8749,38.6529],[-102.9838,38.7187],[-103.0404,38.8378],[-103.1989,38.9384],[-103.3276,38.9605],[-103.4943,39.0322],[-103.6279,39.0421],[-104.0164,39.0417],[-104.3138,39.1322],[-104.4647,39.2135],[-104.5111,39.3253],[-104.3342,39.6901],[-104.0717,40.0235],[-103.7507,40.1133],[-103.6651,40.1838],[-103.5542,40.3476],[-103.5548,40.4392],[-103.6921,40.5501],[-103.9142,40.659],[-104.0623,40.6774],[-104.2942,40.806],[-104.3033,40.855],[-104.2176,40.962],[-103.9732,40.9734],[-103.7063,40.9523],[-103.4508,40.9452],[-103.1461,40.9218],[-103.0418,40.9457],[-102.7928,40.965],[-102.6426,40.95],[-102.4325,40.9754],[-102.3694,40.8623],[-102.1912,40.6576],[-102.1774,40.5339],[-102.0927,40.4591],[-102.1097,40.3546],[-102.2789,40.1524],[-102.2186,40.0362],[-102.0311,39.9797],[-101.7199,39.9579],[-101.5818,39.9987],[-101.5588,40.0775],[-101.5958,40.276],[-101.4638,40.372],[-101.2913,40.4062],[-101.1731,40.3148],[-101.0421,40.2463],[-100.8301,39.8933],[-100.7809,39.7415],[-100.699,39.5614],[-100.519,39.4203],[-100.384,39.1911],[-100.2817,39.1382],[-100.1339,39.1358],[-99.8611,39.163],[-99.8513,39.2696],[-99.8798,39.3691],[-99.9965,39.4467],[-100.0874,39.5418],[-99.993,39.631],[-99.7714,39.77],[-99.4911,39.8295],[-99.3246,39.9073],[-99.1517,40.0653],[-99.0178,40.1085],[-98.8127,40.1319],[-98.7865,40.233],[-98.8843,40.2433],[-99.172,40.3724],[-99.3027,40.5252],[-99.3765,40.5577],[-99.5243,40.5544],[-99.5661,40.6109],[-99.5076,40.6639],[-99.0401,40.8362],[-99.006,40.8856],[-99.1071,40.9445],[-99.2896,40.9825],[-99.4026,41.0557],[-99.5498,41.0579],[-99.6009,40.9614],[-99.5223,40.8134],[-99.5205,40.7658],[-99.6356,40.712],[-99.7446,40.739],[-99.8512,40.8788],[-99.86,41.0866],[-100.1218,41.483],[-100.2454,41.6006],[-100.1533,41.643],[-99.7947,41.4474],[-99.7179,41.4293],[-99.4512,41.4268],[-99.3319,41.478],[-99.2287,41.5886],[-99.2232,41.8474],[-99.2027,41.9299],[-99.0342,42.0769],[-98.7238,42.1552],[-98.4692,42.1524],[-98.2483,42.0878],[-97.9057,41.8575],[-97.7753,41.8151],[-97.4398,41.7985],[-97.0847,41.8343],[-96.9316,41.8363],[-96.5617,41.8624],[-96.3976,41.8434],[-96.0829,41.8272],[-95.86,41.8817],[-95.7276,42.0682],[-95.7325,42.1882],[-95.9055,42.2108],[-95.9797,42.2644],[-95.8827,42.3144],[-95.8639,42.3699],[-95.9421,42.4758],[-96.0995,42.5615],[-96.33,42.5826],[-96.4745,42.6101],[-96.7343,42.7781],[-96.8645,42.8876],[-96.8772,43.0267],[-96.9293,43.1739],[-96.9232,43.3902],[-96.4153,43.5494],[-96.3198,43.6063],[-96.0144,43.7244],[-95.8582,43.7571],[-95.5511,43.7918],[-95.4829,43.8534],[-95.4162,44.0391],[-95.3367,44.129],[-95.2035,44.1679],[-95.1401,44.221],[-95.1248,44.2902],[-95.3441,44.651],[-95.5152,44.9548],[-95.8088,45.2681],[-95.7468,45.5]],[[-90.4863,34.8688],[-90.6082,34.8282],[-90.851,34.858],[-90.9967,34.8535],[-91.1026,34.878],[-91.1453,34.9731],[-91.1484,35.073],[-91.0819,35.0924],[-90.9261,35.0661],[-90.6687,34.994],[-90.5743,34.9871],[-90.4584,34.914],[-90.4863,34.8688]],[[-92.3417,35.3425],[-92.5671,35.3582],[-92.8246,35.4069],[-93.0178,35.4812],[-93.2229,35.6073],[-93.4926,35.8019],[-93.4702,35.9006],[-93.1927,35.9448],[-93.0051,36.1076],[-92.8677,36.1478],[-92.5606,36.3428],[-92.345,36.3431],[-92.2192,36.243],[-92.2179,36.1551],[-92.1152,36.0232],[-92.1099,35.9648],[-92.1616,35.82],[-92.131,35.5787],[-92.1677,35.4506],[-92.2654,35.3686],[-92.3417,35.3425]],[[-97.2419,41.9472],[-97.3236,41.8932],[-97.7987,41.9644],[-97.974,42.0838],[-97.9573,42.1847],[-97.7839,42.2264],[-97.4997,42.1946],[-97.2758,42.0808],[-97.2419,41.9472]],[[-97.8268,42.8685],[-97.9239,42.7835],[-98.1496,42.6387],[-98.3048,42.5677],[-98.305,42.4939],[-98.4891,42.3792],[-98.7214,42.302],[-99.0089,42.2686],[-99.2332,42.2021],[-99.446,42.1747],[-99.5454,42.1824],[-99.5523,42.2414],[-99.4371,42.2808],[-99.2332,42.4174],[-98.9497,42.4754],[-98.7967,42.5535],[-98.7484,42.6272],[-98.7724,42.7284],[-98.9371,42.7809],[-99.2437,42.7245],[-99.4274,42.6589],[-99.4408,42.7529],[-99.5132,42.7791],[-99.4629,42.8552],[-99.3224,42.9924],[-98.877,43.1187],[-98.6553,43.1953],[-98.3308,43.2306],[-98.1948,43.2856],[-97.9682,43.3182],[-97.7723,43.258],[-97.6574,43.1315],[-97.7921,42.8988],[-97.8268,42.8685]],[[-96.3235,44.9747],[-96.3811,45.0253],[-96.3997,45.1234],[-96.3726,45.2115],[-96.1989,45.2739],[-96.086,45.2419],[-95.9397,45.1307],[-95.9394,45.0235],[-96.1274,44.9457],[-96.3235,44.9747]],[[-97.8232,42.5199],[-97.866,42.5527],[-97.8397,42.6392],[-97.7508,42.6917],[-97.7485,42.7583],[-97.6756,42.8821],[-97.6189,42.9048],[-97.2808,42.892],[-97.1587,42.8214],[-96.8211,42.7623],[-96.6024,42.666],[-96.5817,42.5241],[-96.835,42.4896],[-96.9841,42.4145],[-97.1331,42.4006],[-97.2451,42.4412],[-97.3481,42.509],[-97.5047,42.5754],[-97.7568,42.5099],[-97.8232,42.5199]],[[-100.269,40.0764],[-100.1926,40.0538],[-99.9057,40.0662],[-99.8116,40.003],[-99.6175,39.9879],[-99.6141,39.8995],[-99.708,39.8097],[-99.9451,39.8116],[-100.043,39.8329],[-100.2718,39.7686],[-100.3382,39.8172],[-100.3248,40.0619],[-100.269,40.0764]],[[-96.7533,36.974],[-96.9375,37.0314],[-97.1482,37.1459],[-97.227,37.349],[-96.9809,37.4316],[-96.6725,37.3847],[-96.4262,37.3028],[-96.3247,37.207],[-96.2979,37.1342],[-96.3333,37.0393],[-96.4257,36.9749],[-96.7066,36.9646],[-96.7533,36.974]],[[-90.8707,36.6776],[-90.9219,36.7337],[-91.1662,36.8845],[-91.1733,36.9806],[-91.0909,37.0191],[-90.9706,37.0247],[-90.8623,36.9662],[-90.803,36.8888],[-90.7493,36.6858],[-90.8089,36.6405],[-90.8707,36.6776]]],[[[-94.0693,45.5],[-95.0712,45.5],[-94.9406,45.4645],[-94.5332,45.3258],[-94.2794,45.1826],[-93.931,44.9501],[-93.4675,44.6799],[-93.2049,44.507],[-93.0294,44.4064],[-92.7834,44.3326],[-92.523,44.2962],[-92.1829,44.3628],[-92.061,44.3668],[-91.721,44.5128],[-91.5536,44.571],[-91.4107,44.5705],[-91.2795,44.5327],[-91.1548,44.4655],[-90.9465,44.2935],[-90.7778,44.2164],[-90.594,44.2081],[-90.4033,44.2197],[-90.1957,44.3551],[-90.1042,44.486],[-90,44.5733],[-90,44.8484],[-90.1984,44.8259],[-90.3461,44.7105],[-90.4965,44.6191],[-90.7306,44.5974],[-90.9521,44.5979],[-91.5249,44.621],[-91.8029,44.5541],[-91.9972,44.4506],[-92.4306,44.4217],[-92.7664,44.4889],[-92.9756,44.5629],[-93.3096,44.766],[-93.4425,44.8314],[-93.6636,44.993],[-93.8244,45.1794],[-94.0693,45.5]]],[[[-91.2194,39.4634],[-91.125,39.5408],[-91.2833,39.5573],[-91.4042,39.486],[-91.5087,39.4548],[-91.697,39.4378],[-91.7855,39.5653],[-91.9834,39.6163],[-92.0536,39.5931],[-92.0644,39.4237],[-91.9194,39.3539],[-91.8723,39.216],[-91.7538,39.1101],[-91.631,39.1057],[-91.3964,39.1685],[-91.3898,39.21],[-91.2803,39.2772],[-91.2194,39.4634]]],[[[-102.5951,33.3714],[-102.5245,33.4028],[-102.6213,33.6113],[-102.8052,33.703],[-102.8452,33.8693],[-103.0823,34.2721],[-103.4488,34.3972],[-103.6676,34.3111],[-103.8264,34.2115],[-104.0468,34.0061],[-104.0494,33.8845],[-103.9416,33.6999],[-103.7227,33.6217],[-103.579,33.6025],[-102.9734,33.5809],[-102.6726,33.4635],[-102.5951,33.3714]]],[[[-92.5175,34.2063],[-92.489,34.3189],[-92.5385,34.5719],[-92.5802,34.5968],[-92.8407,34.5972],[-92.9045,34.5691],[-92.9759,34.4054],[-92.954,34.2677],[-92.8731,34.2015],[-92.5998,34.1886],[-92.5175,34.2063]]],[[[-100.2237,36.4999],[-100.1909,36.6584],[-100.2507,36.757],[-100.3923,36.8737],[-100.5222,36.9168],[-100.4234,36.7011],[-100.4146,36.5299],[-100.3395,36.4724],[-100.2237,36.4999]]],[[[-100.8795,37.1836],[-100.9676,37.322],[-100.9605,37.3882],[-100.8603,37.4817],[-100.969,37.6216],[-101.0907,37.6442],[-101.1693,37.5502],[-101.3267,37.4257],[-101.3328,37.2955],[-101.4283,37.2245],[-101.7527,37.0885],[-101.8432,37.0231],[-101.8859,36.9536],[-101.9786,36.8809],[-101.8374,36.8334],[-101.7735,36.7485],[-101.9343,36.6003],[-101.9537,36.5595],[-101.8286,36.4926],[-101.7193,36.5029],[-101.6502,36.5797],[-101.6191,36.7714],[-101.5189,36.9417],[-101.1761,37.0232],[-100.9972,36.9567],[-100.899,36.9969],[-100.8795,37.1836]],[[-101.5782,36.9136],[-101.7188,36.8475],[-101.8535,36.9494],[-101.7257,37.0823],[-101.5469,37.1534],[-101.4546,37.1261],[-101.4175,37.0742],[-101.4641,36.9986],[-101.5782,36.9136]]],[[[-98.1778,37.3861],[-98.1178,37.477],[-98.0847,37.6073],[-97.9067,37.8466],[-97.9383,37.9071],[-98.1136,37.9221],[-98.3946,37.8552],[-98.5627,37.6651],[-98.525,37.5181],[-98.35,37.3909],[-98.1778,37.3861]]],[[[-103.2612,38.6247],[-103.3158,38.7006],[-103.712,38.7831],[-103.8437,38.7981],[-103.9427,38.7842],[-104.2364,38.6452],[-104.3708,38.5399],[-104.4484,38.3632],[-104.4989,38.1686],[-104.4856,37.9833],[-104.4579,37.8961],[-104.2996,37.8524],[-104.0825,37.8453],[-103.9346,37.6772],[-103.8976,37.5483],[-104.0093,37.3772],[-103.9944,37.3421],[-104.0271,37.1676],[-103.9812,37.1031],[-103.8973,37.0546],[-103.7217,37.0336],[-103.489,37.0634],[-103.2349,37.1417],[-103.116,37.2017],[-102.8654,37.4263],[-102.7526,37.4625],[-102.5206,37.4666],[-102.4017,37.4417],[-102.2442,37.2846],[-102.1835,37.2445],[-102.1477,37.1377],[-102.1453,37.0156],[-102.0624,37.0128],[-102.043,37.1852],[-101.9845,37.4374],[-102.0234,37.6584],[-101.9845,37.7625],[-101.6823,38.0045],[-101.7096,38.08],[-101.9026,38.0936],[-102.0263,38.1549],[-102.1468,38.0973],[-102.5254,38.1384],[-102.8638,38.1857],[-103.0293,38.1689],[-103.1815,38.1229],[-103.4419,38.0669],[-103.5856,38.1195],[-103.6332,38.2451],[-103.6591,38.4117],[-103.5584,38.5032],[-103.4412,38.5424],[-103.3122,38.5439],[-103.2612,38.6247]]],[[[-107.4784,37.1264],[-107.4128,37.1743],[-107.3559,37.3712],[-107.4055,37.4532],[-107.4923,37.5051],[-107.5517,37.6273],[-107.5672,37.9284],[-107.6189,38.0641],[-107.8068,38.1713],[-107.8831,38.3158],[-107.9633,38.3854],[-108.2516,38.5587],[-108.5012,38.6057],[-108.6318,38.5595],[-108.6378,38.4398],[-108.6021,38.1517],[-108.5609,38.0217],[-108.3307,37.7032],[-108.1284,37.492],[-107.9185,37.3947],[-107.689,37.2253],[-107.5583,37.1109],[-107.4784,37.1264]]],[[[-111.7635,37.2183],[-111.7401,37.3488],[-111.7303,37.8011],[-111.7753,37.9318],[-111.875,38.0127],[-112,38.0779],[-112,36.8734],[-111.9863,37.0101],[-111.9095,37.1062],[-111.8456,37.1271],[-111.7635,37.2183]]],[[[-106.0675,40.5119],[-106.0215,40.6015],[-106.0633,40.7465],[-106.1972,40.8603],[-106.3584,40.8983],[-106.4851,40.9016],[-106.6083,40.8202],[-106.5957,40.6242],[-106.544,40.5307],[-106.4295,40.4842],[-106.2921,40.4571],[-106.1629,40.4555],[-106.0675,40.5119]]],[[[-106.9205,42.8123],[-106.9826,42.9848],[-107.1146,43.0791],[-107.2658,43.1203],[-107.4826,43.1234],[-107.813,43.0566],[-107.9453,42.9814],[-108.0318,42.9042],[-108.0772,42.8046],[-108.0102,42.6514],[-108.0283,42.5744],[-108.133,42.5503],[-108.4053,42.5515],[-108.5791,42.595],[-108.7433,42.5634],[-108.8525,42.4798],[-108.915,42.3868],[-109.0474,42.1086],[-109.2009,41.9106],[-109.2928,41.7324],[-109.2709,41.4305],[-109.1929,41.3239],[-109.0328,41.2284],[-108.621,41.0905],[-108.2859,41.0568],[-107.8867,41.0496],[-107.6978,41.0861],[-107.5541,41.1338],[-107.4629,41.1932],[-107.4207,41.3136],[-107.4911,41.4482],[-107.5488,41.6149],[-107.5004,41.6651],[-107.3557,41.7183],[-107.0695,41.7097],[-106.9617,41.8577],[-106.9716,42.0293],[-107.0652,42.2415],[-107.0639,42.3161],[-106.9219,42.4602],[-106.8717,42.5643],[-106.9205,42.8123]]],[[[-105.0945,43.3419],[-104.8663,43.4507],[-104.8262,43.5309],[-104.8524,43.6501],[-104.954,43.7455],[-105.2328,43.7789],[-105.3804,43.7385],[-105.4164,43.6371],[-105.4283,43.4846],[-105.3607,43.385],[-105.2581,43.329],[-105.0945,43.3419]]],[[[-103.1779,43.6665],[-102.9698,43.8632],[-102.8846,44.0192],[-102.8807,44.1629],[-103.0018,44.2842],[-103.1966,44.3048],[-103.4237,44.3023],[-103.5938,44.2656],[-103.698,44.1929],[-103.7714,44.0917],[-103.7856,43.9683],[-103.6943,43.8025],[-103.4826,43.6484],[-103.2814,43.6229],[-103.1779,43.6665]]],[[[-107.0655,44.1903],[-107.0234,44.2277],[-106.9605,44.4216],[-106.7308,44.6539],[-106.6613,44.7931],[-106.6343,44.9165],[-106.7224,45.025],[-106.8197,45.0508],[-107.3102,45.0437],[-107.573,45.0205],[-107.8791,44.943],[-108.0152,44.8448],[-107.9847,44.6842],[-107.8787,44.6246],[-107.5378,44.3658],[-107.3918,44.2803],[-107.1486,44.1812],[-107.0655,44.1903]]],[[[-101.3374,31.5],[-100.8078,31.5],[-101.1859,31.5463],[-101.3374,31.5]]],[[[-100.4301,31.5],[-98.4709,31.5],[-98.5146,31.6013],[-98.5308,31.7312],[-98.626,31.8566],[-98.6607,31.9513],[-98.6466,32.0705],[-98.7262,32.2796],[-98.9718,32.5033],[-99.1878,32.5693],[-99.409,32.5411],[-99.5899,32.3778],[-99.7681,32.3504],[-100.1456,32.6415],[-100.189,32.7091],[-100.445,32.7237],[-100.6017,32.9095],[-100.8561,32.8784],[-101.4324,32.8923],[-101.6163,32.9541],[-101.772,32.9313],[-101.8526,32.8885],[-101.9853,32.8655],[-102.136,32.8071],[-102.2618,32.8617],[-102.3945,32.8886],[-102.4785,32.8402],[-102.5715,32.7324],[-102.7113,32.7049],[-103.2331,33.0593],[-103.8035,33.1648],[-103.9436,33.1672],[-104.028,33.0622],[-104.0507,32.9043],[-104.0589,32.7146],[-103.8128,32.7089],[-103.497,32.6279],[-103.4457,32.4893],[-103.4528,32.2618],[-103.4889,32.0565],[-103.3273,31.9551],[-103.1148,31.9664],[-102.8593,32.0137],[-102.6301,32.0689],[-102.4181,32.1452],[-102.1524,32.273],[-101.8491,32.3793],[-101.5697,32.3709],[-101.1861,32.2749],[-100.8914,32.2234],[-100.4177,32.0524],[-100.2151,31.8694],[-100.2241,31.733],[-100.3625,31.5242],[-100.4301,31.5]]],[[[-106.2228,45.5],[-106.5667,45.5],[-106.4523,45.4194],[-106.2507,45.4651],[-106.2228,45.5]]],[[[-107.5629,45.5],[-109.208,45.5],[-109.18,45.4617],[-108.9096,45.3206],[-108.7258,45.2919],[-108.3653,45.2907],[-108.0542,45.2089],[-107.9458,45.3317],[-107.939,45.3791],[-107.7588,45.4208],[-107.5629,45.5]]],[[[-109.4391,45.5],[-112,45.5],[-112,44.3229],[-111.7725,44.3466],[-111.405,44.3542],[-111.1649,44.2574],[-111.0477,44.145],[-111.0514,43.9031],[-111.0408,43.5512],[-111.0182,43.3181],[-110.9516,42.9816],[-110.9687,42.7804],[-110.9551,42.5979],[-110.9899,42.5098],[-110.9964,42.3231],[-111.049,42.1652],[-111.2904,42.1711],[-111.529,42.1425],[-111.7213,42.0831],[-111.8402,42.0037],[-111.8541,41.8509],[-111.7933,41.5657],[-111.6024,41.3938],[-111.3748,41.2704],[-111.1824,41.0857],[-110.9666,40.9322],[-110.9011,40.7822],[-110.6447,40.5346],[-110.5596,40.4313],[-110.2315,40.2177],[-109.9917,40.1066],[-109.7517,40.0614],[-109.4363,40.096],[-109.2335,40.1613],[-109.0251,40.3114],[-108.9509,40.4318],[-108.9081,40.6007],[-108.9358,40.7707],[-109.0963,41.0274],[-109.3164,41.0879],[-109.6292,41.1292],[-109.8618,41.1308],[-110.2708,41.111],[-110.7119,41.161],[-110.9087,41.2196],[-111.0802,41.3037],[-111.1645,41.453],[-111.1175,41.5895],[-111.0234,41.7126],[-110.681,41.7987],[-110.5116,41.8168],[-110.4051,41.8802],[-110.2156,42.0808],[-110.0479,42.1853],[-109.7788,42.2172],[-109.6625,42.3007],[-109.5757,42.4139],[-109.5169,42.5925],[-109.4436,42.6189],[-109.3338,42.5922],[-109.1495,42.6156],[-109.0621,42.6983],[-109.0979,42.854],[-109.2176,43.2522],[-109.3126,43.4729],[-109.3902,43.86],[-109.4512,44.2277],[-109.3649,44.7256],[-109.2668,44.8926],[-109.2117,45.1286],[-109.2674,45.2963],[-109.3642,45.44],[-109.4391,45.5]],[[-110.0623,44.6336],[-110.0378,44.3028],[-109.9745,44.03],[-109.862,43.7962],[-109.7563,43.5199],[-109.693,43.3972],[-109.4997,43.1941],[-109.4111,43.0679],[-109.3563,42.9256],[-109.3016,42.8539],[-109.3631,42.7733],[-109.4598,42.7302],[-109.9646,42.681],[-110.4181,42.4901],[-110.6539,42.349],[-110.7741,42.4023],[-110.6959,42.6045],[-110.6451,42.8512],[-110.6796,43.1293],[-110.7768,43.341],[-110.9172,43.5204],[-110.9741,43.7327],[-110.9526,44.1604],[-110.9778,44.469],[-110.9595,44.7523],[-110.9151,44.8504],[-110.8024,44.9239],[-110.5786,44.924],[-110.3099,44.8792],[-110.0623,44.6336]]]]},"properties":{"DM":1}},
{"type":"Feature","geometry":{"type":"MultiPolygon","coordinates":[[[[-105.2701,31.5],[-101.9743,31.5],[-101.967,31.5],[-101.3374,31.5],[-101.1859,31.5463],[-100.8078,31.5],[-100.4301,31.5],[-100.3625,31.5242],[-100.2241,31.733],[-100.2151,31.8694],[-100.4177,32.0524],[-100.8914,32.2234],[-101.1861,32.2749],[-101.5697,32.3709],[-101.8491,32.3793],[-102.1524,32.273],[-102.4181,32.1452],[-102.6301,32.0689],[-102.8593,32.0137],[-103.1148,31.9664],[-103.3273,31.9551],[-103.4889,32.0565],[-103.4528,32.2618],[-103.4457,32.4893],[-103.497,32.6279],[-103.8128,32.7089],[-104.0589,32.7146],[-104.0507,32.9043],[-104.028,33.0622],[-103.9436,33.1672],[-103.8035,33.1648],[-103.2331,33.0593],[-102.7113,32.7049],[-102.5715,32.7324],[-102.4785,32.8402],[-102.3945,32.8886],[-102.2618,32.8617],[-102.136,32.8071],[-101.9853,32.8655],[-101.8526,32.8885],[-101.772,32.9313],[-101.6163,32.9541],[-101.4324,32.8923],[-100.8561,32.8784],[-100.6017,32.9095],[-100.445,32.7237],[-100.189,32.7091],[-100.1456,32.6415],[-99.7681,32.3504],[-99.5899,32.3778],[-99.409,32.5411],[-99.1878,32.5693],[-98.9718,32.5033],[-98.7262,32.2796],[-98.6466,32.0705],[-98.6607,31.9513],[-98.626,31.8566],[-98.5308,31.7312],[-98.5146,31.6013],[-98.4709,31.5],[-96.4763,31.5],[-96.4775,31.6661],[-96.4595,31.7713],[-96.4037,31.8882],[-96.3466,32.0703],[-96.3361,32.3419],[-96.1475,32.5093],[-96.011,32.7553],[-96.1037,32.9018],[-96.3862,32.8651],[-96.4972,33.0533],[-96.3944,33.0739],[-96.0977,33.077],[-95.9282,33.0997],[-95.8132,33.0586],[-95.6795,32.8336],[-95.6061,32.7869],[-95.216,32.6396],[-95.0534,32.6507],[-94.9673,32.6194],[-94.8565,32.5415],[-94.8206,32.445],[-94.8629,32.2822],[-95.105,32.1865],[-95.2019,32.1168],[-95.1717,31.932],[-95.0833,31.8194],[-94.697,31.6928],[-94.3154,31.877],[-94.115,31.9124],[-94.0207,31.86],[-93.8949,31.7264],[-93.8073,31.6843],[-93.7804,31.7363],[-93.7869,31.8391],[-93.8379,32.1362],[-93.8677,32.3944],[-93.913,32.4826],[-93.9891,32.7123],[-94.1047,32.7957],[-94.1657,32.8932],[-94.1986,33.0986],[-94.2223,33.4074],[-94.1551,33.6368],[-94.1896,33.7],[-94.1143,33.8369],[-94.075,34.0495],[-93.9282,34.1336],[-93.8174,34.282],[-93.7301,34.3111],[-93.473,34.2436],[-93.4343,34.1617],[-93.5134,34.0463],[-93.6328,33.9683],[-93.9496,33.8801],[-94.0233,33.8407],[-93.9573,33.7353],[-93.8467,33.7198],[-93.5191,33.8468],[-93.3221,33.8354],[-93.1054,33.7827],[-92.9108,33.709],[-92.756,33.5942],[-92.7323,33.4724],[-92.8012,33.4032],[-93.0033,33.4899],[-93.2935,33.6627],[-93.5386,33.7175],[-93.6898,33.6074],[-93.7196,33.5011],[-93.6073,33.3786],[-93.5862,33.2345],[-93.691,33.1352],[-93.7565,32.7519],[-93.6892,32.5038],[-93.618,32.2909],[-93.5464,31.793],[-93.4569,31.6363],[-93.3231,31.5],[-92.9787,31.5],[-92.9189,31.5233],[-92.8645,31.6349],[-92.883,31.8427],[-92.9138,31.9689],[-93.0987,32.2095],[-93.2078,32.3949],[-93.2815,32.6094],[-93.3585,32.7733],[-93.3457,32.8922],[-93.3017,32.9624],[-93.1513,33.0127],[-93.0488,32.9752],[-93.0494,32.4813],[-92.7854,32.0769],[-92.4834,31.7716],[-92.2328,31.7694],[-92.1254,31.8918],[-92.1209,32.0892],[-92.1885,32.3009],[-92.1766,32.4977],[-92.1847,32.7613],[-92.2283,32.9605],[-92.3928,33.0596],[-92.3392,33.1513],[-92.2468,33.1657],[-92.0214,33.0904],[-91.7961,33.0704],[-91.7428,33.1223],[-91.4611,33.1228],[-91.2337,33.0602],[-91.1097,33.0126],[-90.8116,33.0113],[-90.5906,32.9938],[-90.3726,32.9988],[-90.2076,33.0181],[-90.0322,33.1128],[-90,33.1502],[-90,33.406],[-90.0468,33.3288],[-90.1549,33.2548],[-90.4612,33.1768],[-90.6536,33.1547],[-91.0283,33.211],[-91.1226,33.2686],[-91.3072,33.1546],[-91.5162,33.1898],[-91.5687,33.2318],[-91.7372,33.2755],[-91.822,33.2395],[-91.8974,33.1561],[-92.0873,33.1821],[-92.1993,33.2478],[-92.2516,33.39],[-92.2844,33.5591],[-92.236,33.7656],[-92.1986,33.8063],[-92.0816,33.773],[-91.8818,33.755],[-91.8314,33.7089],[-91.9388,33.532],[-91.8577,33.5115],[-91.7239,33.5623],[-91.6513,33.6215],[-91.6952,33.6859],[-91.6464,33.7664],[-91.4915,33.8553],[-91.2237,33.9636],[-91.2175,33.9881],[-91.6427,34.2794],[-91.7595,34.3358],[-91.9006,34.3596],[-91.9943,34.4074],[-92.0917,34.572],[-92.123,34.7278],[-92.204,34.8448],[-92.3441,34.9651],[-92.43,34.9073],[-92.7437,34.9433],[-92.7938,35.0028],[-92.9822,35.0382],[-93.0106,35.0802],[-92.9667,35.1445],[-92.8287,35.2548],[-92.635,35.1456],[-92.497,35.1067],[-92.4318,35.1719],[-92.1853,35.1356],[-92.0691,35.0931],[-91.8994,35.0589],[-91.5117,35.032],[-91.405,34.9902],[-90.9686,34.4453],[-90.8785,34.2784],[-90.7878,34.0384],[-90.6354,33.9341],[-90.2927,33.8038],[-90.1926,33.7797],[-90,33.7774],[-90,33.9958],[-90.258,34.0108],[-90.3623,34.0049],[-90.5814,34.0698],[-90.6981,34.1392],[-90.7684,34.2562],[-90.85,34.338],[-90.7422,34.4034],[-90.7381,34.5102],[-90.7905,34.5783],[-91.0519,34.6443],[-91.1039,34.735],[-91.1717,34.7709],[-91.3964,35.1996],[-91.3039,35.5833],[-91.12,35.631],[-91.1025,35.6754],[-90.9763,35.6636],[-90.9293,35.7069],[-90.7205,35.7696],[-90.5265,35.8047],[-90.5858,35.9442],[-90.2733,36.0844],[-90.1627,36.1737],[-90.1152,36.3711],[-90.2083,36.5292],[-90.3818,36.5896],[-90.5143,36.5457],[-90.7324,36.5005],[-90.9205,36.5608],[-91.1333,36.5825],[-91.3056,36.5736],[-91.4884,36.6158],[-91.7256,36.5979],[-91.8449,36.5237],[-92.1153,36.2984],[-92.1239,36.2102],[-92.0014,35.9745],[-91.94,35.7436],[-91.7679,35.5325],[-91.7863,35.3288],[-91.949,35.277],[-92.1911,35.2618],[-92.2618,35.1883],[-92.3528,35.1918],[-92.4469,35.2633],[-92.5758,35.2171],[-92.7004,35.2498],[-93.1809,35.475],[-93.2934,35.5673],[-93.6094,35.7107],[-93.5459,35.9856],[-93.3782,36.1762],[-93.3001,36.3463],[-93.2625,36.4907],[-93.1911,36.497],[-92.9921,36.6244],[-92.863,36.6429],[-92.4918,36.6326],[-92.3565,36.679],[-92.2243,36.6978],[-92.0339,36.6715],[-91.9154,36.7248],[-91.7707,36.8847],[-91.7311,37.0408],[-91.7194,37.1684],[-91.7431,37.4503],[-91.8761,37.7005],[-91.9472,37.7852],[-92.046,37.9515],[-92.2032,38.0051],[-92.4869,38.032],[-92.7963,38.0426],[-92.8672,38.0807],[-93.1281,37.9068],[-93.5157,37.8955],[-93.8544,37.6791],[-93.9374,37.6431],[-93.9794,37.7321],[-94.0024,37.9143],[-94.109,37.9665],[-94.2767,37.9522],[-94.3696,37.9002],[-94.4995,37.8781],[-94.5586,37.842],[-94.7194,37.5706],[-95.0056,37.4244],[-95.688,37.2991],[-96.046,37.2195],[-96.1773,37.177],[-96.2161,37.1357],[-96.2032,37.0474],[-96.0532,36.8942],[-95.8604,36.6557],[-95.7131,36.0996],[-95.6197,35.7776],[-95.5448,35.6899],[-95.4998,35.5547],[-95.5131,35.4625],[-95.4931,35.3432],[-95.5237,35.0815],[-95.5829,35.033],[-95.9408,35.0197],[-96.0692,35.1225],[-96.0081,35.3753],[-95.8743,35.3916],[-95.9167,35.4729],[-96.0358,35.5232],[-96.1551,35.6169],[-96.2965,35.6369],[-96.3566,35.8042],[-96.3505,35.9229],[-96.3188,36.0211],[-96.4717,36.1373],[-96.5326,36.2338],[-96.6261,36.2808],[-96.7558,36.2736],[-96.9409,36.1263],[-97.0704,36.1261],[-97.1815,36.17],[-97.27,36.3471],[-97.2639,36.4517],[-97.2976,36.5727],[-97.3578,36.691],[-97.4504,36.7705],[-97.5299,36.9433],[-97.5214,37.2265],[-97.4682,37.4275],[-97.359,37.549],[-97.2847,37.7003],[-97.1719,37.8501],[-97.1584,38.1749],[-97.1913,38.2279],[-97.3355,38.3299],[-97.6404,38.4397],[-97.8104,38.5174],[-98.0013,38.5754],[-98.236,38.5882],[-98.4107,38.6129],[-98.8516,38.4791],[-99.0548,38.2945],[-99.0957,38.1593],[-99.4551,37.7881],[-99.7841,37.7834],[-100.1588,37.8639],[-100.4257,38.0081],[-100.6109,38.0732],[-100.7278,38.14],[-100.8738,38.1824],[-101.1287,38.3937],[-101.1778,38.4159],[-101.3153,38.4101],[-101.4739,38.3795],[-101.6507,38.3892],[-101.9255,38.4727],[-102.0475,38.4394],[-102.2062,38.331],[-102.3684,38.3527],[-102.5646,38.6008],[-102.79,38.6085],[-102.8995,38.5795],[-102.9984,38.6052],[-103.06,38.6903],[-103.1087,38.858],[-103.3884,38.9436],[-103.6899,38.9207],[-104.025,38.9136],[-104.1879,38.9373],[-104.4844,39.0745],[-104.6063,39.2208],[-104.6164,39.3252],[-104.5716,39.4176],[-104.482,39.5074],[-104.3392,39.7125],[-104.3313,40.0867],[-104.3417,40.2731],[-104.325,40.5165],[-104.5487,40.7738],[-104.603,41.1275],[-104.443,41.1765],[-104.1409,41.0018],[-103.7682,40.975],[-103.6071,40.9929],[-103.4697,41.0659],[-103.273,41.1357],[-103.0179,41.1552],[-102.7348,41.1404],[-102.442,41.2302],[-102.3533,41.1663],[-102.3357,40.9797],[-102.1408,40.9557],[-102.0442,40.8994],[-101.9836,40.815],[-101.8681,40.7657],[-101.7774,40.7778],[-101.6546,40.6036],[-101.5513,40.5697],[-101.4254,40.5743],[-101.2182,40.646],[-101.0774,40.7696],[-100.8872,40.8203],[-100.823,40.7709],[-100.7923,40.6886],[-100.8611,40.5445],[-100.7966,40.4496],[-100.312,40.3498],[-100.2396,40.3454],[-100.0124,40.4327],[-99.9131,40.5515],[-99.8347,40.5952],[-99.799,40.4422],[-99.695,40.239],[-99.5675,40.1739],[-99.5443,40.1039],[-99.4356,40.1619],[-99.301,40.185],[-99.2126,40.1336],[-99.0659,40.1757],[-99.0187,40.2567],[-99.0602,40.3029],[-99.2861,40.3677],[-99.5496,40.4898],[-99.6234,40.5823],[-99.851,40.7125],[-100.0412,40.7809],[-100.1259,40.84],[-100.1209,40.9287],[-99.9521,41.0351],[-99.981,41.1549],[-100.0687,41.1953],[-100.2117,41.1916],[-100.3434,41.1526],[-100.4988,41.0205],[-100.5467,41.0263],[-100.6448,41.2575],[-100.8499,41.2822],[-101.0703,41.4592],[-101.2463,41.69],[-101.2617,41.8595],[-101.1639,41.8701],[-101.117,41.7969],[-100.9869,41.7708],[-100.918,41.7891],[-100.8238,41.6726],[-100.7148,41.4801],[-100.6421,41.3853],[-100.5676,41.423],[-100.3158,41.3662],[-100.2329,41.4378],[-100.2211,41.4982],[-100.4087,41.568],[-100.6493,41.5884],[-100.695,41.7106],[-100.8383,41.8346],[-101.1631,41.974],[-101.242,41.9775],[-101.4044,41.9281],[-101.5315,41.8189],[-101.7486,41.7309],[-101.9471,41.702],[-102.1483,41.7447],[-102.3616,41.9284],[-102.3517,41.9996],[-102.2417,42.1625],[-102.1521,42.3993],[-102.0971,42.7359],[-102.1224,42.9106],[-102.2025,43.2619],[-102.3838,43.6257],[-102.4172,43.8406],[-102.3751,44.0895],[-101.943,44.0004],[-101.8064,44.0158],[-101.7111,44.0762],[-101.6844,44.2137],[-101.6984,44.328],[-101.7444,44.4094],[-102.2995,44.6328],[-102.6202,44.7514],[-102.9249,44.8052],[-103.3851,44.8648],[-103.6888,45.0214],[-103.8893,45.1588],[-103.9943,45.2876],[-104.0333,45.3781],[-103.9524,45.5],[-104.59,45.5],[-104.6421,45.4168],[-104.2012,45.2284],[-104.012,45.054],[-103.7861,44.8138],[-103.7574,44.7129],[-103.8728,44.4181],[-104.0183,44.248],[-104.2492,44.1543],[-104.4896,44.1002],[-104.7781,43.9917],[-105.0848,43.9154],[-105.2924,43.9665],[-105.6402,43.9661],[-105.8118,43.909],[-105.8977,43.8033],[-105.9491,43.6776],[-106.0939,43.3931],[-106.1992,43.2937],[-106.5895,43.2112],[-106.9522,43.1757],[-107.3451,43.1557],[-107.6774,43.1903],[-107.9239,43.2743],[-108.1633,43.339],[-108.5091,43.3976],[-108.8485,43.4847],[-108.904,43.5639],[-108.9437,43.6862],[-108.9671,43.879],[-109.0775,44.1032],[-109.0601,44.2012],[-108.9829,44.3255],[-108.8756,44.4149],[-108.7318,44.4991],[-108.6377,44.5212],[-108.4309,44.4836],[-107.9952,44.4993],[-107.7888,44.4402],[-107.6497,44.3641],[-107.4786,44.2203],[-107.2524,44.0924],[-107.0616,44.0943],[-106.9393,44.1681],[-106.7617,44.3571],[-106.5904,44.4137],[-106.443,44.4111],[-106.2454,44.329],[-106.1347,44.3141],[-105.9873,44.3557],[-105.8676,44.4796],[-105.7996,44.6047],[-105.6961,44.7297],[-105.7262,44.8314],[-105.8441,44.9998],[-105.9982,45.0515],[-106.1868,45.0681],[-106.2646,45.1341],[-106.2751,45.2567],[-106.2332,45.3522],[-105.9492,45.458],[-105.9326,45.5],[-106.2228,45.5],[-106.2507,45.4651],[-106.4523,45.4194],[-106.5667,45.5],[-107.5629,45.5],[-107.7588,45.4208],[-107.939,45.3791],[-107.9458,45.3317],[-108.0542,45.2089],[-108.3653,45.2907],[-108.7258,45.2919],[-108.9096,45.3206],[-109.18,45.4617],[-109.208,45.5],[-109.4391,45.5],[-109.3642,45.44],[-109.2674,45.2963],[-109.2117,45.1286],[-109.2668,44.8926],[-109.3649,44.7256],[-109.4512,44.2277],[-109.3902,43.86],[-109.3126,43.4729],[-109.2176,43.2522],[-109.0979,42.854],[-109.0621,42.6983],[-109.1495,42.6156],[-109.3338,42.5922],[-109.4436,42.6189],[-109.5169,42.5925],[-109.5757,42.4139],[-109.6625,42.3007],[-109.7788,42.2172],[-110.0479,42.1853],[-110.2156,42.0808],[-110.4051,41.8802],[-110.5116,41.8168],[-110.681,41.7987],[-111.0234,41.7126],[-111.1175,41.5895],[-111.1645,41.453],[-111.0802,41.3037],[-110.9087,41.2196],[-110.7119,41.161],[-110.2708,41.111],[-109.8618,41.1308],[-109.6292,41.1292],[-109.3164,41.0879],[-109.0963,41.0274],[-108.9358,40.7707],[-108.9081,40.6007],[-108.9509,40.4318],[-109.0251,40.3114],[-109.2335,40.1613],[-109.4363,40.096],[-109.7517,40.0614],[-109.9917,40.1066],[-110.2315,40.2177],[-110.5596,40.4313],[-110.6447,40.5346],[-110.9011,40.7822],[-110.9666,40.9322],[-111.1824,41.0857],[-111.3748,41.2704],[-111.6024,41.3938],[-111.7933,41.5657],[-111.8541,41.8509],[-111.8402,42.0037],[-111.7213,42.0831],[-111.529,42.1425],[-111.2904,42.1711],[-111.049,42.1652],[-110.9964,42.3231],[-110.9899,42.5098],[-110.9551,42.5979],[-110.9687,42.7804],[-110.9516,42.9816],[-111.0182,43.3181],[-111.0408,43.5512],[-111.0514,43.9031],[-111.0477,44.145],[-111.1649,44.2574],[-111.405,44.3542],[-111.7725,44.3466],[-112,44.3229],[-112,44.0503],[-111.627,44.0333],[-111.3843,43.9818],[-111.2754,43.93],[-111.2115,43.8612],[-111.1779,43.5577],[-111.1925,43.2952],[-111.2325,43.0589],[-111.2853,42.8608],[-111.4035,42.7645],[-111.6302,42.7269],[-111.8603,42.6692],[-111.9473,42.4693],[-112,42.4427],[-112,40.8544],[-111.9297,40.8238],[-111.8296,40.7214],[-111.7703,40.5852],[-111.7545,40.2998],[-111.6578,40.1527],[-111.2754,39.8666],[-111.0854,39.8526],[-110.8172,39.975],[-110.8055,39.9149],[-110.9816,39.7007],[-111.0142,39.471],[-111.0776,39.3417],[-110.9526,39.2682],[-110.2894,39.2122],[-109.952,39.2268],[-109.8282,39.2619],[-109.2794,39.4453],[-109.0426,39.5152],[-108.9208,39.5122],[-108.7508,39.449],[-108.3598,39.395],[-108.205,39.4255],[-107.9661,39.6306],[-107.7753,39.7619],[-107.5467,39.7875],[-107.4807,39.8545],[-107.5049,39.9348],[-107.6197,40.0289],[-107.6949,40.1448],[-107.7356,40.2827],[-107.6751,40.4643],[-107.5626,40.538],[-107.3752,40.5843],[-107.1537,40.5633],[-106.7834,40.5516],[-106.6226,40.5268],[-106.4809,40.4444],[-106.3452,40.4129],[-106.1076,40.3891],[-106.0253,40.4014],[-105.7981,40.313],[-105.6134,40.1501],[-105.4452,40.1495],[-105.2481,40.3032],[-105.2394,40.4879],[-105.3997,40.6047],[-105.5562,40.7528],[-105.7527,41.0001],[-105.7926,41.1221],[-105.9719,41.2965],[-106.0439,41.4916],[-105.6602,41.6232],[-105.5785,41.8027],[-105.5759,41.9865],[-105.5214,41.9648],[-105.1355,41.9839],[-104.7815,41.9047],[-104.5765,41.7649],[-104.4988,41.6048],[-104.5588,41.449],[-104.8158,41.3762],[-104.9965,41.238],[-105.0235,41.1032],[-104.9251,41.0408],[-104.8605,40.9354],[-104.941,40.7152],[-104.9375,40.6007],[-104.7775,40.4531],[-104.597,40.1991],[-104.4937,40.114],[-104.412,39.9898],[-104.4289,39.7483],[-104.533,39.6719],[-104.8056,39.5662],[-104.8519,39.4405],[-104.9115,39.3505],[-104.902,39.3043],[-105.0513,39.1311],[-105.2193,39.0799],[-105.7019,38.8978],[-105.8755,38.7781],[-105.8681,38.6709],[-105.5974,38.5775],[-105.2183,38.6318],[-105.1158,38.6955],[-105.0323,38.6978],[-104.9151,38.637],[-104.8809,38.3873],[-104.6683,38.0995],[-104.4584,37.709],[-104.6091,37.4896],[-104.7394,37.3817],[-104.7218,37.295],[-104.3295,37.2706],[-104.3413,37.1452],[-104.2552,37.0345],[-103.9749,37.0031],[-103.6102,36.9303],[-103.2273,37.0124],[-103.1161,37.0679],[-102.9398,37.2997],[-102.8175,37.3669],[-102.6136,37.3935],[-102.4496,37.3845],[-102.3164,37.3128],[-102.1843,37.152],[-102.1629,36.8944],[-102.2134,36.7104],[-102.2903,36.5545],[-102.4144,36.4684],[-102.3293,36.1618],[-102.1771,35.9948],[-102.0734,35.9739],[-101.9451,35.984],[-101.8469,36.0344],[-101.8538,36.1383],[-101.7681,36.3849],[-101.5669,36.5736],[-101.5676,36.7036],[-101.5263,36.8538],[-101.3412,36.9301],[-101.1164,36.9202],[-100.9546,36.8593],[-100.8216,36.7389],[-100.771,36.5818],[-100.5858,36.2141],[-100.3962,36.1861],[-100.273,36.2928],[-100.0025,36.3367],[-99.9799,36.7638],[-99.8368,36.8756],[-99.6589,36.9132],[-99.2894,36.9129],[-98.9506,36.8777],[-98.5161,36.7848],[-98.1667,36.6894],[-98.0076,36.6079],[-97.9541,36.5419],[-97.6986,36.0966],[-97.307,35.8769],[-97.1782,35.7781],[-97.108,35.6207],[-97.2697,35.1773],[-97.3038,34.9607],[-97.3748,34.6795],[-97.4458,34.5108],[-97.4564,34.3358],[-97.3494,34.2949],[-97.0345,34.3288],[-96.8901,34.4843],[-96.6931,34.5848],[-96.2254,34.733],[-96.0657,34.7086],[-95.929,34.6467],[-95.8434,34.5312],[-95.7849,34.4892],[-95.3508,34.306],[-95.1739,34.2552],[-94.8794,34.1494],[-94.8134,34.0651],[-94.8095,33.9592],[-94.9128,33.9016],[-95.0462,33.8715],[-95.1078,33.7731],[-95.2062,33.5324],[-95.1884,33.3571],[-95.2365,33.3051],[-95.3623,33.2522],[-95.458,33.2357],[-95.7906,33.2652],[-96.2065,33.2699],[-96.3247,33.2197],[-96.5477,33.0782],[-96.6056,32.9954],[-96.6045,32.8483],[-96.5228,32.7338],[-96.2984,32.6756],[-96.2461,32.5786],[-96.3095,32.4382],[-96.4674,32.3238],[-96.5957,32.2649],[-96.705,32.2412],[-96.7856,32.3235],[-96.8424,32.5328],[-96.9835,32.6398],[-97.0632,32.6254],[-97.1436,32.5645],[-97.3278,32.3674],[-97.5337,32.2122],[-97.7149,32.2052],[-98.0197,32.0878],[-98.2047,31.978],[-98.3542,31.9541],[-98.4281,32.0164],[-98.4291,32.097],[-98.3588,32.2331],[-98.2358,32.3602],[-98.0711,32.4691],[-97.9541,32.6028],[-97.8966,32.7118],[-97.8701,32.873],[-97.9276,33.1297],[-98.009,33.2411],[-98.2169,33.3114],[-98.3296,33.5131],[-98.4469,33.6276],[-98.5648,33.7161],[-98.7345,33.8105],[-98.9389,33.8372],[-99.3316,33.7769],[-99.7054,33.6029],[-100.1994,33.3069],[-100.7999,33.1166],[-100.9724,33.0662],[-101.2069,33.0812],[-101.4371,33.1935],[-101.4601,33.3611],[-101.1641,33.5763],[-101.1522,33.6747],[-101.397,33.8313],[-101.5489,33.9734],[-101.7407,34.0172],[-101.8601,33.9503],[-101.8852,33.765],[-101.9233,33.6957],[-102.0587,33.7078],[-102.2403,33.8],[-102.4055,33.8123],[-102.5782,33.7548],[-102.6294,33.7894],[-102.6367,34.0197],[-102.6959,34.3108],[-102.6869,34.5011],[-102.9838,34.8338],[-103.236,35.0296],[-103.3417,34.9756],[-103.6326,34.7491],[-103.8189,34.6927],[-104.0358,34.6686],[-104.0759,34.6864],[-104.2996,34.7001],[-104.6434,34.7607],[-104.9383,34.7407],[-105.1512,34.6259],[-105.1578,34.4527],[-105.0502,34.164],[-104.9995,33.9514],[-104.9827,33.7904],[-105.0816,33.6597],[-105.2194,33.6343],[-105.3875,33.7147],[-105.4883,33.8617],[-105.6586,34.2043],[-105.7593,34.2928],[-106.0309,34.3637],[-106.3892,34.5388],[-106.595,34.6069],[-106.8208,34.6394],[-107.1677,34.6266],[-107.2318,34.6937],[-107.2527,34.8484],[-107.3891,35.0374],[-107.5147,35.2441],[-107.6028,35.4262],[-107.6499,35.5616],[-107.6333,35.6414],[-107.4591,35.741],[-107.3296,35.9146],[-107.3095,36.1231],[-107.3603,36.1856],[-107.4474,36.2058],[-107.63,36.2062],[-108.1121,36.0943],[-108.2957,36.0097],[-108.4917,36.0881],[-108.8502,36.5633],[-108.956,36.6386],[-109.0418,36.7428],[-109.1238,36.9641],[-109.2093,37.0936],[-109.197,37.2802],[-109.1558,37.3928],[-109.0204,37.5341],[-108.8114,37.5469],[-108.5903,37.4223],[-108.4447,37.2419],[-108.3857,37.0948],[-108.3753,37.0107],[-108.2973,36.9779],[-107.8706,36.9797],[-107.6711,36.9661],[-107.3871,36.9807],[-106.7235,36.9464],[-106.5061,36.9925],[-106.4918,37.197],[-106.518,37.3058],[-106.5141,37.4644],[-106.5591,37.5086],[-106.7736,37.6125],[-106.868,37.6872],[-107.1272,37.7189],[-107.3674,37.7841],[-107.4643,37.8947],[-107.5069,38.1748],[-107.5384,38.5387],[-107.5862,38.8758],[-107.6433,38.9808],[-107.7554,39.0087],[-107.914,38.9693],[-108.0024,38.9679],[-108.1265,38.8836],[-108.2247,38.8522],[-108.4078,38.6912],[-108.485,38.6855],[-108.6936,38.7125],[-108.8275,38.7109],[-108.9239,38.7378],[-109.0916,38.8614],[-109.1359,38.9516],[-109.2235,39.049],[-109.3326,39.0662],[-109.5326,38.9896],[-109.9262,38.8764],[-110.3777,38.7771],[-110.6225,38.7121],[-110.8195,38.5891],[-110.7449,38.4016],[-110.773,38.2871],[-110.9266,38.2193],[-111.189,38.1887],[-111.5082,38.165],[-111.7712,38.1832],[-112,38.2232],[-112,38.0779],[-111.875,38.0127],[-111.7753,37.9318],[-111.7303,37.8011],[-111.7401,37.3488],[-111.7635,37.2183],[-111.8456,37.1271],[-111.9095,37.1062],[-111.9863,37.0101],[-112,36.8734],[-112,36.5396],[-111.8423,36.5144],[-111.6647,36.427],[-111.5434,36.2819],[-111.3899,36.0301],[-111.2297,35.9273],[-111.0057,35.8096],[-110.816,35.6661],[-110.7739,35.6169],[-110.6512,35.5695],[-110.2689,35.5674],[-109.9743,35.6639],[-109.7072,36.0626],[-109.4985,36.2417],[-109.2886,36.3991],[-109.0879,36.4714],[-108.9642,36.4158],[-108.7236,36.2113],[-108.5095,36.0145],[-108.1298,35.8942],[-107.8364,35.995],[-107.5997,35.9612],[-107.6145,35.8211],[-107.759,35.5395],[-107.793,35.2957],[-107.6972,35.0269],[-107.4921,34.7866],[-107.4106,34.6089],[-107.2833,34.5324],[-106.8825,34.4155],[-106.6998,34.381],[-106.6137,34.3224],[-106.5757,34.1886],[-106.4364,34.0007],[-106.2886,33.853],[-106.2735,33.6821],[-106.3461,33.5676],[-106.5446,33.47],[-106.7009,33.4517],[-106.8405,33.4791],[-106.9615,33.3994],[-107.0411,33.1903],[-107.2655,33.0643],[-107.3148,32.8853],[-107.3998,32.6915],[-107.4919,32.5647],[-107.4861,32.3778],[-107.4291,32.4239],[-107.1536,32.5167],[-107.01,32.5947],[-106.8851,32.6118],[-106.7219,32.5844],[-106.5509,32.8293],[-106.4876,32.9913],[-106.4206,33.0857],[-106.2168,32.9529],[-105.8726,32.5718],[-105.7437,32.4012],[-105.7694,32.2869],[-105.667,32.0018],[-105.6195,31.905],[-105.4398,31.9051],[-105.299,31.8865],[-105.2077,31.8289],[-105.1754,31.7491],[-105.2701,31.5]],[[-102.5951,33.3714],[-102.6726,33.4635],[-102.9734,33.5809],[-103.579,33.6025],[-103.7227,33.6217],[-103.9416,33.6999],[-104.0494,33.8845],[-104.0468,34.0061],[-103.8264,34.2115],[-103.6676,34.3111],[-103.4488,34.3972],[-103.0823,34.2721],[-102.8452,33.8693],[-102.8052,33.703],[-102.6213,33.6113],[-102.5245,33.4028],[-102.5951,33.3714]],[[-92.5175,34.2063],[-92.5998,34.1886],[-92.8731,34.2015],[-92.954,34.2677],[-92.9759,34.4054],[-92.9045,34.5691],[-92.8407,34.5972],[-92.5802,34.5968],[-92.5385,34.5719],[-92.489,34.3189],[-92.5175,34.2063]],[[-100.2237,36.4999],[-100.3395,36.4724],[-100.4146,36.5299],[-100.4234,36.7011],[-100.5222,36.9168],[-100.3923,36.8737],[-100.2507,36.757],[-100.1909,36.6584],[-100.2237,36.4999]],[[-100.8795,37.1836],[-100.899,36.9969],[-100.9972,36.9567],[-101.1761,37.0232],[-101.5189,36.9417],[-101.6191,36.7714],[-101.6502,36.5797],[-101.7193,36.5029],[-101.8286,36.4926],[-101.9537,36.5595],[-101.9343,36.6003],[-101.7735,36.7485],[-101.8374,36.8334],[-101.9786,36.8809],[-101.8859,36.9536],[-101.8432,37.0231],[-101.7527,37.0885],[-101.4283,37.2245],[-101.3328,37.2955],[-101.3267,37.4257],[-101.1693,37.5502],[-101.0907,37.6442],[-100.969,37.6216],[-100.8603,37.4817],[-100.9605,37.3882],[-100.9676,37.322],[-100.8795,37.1836]],[[-98.1778,37.3861],[-98.35,37.3909],[-98.525,37.5181],[-98.5627,37.6651],[-98.3946,37.8552],[-98.1136,37.9221],[-97.9383,37.9071],[-97.9067,37.8466],[-98.0847,37.6073],[-98.1178,37.477],[-98.1778,37.3861]],[[-103.2612,38.6247],[-103.3122,38.5439],[-103.4412,38.5424],[-103.5584,38.5032],[-103.6591,38.4117],[-103.6332,38.2451],[-103.5856,38.1195],[-103.4419,38.0669],[-103.1815,38.1229],[-103.0293,38.1689],[-102.8638,38.1857],[-102.5254,38.1384],[-102.1468,38.0973],[-102.0263,38.1549],[-101.9026,38.0936],[-101.7096,38.08],[-101.6823,38.0045],[-101.9845,37.7625],[-102.0234,37.6584],[-101.9845,37.4374],[-102.043,37.1852],[-102.0624,37.0128],[-102.1453,37.0156],[-102.1477,37.1377],[-102.1835,37.2445],[-102.2442,37.2846],[-102.4017,37.4417],[-102.5206,37.4666],[-102.7526,37.4625],[-102.8654,37.4263],[-103.116,37.2017],[-103.2349,37.1417],[-103.489,37.0634],[-103.7217,37.0336],[-103.8973,37.0546],[-103.9812,37.1031],[-104.0271,37.1676],[-103.9944,37.3421],[-104.0093,37.3772],[-103.8976,37.5483],[-103.9346,37.6772],[-104.0825,37.8453],[-104.2996,37.8524],[-104.4579,37.8961],[-104.4856,37.9833],[-104.4989,38.1686],[-104.4484,38.3632],[-104.3708,38.5399],[-104.2364,38.6452],[-103.9427,38.7842],[-103.8437,38.7981],[-103.712,38.7831],[-103.3158,38.7006],[-103.2612,38.6247]],[[-107.4784,37.1264],[-107.5583,37.1109],[-107.689,37.2253],[-107.9185,37.3947],[-108.1284,37.492],[-108.3307,37.7032],[-108.5609,38.0217],[-108.6021,38.1517],[-108.6378,38.4398],[-108.6318,38.5595],[-108.5012,38.6057],[-108.2516,38.5587],[-107.9633,38.3854],[-107.8831,38.3158],[-107.8068,38.1713],[-107.6189,38.0641],[-107.5672,37.9284],[-107.5517,37.6273],[-107.4923,37.5051],[-107.4055,37.4532],[-107.3559,37.3712],[-107.4128,37.1743],[-107.4784,37.1264]],[[-106.0675,40.5119],[-106.1629,40.4555],[-106.2921,40.4571],[-106.4295,40.4842],[-106.544,40.5307],[-106.5957,40.6242],[-106.6083,40.8202],[-106.4851,40.9016],[-106.3584,40.8983],[-106.1972,40.8603],[-106.0633,40.7465],[-106.0215,40.6015],[-106.0675,40.5119]],[[-106.9205,42.8123],[-106.8717,42.5643],[-106.9219,42.4602],[-107.0639,42.3161],[-107.0652,42.2415],[-106.9716,42.0293],[-106.9617,41.8577],[-107.0695,41.7097],[-107.3557,41.7183],[-107.5004,41.6651],[-107.5488,41.6149],[-107.4911,41.4482],[-107.4207,41.3136],[-107.4629,41.1932],[-107.5541,41.1338],[-107.6978,41.0861],[-107.8867,41.0496],[-108.2859,41.0568],[-108.621,41.0905],[-109.0328,41.2284],[-109.1929,41.3239],[-109.2709,41.4305],[-109.2928,41.7324],[-109.2009,41.9106],[-109.0474,42.1086],[-108.915,42.3868],[-108.8525,42.4798],[-108.7433,42.5634],[-108.5791,42.595],[-108.4053,42.5515],[-108.133,42.5503],[-108.0283,42.5744],[-108.0102,42.6514],[-108.0772,42.8046],[-108.0318,42.9042],[-107.9453,42.9814],[-107.813,43.0566],[-107.4826,43.1234],[-107.2658,43.1203],[-107.1146,43.0791],[-106.9826,42.9848],[-106.9205,42.8123]],[[-105.0945,43.3419],[-105.2581,43.329],[-105.3607,43.385],[-105.4283,43.4846],[-105.4164,43.6371],[-105.3804,43.7385],[-105.2328,43.7789],[-104.954,43.7455],[-104.8524,43.6501],[-104.8262,43.5309],[-104.8663,43.4507],[-105.0945,43.3419]],[[-103.1779,43.6665],[-103.2814,43.6229],[-103.4826,43.6484],[-103.6943,43.8025],[-103.7856,43.9683],[-103.7714,44.0917],[-103.698,44.1929],[-103.5938,44.2656],[-103.4237,44.3023],[-103.1966,44.3048],[-103.0018,44.2842],[-102.8807,44.1629],[-102.8846,44.0192],[-102.9698,43.8632],[-103.1779,43.6665]],[[-107.0655,44.1903],[-107.1486,44.1812],[-107.3918,44.2803],[-107.5378,44.3658],[-107.8787,44.6246],[-107.9847,44.6842],[-108.0152,44.8448],[-107.8791,44.943],[-107.573,45.0205],[-107.3102,45.0437],[-106.8197,45.0508],[-106.7224,45.025],[-106.6343,44.9165],[-106.6613,44.7931],[-106.7308,44.6539],[-106.9605,44.4216],[-107.0234,44.2277],[-107.0655,44.1903]],[[-106.8035,42.1833],[-106.9631,42.2043],[-107.0187,42.2618],[-106.9102,42.4276],[-106.5776,42.5242],[-106.0397,42.7357],[-105.8598,42.766],[-105.6627,42.7185],[-105.6352,42.577],[-105.7652,42.4294],[-105.949,42.3976],[-106.1457,42.3925],[-106.4452,42.2695],[-106.6232,42.1488],[-106.8035,42.1833]],[[-103.4893,42.6671],[-103.3084,42.7099],[-103.0582,42.6523],[-103.0078,42.5665],[-103.1229,42.3747],[-103.111,42.3151],[-102.9753,42.1742],[-103.1056,42.0248],[-103.2524,41.9632],[-103.3577,41.892],[-103.3669,41.8263],[-103.0423,41.6888],[-103.0858,41.5287],[-102.9322,41.5094],[-102.7583,41.4154],[-102.7546,41.3331],[-102.8161,41.2674],[-102.9204,41.2473],[-103.088,41.2557],[-103.4118,41.1485],[-103.6609,41.0463],[-103.7675,41.0422],[-104.0878,41.1896],[-104.1871,41.2633],[-104.197,41.5398],[-104.2748,42.2107],[-104.2199,42.3243],[-104.1241,42.4058],[-103.9923,42.4335],[-103.7931,42.4027],[-103.6395,42.4516],[-103.629,42.5483],[-103.4893,42.6671]],[[-104.8779,38.8192],[-104.9391,38.9425],[-104.8184,39.0304],[-104.6225,39.0476],[-104.4942,39.0408],[-104.3515,38.967],[-104.2189,38.7982],[-104.2516,38.7266],[-104.4121,38.5772],[-104.5933,38.5426],[-104.7088,38.5758],[-104.8001,38.6726],[-104.8779,38.8192]],[[-94.6665,34.8929],[-94.7731,34.9506],[-94.7946,35.1048],[-94.6138,35.4378],[-94.6231,35.5937],[-94.4854,35.7592],[-94.4864,35.88],[-94.5274,36.1019],[-94.6805,36.1619],[-94.9533,36.2142],[-95.0576,36.3026],[-95.0806,36.4849],[-94.9526,36.8588],[-94.8722,37.0378],[-94.7879,37.18],[-94.6559,37.2362],[-94.2815,37.3309],[-93.9586,37.4269],[-93.851,37.4377],[-93.6493,37.4052],[-93.5184,37.4369],[-93.298,37.5722],[-92.892,37.8008],[-92.3381,37.9382],[-92.221,37.9481],[-92.0785,37.9025],[-92.0429,37.8158],[-92.0223,37.6336],[-91.851,37.4253],[-91.7724,37.2894],[-91.7559,37.2131],[-91.8181,37.1002],[-91.8893,37.0804],[-92.0179,37.0941],[-92.1452,37.134],[-92.4122,37.3209],[-92.6535,37.4005],[-93.0076,37.403],[-93.1083,37.381],[-93.2553,37.3123],[-93.4429,37.1677],[-93.4671,37.105],[-93.4487,36.9662],[-93.3262,36.9302],[-93.0984,36.9747],[-92.8439,36.9607],[-92.4922,36.9114],[-92.3543,36.8612],[-92.3266,36.8052],[-92.4048,36.7419],[-92.6307,36.694],[-93.0465,36.6546],[-93.3079,36.6557],[-93.4476,36.6361],[-93.6568,36.7706],[-93.8541,36.7553],[-93.9709,36.6899],[-94.1201,36.6802],[-94.0732,36.58],[-93.7991,36.458],[-93.7018,36.4372],[-93.6585,36.3766],[-93.7048,36.2177],[-93.812,36.0802],[-93.796,35.9236],[-93.7678,35.8992],[-93.758,35.6056],[-93.7042,35.5392],[-93.253,35.4693],[-93.187,35.3282],[-93.3382,35.2479],[-93.4145,35.1261],[-93.4351,35.0166],[-93.5399,34.8011],[-93.5795,34.7698],[-93.7102,34.7509],[-93.7445,34.7924],[-93.9265,34.8798],[-94.0587,34.9269],[-94.2752,34.9295],[-94.542,34.8534],[-94.6665,34.8929]],[[-92.9519,33.375],[-92.5561,33.2216],[-92.5273,33.0498],[-92.6149,32.9938],[-92.7771,32.9796],[-92.9462,33.047],[-93.157,33.2096],[-93.2004,33.3489],[-93.0945,33.3958],[-92.9519,33.375]],[[-94.0589,34.3873],[-94.0127,34.2837],[-94.0732,34.2129],[-94.1726,34.2041],[-94.2348,34.2702],[-94.2322,34.3419],[-94.1725,34.3872],[-94.0589,34.3873]],[[-104.9524,33.1362],[-104.9203,32.741],[-104.865,32.5593],[-104.8418,32.3484],[-104.7965,32.2898],[-104.7105,32.2529],[-104.4293,32.2461],[-104.4189,32.1475],[-104.5045,32.0464],[-104.623,32.0307],[-104.9195,31.9285],[-105.0767,31.9532],[-105.132,32.0738],[-105.2367,32.0921],[-105.5121,32.4284],[-105.5148,32.6004],[-105.458,32.8318],[-105.4074,32.969],[-105.46,33.1907],[-105.3773,33.3995],[-105.2569,33.4589],[-105.0482,33.4665],[-104.9666,33.4118],[-104.9243,33.2388],[-104.9524,33.1362]],[[-106.339,33.2906],[-106.2432,33.2042],[-106.3375,33.1217],[-106.444,33.1707],[-106.4779,33.2831],[-106.3683,33.3908],[-106.339,33.2906]],[[-91.2685,35.6432],[-91.344,35.5998],[-91.4398,35.3992],[-91.564,35.3051],[-91.6611,35.3802],[-91.7144,35.6175],[-91.8356,35.7998],[-91.8102,36.0285],[-91.7664,36.0737],[-91.8456,36.1518],[-91.8523,36.2697],[-91.8931,36.3861],[-91.7796,36.4487],[-91.6746,36.4522],[-91.5278,36.4104],[-91.3973,36.2998],[-91.2876,36.1058],[-91.0514,35.9811],[-91.0039,35.9115],[-91.0257,35.8636],[-91.2008,35.7685],[-91.2685,35.6432]],[[-90.8893,35.8812],[-90.9219,35.9545],[-90.9194,36.0508],[-90.8328,36.1326],[-90.6228,36.2132],[-90.4152,36.1953],[-90.4329,36.0843],[-90.6238,35.9225],[-90.8095,35.8469],[-90.8893,35.8812]]],[[[-90,44.8484],[-90,45.5],[-94.0693,45.5],[-93.8244,45.1794],[-93.6636,44.993],[-93.4425,44.8314],[-93.3096,44.766],[-92.9756,44.5629],[-92.7664,44.4889],[-92.4306,44.4217],[-91.9972,44.4506],[-91.8029,44.5541],[-91.5249,44.621],[-90.9521,44.5979],[-90.7306,44.5974],[-90.4965,44.6191],[-90.3461,44.7105],[-90.1984,44.8259],[-90,44.8484]]],[[[-100.5895,45.5],[-101.8665,45.5],[-101.8424,45.4219],[-101.7664,45.3198],[-101.6205,45.1797],[-101.5452,45.0759],[-101.4058,45.0043],[-101.1487,44.9237],[-101.069,44.787],[-100.9083,44.6268],[-100.0495,44.7349],[-99.7186,44.8087],[-99.4004,44.9993],[-99.3271,45.1103],[-99.36,45.2125],[-99.5488,45.3185],[-100.1728,45.3457],[-100.3888,45.3813],[-100.4991,45.4194],[-100.5895,45.5]],[[-100.5101,44.7856],[-100.6258,44.8211],[-100.7039,44.9476],[-100.6799,45.0138],[-100.4778,45.0435],[-100.1991,45.0245],[-100.0703,44.9775],[-100.0466,44.8689],[-100.1541,44.8009],[-100.3709,44.7713],[-100.5101,44.7856]]],[[[-96.3235,44.9747],[-96.1274,44.9457],[-95.9394,45.0235],[-95.9397,45.1307],[-96.086,45.2419],[-96.1989,45.2739],[-96.3726,45.2115],[-96.3997,45.1234],[-96.3811,45.0253],[-96.3235,44.9747]]],[[[-97.8232,42.5199],[-97.7568,42.5099],[-97.5047,42.5754],[-97.3481,42.509],[-97.2451,42.4412],[-97.1331,42.4006],[-96.9841,42.4145],[-96.835,42.4896],[-96.5817,42.5241],[-96.6024,42.666],[-96.8211,42.7623],[-97.1587,42.8214],[-97.2808,42.892],[-97.6189,42.9048],[-97.6756,42.8821],[-97.7485,42.7583],[-97.7508,42.6917],[-97.8397,42.6392],[-97.866,42.5527],[-97.8232,42.5199]]],[[[-100.269,40.0764],[-100.3248,40.0619],[-100.3382,39.8172],[-100.2718,39.7686],[-100.043,39.8329],[-99.9451,39.8116],[-99.708,39.8097],[-99.6141,39.8995],[-99.6175,39.9879],[-99.8116,40.003],[-99.9057,40.0662],[-100.1926,40.0538],[-100.269,40.0764]]],[[[-96.7533,36.974],[-96.7066,36.9646],[-96.4257,36.9749],[-96.3333,37.0393],[-96.2979,37.1342],[-96.3247,37.207],[-96.4262,37.3028],[-96.6725,37.3847],[-96.9809,37.4316],[-97.227,37.349],[-97.1482,37.1459],[-96.9375,37.0314],[-96.7533,36.974]]],[[[-90.8707,36.6776],[-90.8089,36.6405],[-90.7493,36.6858],[-90.803,36.8888],[-90.8623,36.9662],[-90.9706,37.0247],[-91.0909,37.0191],[-91.1733,36.9806],[-91.1662,36.8845],[-90.9219,36.7337],[-90.8707,36.6776]]],[[[-90,35.3504],[-90,35.9766],[-90.1961,35.9648],[-90.3133,35.934],[-90.4776,35.7429],[-90.5203,35.6404],[-90.6642,35.5338],[-91.0174,35.5456],[-91.2036,35.5344],[-91.2623,35.475],[-91.2544,35.4137],[-91.1809,35.3746],[-90.9818,35.3094],[-90.8666,35.2908],[-90.4835,35.1493],[-90.3209,35.1045],[-90.2304,35.1351],[-90.199,35.2325],[-90.1308,35.3081],[-90,35.3504]]],[[[-107.8335,31.7837],[-107.8172,31.8896],[-107.8231,32.0423],[-107.8745,32.1961],[-107.8783,32.3148],[-107.9367,32.4167],[-108.1826,32.5874],[-108.3403,32.8317],[-108.3751,33.0697],[-108.5002,33.2025],[-108.7457,33.2456],[-109.0736,33.3753],[-109.5728,33.4553],[-109.6731,33.5175],[-109.8392,33.7307],[-109.9446,33.8421],[-110.1498,33.8571],[-110.2482,33.8155],[-110.3257,33.6441],[-110.3042,33.5061],[-110.2074,33.3172],[-110.1045,33.2233],[-109.9748,33.1511],[-109.7396,33.1737],[-109.4914,33.1731],[-109.2322,33.0963],[-109.0937,32.9679],[-109.0625,32.7687],[-108.8594,32.3729],[-108.8201,32.1737],[-108.8857,32.0055],[-108.885,31.7977],[-108.8531,31.5],[-108.2091,31.5],[-108.209,31.7845],[-107.8335,31.7837]]],[[[-112,33.6099],[-112,33.4015],[-111.9327,33.3254],[-111.9373,33.2308],[-112,33.1276],[-112,32.7566],[-111.8907,32.9676],[-111.816,33.2117],[-111.841,33.4229],[-111.9263,33.5431],[-112,33.6099]]],[[[-96.9886,33.4599],[-96.7544,33.6057],[-96.7039,33.7279],[-96.7853,33.8381],[-97.0004,33.9842],[-97.2095,34.0477],[-97.304,34.0319],[-97.3395,33.9742],[-97.3936,33.6875],[-97.3785,33.598],[-97.3252,33.5092],[-97.1332,33.4534],[-96.9886,33.4599]]],[[[-100.4127,33.9471],[-100.2659,33.9963],[-100.1132,34.0843],[-99.9401,34.2173],[-99.9114,34.3195],[-99.9618,34.3927],[-100.2344,34.5252],[-100.263,34.5929],[-100.2274,34.7013],[-100.0809,34.8032],[-99.9868,34.8182],[-99.9573,34.8601],[-99.9561,35.0703],[-100.0523,35.2167],[-100.2002,35.3285],[-100.3376,35.3541],[-100.5625,35.2812],[-100.7748,35.0265],[-100.857,34.7153],[-100.8416,34.26],[-100.7221,34.1177],[-100.563,33.9538],[-100.4127,33.9471]]],[[[-105.3943,39.7801],[-105.4654,39.8243],[-105.5337,39.9202],[-105.6558,39.9058],[-105.7818,39.8048],[-105.7674,39.6244],[-105.7113,39.5504],[-105.6291,39.4988],[-105.341,39.4436],[-105.1934,39.4493],[-105.0179,39.4931],[-105.0466,39.5378],[-105.0061,39.6784],[-104.7698,39.8072],[-104.7456,39.851],[-105.0048,39.8385],[-105.3943,39.7801]]]]},"properties":{"DM":2}},
{"type":"Feature","geometry":{"type":"MultiPolygon","coordinates":[[[[-112,33.4015],[-112,33.1276],[-111.9373,33.2308],[-111.9327,33.3254],[-112,33.4015]]],[[[-112,44.0503],[-112,42.4427],[-111.9473,42.4693],[-111.8603,42.6692],[-111.6302,42.7269],[-111.4035,42.7645],[-111.2853,42.8608],[-111.2325,43.0589],[-111.1925,43.2952],[-111.1779,43.5577],[-111.2115,43.8612],[-111.2754,43.93],[-111.3843,43.9818],[-111.627,44.0333],[-112,44.0503]]],[[[-112,40.8544],[-112,38.2232],[-111.7712,38.1832],[-111.5082,38.165],[-111.189,38.1887],[-110.9266,38.2193],[-110.773,38.2871],[-110.7449,38.4016],[-110.8195,38.5891],[-110.6225,38.7121],[-110.3777,38.7771],[-109.9262,38.8764],[-109.5326,38.9896],[-109.3326,39.0662],[-109.2235,39.049],[-109.1359,38.9516],[-109.0916,38.8614],[-108.9239,38.7378],[-108.8275,38.7109],[-108.6936,38.7125],[-108.485,38.6855],[-108.4078,38.6912],[-108.2247,38.8522],[-108.1265,38.8836],[-108.0024,38.9679],[-107.914,38.9693],[-107.7554,39.0087],[-107.6433,38.9808],[-107.5862,38.8758],[-107.5384,38.5387],[-107.5069,38.1748],[-107.4643,37.8947],[-107.3674,37.7841],[-107.1272,37.7189],[-106.868,37.6872],[-106.7736,37.6125],[-106.5591,37.5086],[-106.5141,37.4644],[-106.518,37.3058],[-106.4918,37.197],[-106.5061,36.9925],[-106.7235,36.9464],[-107.3871,36.9807],[-107.6711,36.9661],[-107.8706,36.9797],[-108.2973,36.9779],[-108.3753,37.0107],[-108.3857,37.0948],[-108.4447,37.2419],[-108.5903,37.4223],[-108.8114,37.5469],[-109.0204,37.5341],[-109.1558,37.3928],[-109.197,37.2802],[-109.2093,37.0936],[-109.1238,36.9641],[-109.0418,36.7428],[-108.956,36.6386],[-108.8502,36.5633],[-108.4917,36.0881],[-108.2957,36.0097],[-108.1121,36.0943],[-107.63,36.2062],[-107.4474,36.2058],[-107.3603,36.1856],[-107.3095,36.1231],[-107.3296,35.9146],[-107.4591,35.741],[-107.6333,35.6414],[-107.6499,35.5616],[-107.6028,35.4262],[-107.5147,35.2441],[-107.3891,35.0374],[-107.2527,34.8484],[-107.2318,34.6937],[-107.1677,34.6266],[-106.8208,34.6394],[-106.595,34.6069],[-106.3892,34.5388],[-106.0309,34.3637],[-105.7593,34.2928],[-105.6586,34.2043],[-105.4883,33.8617],[-105.3875,33.7147],[-105.2194,33.6343],[-105.0816,33.6597],[-104.9827,33.7904],[-104.9995,33.9514],[-105.0502,34.164],[-105.1578,34.4527],[-105.1512,34.6259],[-104.9383,34.7407],[-104.6434,34.7607],[-104.2996,34.7001],[-104.0759,34.6864],[-104.0358,34.6686],[-103.8189,34.6927],[-103.6326,34.7491],[-103.3417,34.9756],[-103.236,35.0296],[-102.9838,34.8338],[-102.6869,34.5011],[-102.6959,34.3108],[-102.6367,34.0197],[-102.6294,33.7894],[-102.5782,33.7548],[-102.4055,33.8123],[-102.2403,33.8],[-102.0587,33.7078],[-101.9233,33.6957],[-101.8852,33.765],[-101.8601,33.9503],[-101.7407,34.0172],[-101.5489,33.9734],[-101.397,33.8313],[-101.1522,33.6747],[-101.1641,33.5763],[-101.4601,33.3611],[-101.4371,33.1935],[-101.2069,33.0812],[-100.9724,33.0662],[-100.7999,33.1166],[-100.1994,33.3069],[-99.7054,33.6029],[-99.3316,33.7769],[-98.9389,33.8372],[-98.7345,33.8105],[-98.5648,33.7161],[-98.4469,33.6276],[-98.3296,33.5131],[-98.2169,33.3114],[-98.009,33.2411],[-97.9276,33.1297],[-97.8701,32.873],[-97.8966,32.7118],[-97.9541,32.6028],[-98.0711,32.4691],[-98.2358,32.3602],[-98.3588,32.2331],[-98.4291,32.097],[-98.4281,32.0164],[-98.3542,31.9541],[-98.2047,31.978],[-98.0197,32.0878],[-97.7149,32.2052],[-97.5337,32.2122],[-97.3278,32.3674],[-97.1436,32.5645],[-97.0632,32.6254],[-96.9835,32.6398],[-96.8424,32.5328],[-96.7856,32.3235],[-96.705,32.2412],[-96.5957,32.2649],[-96.4674,32.3238],[-96.3095,32.4382],[-96.2461,32.5786],[-96.2984,32.6756],[-96.5228,32.7338],[-96.6045,32.8483],[-96.6056,32.9954],[-96.5477,33.0782],[-96.3247,33.2197],[-96.2065,33.2699],[-95.7906,33.2652],[-95.458,33.2357],[-95.3623,33.2522],[-95.2365,33.3051],[-95.1884,33.3571],[-95.2062,33.5324],[-95.1078,33.7731],[-95.0462,33.8715],[-94.9128,33.9016],[-94.8095,33.9592],[-94.8134,34.0651],[-94.8794,34.1494],[-95.1739,34.2552],[-95.3508,34.306],[-95.7849,34.4892],[-95.8434,34.5312],[-95.929,34.6467],[-96.0657,34.7086],[-96.2254,34.733],[-96.6931,34.5848],[-96.8901,34.4843],[-97.0345,34.3288],[-97.3494,34.2949],[-97.4564,34.3358],[-97.4458,34.5108],[-97.3748,34.6795],[-97.3038,34.9607],[-97.2697,35.1773],[-97.108,35.6207],[-97.1782,35.7781],[-97.307,35.8769],[-97.6986,36.0966],[-97.9541,36.5419],[-98.0076,36.6079],[-98.1667,36.6894],[-98.5161,36.7848],[-98.9506,36.8777],[-99.2894,36.9129],[-99.6589,36.9132],[-99.8368,36.8756],[-99.9799,36.7638],[-100.0025,36.3367],[-100.273,36.2928],[-100.3962,36.1861],[-100.5858,36.2141],[-100.771,36.5818],[-100.8216,36.7389],[-100.9546,36.8593],[-101.1164,36.9202],[-101.3412,36.9301],[-101.5263,36.8538],[-101.5676,36.7036],[-101.5669,36.5736],[-101.7681,36.3849],[-101.8538,36.1383],[-101.8469,36.0344],[-101.9451,35.984],[-102.0734,35.9739],[-102.1771,35.9948],[-102.3293,36.1618],[-102.4144,36.4684],[-102.2903,36.5545],[-102.2134,36.7104],[-102.1629,36.8944],[-102.1843,37.152],[-102.3164,37.3128],[-102.4496,37.3845],[-102.6136,37.3935],[-102.8175,37.3669],[-102.9398,37.2997],[-103.1161,37.0679],[-103.2273,37.0124],[-103.6102,36.9303],[-103.9749,37.0031],[-104.2552,37.0345],[-104.3413,37.1452],[-104.3295,37.2706],[-104.7218,37.295],[-104.7394,37.3817],[-104.6091,37.4896],[-104.4584,37.709],[-104.6683,38.0995],[-104.8809,38.3873],[-104.9151,38.637],[-105.0323,38.6978],[-105.1158,38.6955],[-105.2183,38.6318],[-105.5974,38.5775],[-105.8681,38.6709],[-105.8755,38.7781],[-105.7019,38.8978],[-105.2193,39.0799],[-105.0513,39.1311],[-104.902,39.3043],[-104.9115,39.3505],[-104.8519,39.4405],[-104.8056,39.5662],[-104.533,39.6719],[-104.4289,39.7483],[-104.412,39.9898],[-104.4937,40.114],[-104.597,40.1991],[-104.7775,40.4531],[-104.9375,40.6007],[-104.941,40.7152],[-104.8605,40.9354],[-104.9251,41.0408],[-105.0235,41.1032],[-104.9965,41.238],[-104.8158,41.3762],[-104.5588,41.449],[-104.4988,41.6048],[-104.5765,41.7649],[-104.7815,41.9047],[-105.1355,41.9839],[-105.5214,41.9648],[-105.5759,41.9865],[-105.5785,41.8027],[-105.6602,41.6232],[-106.0439,41.4916],[-105.9719,41.2965],[-105.7926,41.1221],[-105.7527,41.0001],[-105.5562,40.7528],[-105.3997,40.6047],[-105.2394,40.4879],[-105.2481,40.3032],[-105.4452,40.1495],[-105.6134,40.1501],[-105.7981,40.313],[-106.0253,40.4014],[-106.1076,40.3891],[-106.3452,40.4129],[-106.4809,40.4444],[-106.6226,40.5268],[-106.7834,40.5516],[-107.1537,40.5633],[-107.3752,40.5843],[-107.5626,40.538],[-107.6751,40.4643],[-107.7356,40.2827],[-107.6949,40.1448],[-107.6197,40.0289],[-107.5049,39.9348],[-107.4807,39.8545],[-107.5467,39.7875],[-107.7753,39.7619],[-107.9661,39.6306],[-108.205,39.4255],[-108.3598,39.395],[-108.7508,39.449],[-108.9208,39.5122],[-109.0426,39.5152],[-109.2794,39.4453],[-109.8282,39.2619],[-109.952,39.2268],[-110.2894,39.2122],[-110.9526,39.2682],[-111.0776,39.3417],[-111.0142,39.471],[-110.9816,39.7007],[-110.8055,39.9149],[-110.8172,39.975],[-111.0854,39.8526],[-111.2754,39.8666],[-111.6578,40.1527],[-111.7545,40.2998],[-111.7703,40.5852],[-111.8296,40.7214],[-111.9297,40.8238],[-112,40.8544]],[[-96.9886,33.4599],[-97.1332,33.4534],[-97.3252,33.5092],[-97.3785,33.598],[-97.3936,33.6875],[-97.3395,33.9742],[-97.304,34.0319],[-97.2095,34.0477],[-97.0004,33.9842],[-96.7853,33.8381],[-96.7039,33.7279],[-96.7544,33.6057],[-96.9886,33.4599]],[[-100.4127,33.9471],[-100.563,33.9538],[-100.7221,34.1177],[-100.8416,34.26],[-100.857,34.7153],[-100.7748,35.0265],[-100.5625,35.2812],[-100.3376,35.3541],[-100.2002,35.3285],[-100.0523,35.2167],[-99.9561,35.0703],[-99.9573,34.8601],[-99.9868,34.8182],[-100.0809,34.8032],[-100.2274,34.7013],[-100.263,34.5929],[-100.2344,34.5252],[-99.9618,34.3927],[-99.9114,34.3195],[-99.9401,34.2173],[-100.1132,34.0843],[-100.2659,33.9963],[-100.4127,33.9471]],[[-105.3943,39.7801],[-105.0048,39.8385],[-104.7456,39.851],[-104.7698,39.8072],[-105.0061,39.6784],[-105.0466,39.5378],[-105.0179,39.4931],[-105.1934,39.4493],[-105.341,39.4436],[-105.6291,39.4988],[-105.7113,39.5504],[-105.7674,39.6244],[-105.7818,39.8048],[-105.6558,39.9058],[-105.5337,39.9202],[-105.4654,39.8243],[-105.3943,39.7801]],[[-107.1976,39.2947],[-107.1918,39.521],[-107.1365,39.7754],[-107.093,39.8774],[-107.0705,40.0643],[-107.017,40.2231],[-106.9487,40.3308],[-106.8212,40.3849],[-106.7219,40.3815],[-106.4057,40.3011],[-106.1411,40.2455],[-106.0911,40.221],[-105.9559,40.0352],[-105.917,39.7287],[-105.9453,39.4746],[-105.8658,39.3797],[-105.5499,39.2849],[-105.5215,39.1795],[-105.8942,39.033],[-105.9834,39.0232],[-106.0511,38.6522],[-106.1848,38.3027],[-106.3165,38.0756],[-106.3617,38.0487],[-106.1389,37.9492],[-105.9253,37.9247],[-105.6893,37.8744],[-105.6146,37.8235],[-105.4814,37.8682],[-105.3884,37.8009],[-105.3628,37.6632],[-105.2529,37.6346],[-105.002,37.63],[-104.8466,37.5584],[-104.8161,37.4511],[-104.8688,37.279],[-104.8985,37.1078],[-104.9765,37.0808],[-105.1996,37.1061],[-105.2448,37.1724],[-105.2724,37.3043],[-105.3955,37.3356],[-105.4436,37.2754],[-105.4992,37.0942],[-105.6525,37.0082],[-105.8156,37.0117],[-105.9573,37.0354],[-106.0837,37.131],[-106.1974,37.2717],[-106.2473,37.4326],[-106.3369,37.6246],[-106.472,37.749],[-106.5727,37.7916],[-106.7605,37.8223],[-106.9536,37.9863],[-106.9963,38.0662],[-107.0139,38.2467],[-106.9979,38.3542],[-106.9999,38.703],[-107.0598,38.8567],[-107.0351,38.9371],[-106.9396,39.0025],[-107.0004,39.077],[-107.1354,39.128],[-107.1976,39.2947]],[[-105.2111,39.999],[-105.1785,40.1291],[-105.1063,40.1942],[-104.9755,40.1748],[-104.9406,40.0647],[-104.9276,39.9058],[-105.0771,39.8639],[-105.1947,39.8979],[-105.2111,39.999]],[[-106.8268,36.3299],[-106.9854,36.4906],[-106.8899,36.6654],[-106.6306,36.7158],[-106.3481,36.6589],[-106.141,36.3926],[-106.088,36.2591],[-105.9172,36.1273],[-105.7718,36.0514],[-105.67,35.9576],[-105.6644,35.7717],[-105.5413,35.7108],[-105.5176,35.639],[-105.6168,35.5138],[-105.6265,35.3927],[-105.5527,34.7463],[-105.5836,34.6586],[-105.7261,34.6151],[-105.9701,34.7227],[-106.0716,35.056],[-106.1702,35.4882],[-106.1885,35.6734],[-106.2329,35.8129],[-106.3244,35.9651],[-106.6645,36.2057],[-106.8268,36.3299]],[[-103.907,35.6979],[-104.1384,35.7069],[-104.5423,35.8059],[-104.7632,35.9325],[-104.9133,36.2451],[-105.0099,36.2956],[-105.5233,36.4063],[-105.6419,36.4634],[-105.6662,36.5404],[-105.6138,36.5915],[-105.5041,36.5838],[-105.0629,36.5154],[-104.852,36.4527],[-104.5497,36.4417],[-104.2194,36.5395],[-104.1561,36.4895],[-104.15,36.4268],[-104.0792,36.3911],[-103.9321,36.3833],[-103.8116,36.4408],[-103.555,36.5017],[-103.2669,36.5405],[-103.1033,36.5357],[-102.9065,36.5564],[-102.8566,36.5216],[-102.8819,36.4458],[-102.9676,36.3099],[-102.968,36.1556],[-103.0416,36.102],[-103.2259,36.0665],[-103.383,35.9585],[-103.8056,35.6938],[-103.907,35.6979]],[[-102.6595,35.7982],[-102.6389,35.9359],[-102.5477,35.9652],[-102.4355,35.9208],[-102.3817,35.8239],[-102.4382,35.7467],[-102.531,35.7423],[-102.6595,35.7982]],[[-101.2654,36.0343],[-101.3433,36.124],[-101.3094,36.2872],[-101.4688,36.4002],[-101.4452,36.5629],[-101.3241,36.6082],[-101.1539,36.5875],[-100.9574,36.4896],[-100.858,36.4054],[-100.7361,36.1801],[-100.7162,36.0766],[-100.9443,35.9995],[-100.9953,35.8705],[-100.9584,35.8],[-100.8557,35.794],[-100.2109,35.8964],[-99.9256,35.9731],[-99.8411,36.0282],[-99.654,36.212],[-99.515,36.3905],[-99.5084,36.4453],[-99.6711,36.5156],[-99.6717,36.6175],[-99.6296,36.641],[-99.3059,36.3977],[-99.1396,36.3844],[-99.0528,36.4538],[-98.9808,36.5709],[-98.9072,36.5454],[-98.896,36.4353],[-98.9278,36.3534],[-98.8393,36.2569],[-98.7149,36.2162],[-98.5873,36.2763],[-98.2609,36.5168],[-98.1255,36.5206],[-98.0421,36.4559],[-97.9536,36.2909],[-97.8935,36.0293],[-97.7017,35.8466],[-97.6344,35.7436],[-97.5398,35.4618],[-97.5361,35.3604],[-97.6924,35.1811],[-97.7853,35.0153],[-97.9384,34.8951],[-98.0395,34.9286],[-98.19,35.0127],[-98.369,35.2315],[-98.4326,35.3415],[-98.5249,35.3784],[-98.609,35.3458],[-98.7332,35.1918],[-98.7679,35.0366],[-98.7427,34.9414],[-98.7628,34.8306],[-98.9465,34.5735],[-98.9793,34.3396],[-98.9199,34.2498],[-98.7557,34.2049],[-98.5886,34.1917],[-98.4483,34.1428],[-98.337,34.0428],[-98.3813,33.9804],[-99.0728,33.9204],[-99.6428,33.8965],[-100.0435,33.8969],[-100.0643,34.0586],[-99.7889,34.2513],[-99.6764,34.3674],[-99.6473,34.5598],[-99.4409,34.846],[-99.4227,34.9377],[-99.4587,35.1469],[-99.5213,35.2633],[-99.846,35.5671],[-99.9168,35.6844],[-100.0496,35.7002],[-100.2166,35.7821],[-100.4176,35.7607],[-100.6307,35.5758],[-100.6975,35.495],[-100.7295,35.3965],[-100.9397,35.1492],[-100.9931,35.0059],[-100.9936,34.7891],[-101.0625,34.6957],[-101.0387,34.5293],[-101.1413,34.4469],[-101.2379,34.5532],[-101.3226,34.5941],[-101.4721,34.623],[-101.6001,34.5453],[-101.8588,34.539],[-101.9153,34.6416],[-101.9959,34.7304],[-101.9982,34.8582],[-102.3359,34.9555],[-102.4671,34.976],[-102.6559,35.0476],[-102.917,35.2662],[-102.9335,35.474],[-102.7486,35.5066],[-102.5362,35.3664],[-102.3356,35.1789],[-102.0685,35.0521],[-101.8614,34.9915],[-101.713,35.0013],[-101.5843,35.0563],[-101.5415,35.1085],[-101.6026,35.1645],[-101.7561,35.5228],[-101.8323,35.6067],[-101.8733,35.7902],[-101.7768,35.8637],[-101.6461,35.8575],[-101.5097,35.7588],[-101.296,35.8133],[-101.2654,36.0343]],[[-97.9505,34.1751],[-98.0492,34.2381],[-98.0919,34.3676],[-98.0668,34.4824],[-97.9276,34.5495],[-97.752,34.6115],[-97.644,34.5876],[-97.6206,34.4332],[-97.6497,34.2613],[-97.7308,34.1864],[-97.818,34.1486],[-97.9505,34.1751]],[[-96.4703,34.3365],[-96.2977,34.3542],[-96.0344,34.3431],[-95.8442,34.3128],[-95.7366,34.2581],[-95.7071,34.1929],[-95.7292,34.1285],[-95.8274,34.0323],[-96.0499,33.8929],[-96.194,33.733],[-96.2725,33.6831],[-96.4115,33.7108],[-96.4615,33.7516],[-96.4155,33.972],[-96.4532,34.1251],[-96.4703,34.3365]],[[-100.4739,33.8353],[-100.4138,33.7108],[-100.4307,33.6296],[-100.6326,33.6087],[-100.6815,33.676],[-100.7839,33.6557],[-100.9137,33.668],[-100.9376,33.7684],[-100.7968,33.8984],[-100.6953,33.9702],[-100.5198,33.8815],[-100.4739,33.8353]],[[-96.7554,32.6468],[-96.8547,32.6745],[-96.945,32.8173],[-96.9618,32.9124],[-96.9332,33.0021],[-96.8626,33.0528],[-96.7622,33.0591],[-96.6906,33.002],[-96.6581,32.8579],[-96.6023,32.7652],[-96.6084,32.6547],[-96.7554,32.6468]]],[[[-106.8035,42.1833],[-106.6232,42.1488],[-106.4452,42.2695],[-106.1457,42.3925],[-105.949,42.3976],[-105.7652,42.4294],[-105.6352,42.577],[-105.6627,42.7185],[-105.8598,42.766],[-106.0397,42.7357],[-106.5776,42.5242],[-106.9102,42.4276],[-107.0187,42.2618],[-106.9631,42.2043],[-106.8035,42.1833]]],[[[-103.4893,42.6671],[-103.629,42.5483],[-103.6395,42.4516],[-103.7931,42.4027],[-103.9923,42.4335],[-104.1241,42.4058],[-104.2199,42.3243],[-104.2748,42.2107],[-104.197,41.5398],[-104.1871,41.2633],[-104.0878,41.1896],[-103.7675,41.0422],[-103.6609,41.0463],[-103.4118,41.1485],[-103.088,41.2557],[-102.9204,41.2473],[-102.8161,41.2674],[-102.7546,41.3331],[-102.7583,41.4154],[-102.9322,41.5094],[-103.0858,41.5287],[-103.0423,41.6888],[-103.3669,41.8263],[-103.3577,41.892],[-103.2524,41.9632],[-103.1056,42.0248],[-102.9753,42.1742],[-103.111,42.3151],[-103.1229,42.3747],[-103.0078,42.5665],[-103.0582,42.6523],[-103.3084,42.7099],[-103.4893,42.6671]],[[-103.5586,42.4455],[-103.5208,42.5705],[-103.2458,42.5661],[-103.1096,42.509],[-103.1824,42.4189],[-103.5113,42.407],[-103.5586,42.4455]],[[-103.7043,41.2373],[-103.6571,41.3172],[-103.663,41.431],[-103.5634,41.5599],[-103.4659,41.5478],[-103.2817,41.4365],[-103.1384,41.3896],[-103.0708,41.3244],[-103.3779,41.2529],[-103.5071,41.1939],[-103.6914,41.1735],[-103.7043,41.2373]]],[[[-104.8779,38.8192],[-104.8001,38.6726],[-104.7088,38.5758],[-104.5933,38.5426],[-104.4121,38.5772],[-104.2516,38.7266],[-104.2189,38.7982],[-104.3515,38.967],[-104.4942,39.0408],[-104.6225,39.0476],[-104.8184,39.0304],[-104.9391,38.9425],[-104.8779,38.8192]],[[-104.6561,38.7305],[-104.7229,38.8001],[-104.7288,38.9155],[-104.6649,38.9691],[-104.5567,38.9735],[-104.4739,38.9389],[-104.4248,38.8522],[-104.4642,38.7427],[-104.5641,38.7058],[-104.6561,38.7305]]],[[[-94.6665,34.8929],[-94.542,34.8534],[-94.2752,34.9295],[-94.0587,34.9269],[-93.9265,34.8798],[-93.7445,34.7924],[-93.7102,34.7509],[-93.5795,34.7698],[-93.5399,34.8011],[-93.4351,35.0166],[-93.4145,35.1261],[-93.3382,35.2479],[-93.187,35.3282],[-93.253,35.4693],[-93.7042,35.5392],[-93.758,35.6056],[-93.7678,35.8992],[-93.796,35.9236],[-93.812,36.0802],[-93.7048,36.2177],[-93.6585,36.3766],[-93.7018,36.4372],[-93.7991,36.458],[-94.0732,36.58],[-94.1201,36.6802],[-93.9709,36.6899],[-93.8541,36.7553],[-93.6568,36.7706],[-93.4476,36.6361],[-93.3079,36.6557],[-93.0465,36.6546],[-92.6307,36.694],[-92.4048,36.7419],[-92.3266,36.8052],[-92.3543,36.8612],[-92.4922,36.9114],[-92.8439,36.9607],[-93.0984,36.9747],[-93.3262,36.9302],[-93.4487,36.9662],[-93.4671,37.105],[-93.4429,37.1677],[-93.2553,37.3123],[-93.1083,37.381],[-93.0076,37.403],[-92.6535,37.4005],[-92.4122,37.3209],[-92.1452,37.134],[-92.0179,37.0941],[-91.8893,37.0804],[-91.8181,37.1002],[-91.7559,37.2131],[-91.7724,37.2894],[-91.851,37.4253],[-92.0223,37.6336],[-92.0429,37.8158],[-92.0785,37.9025],[-92.221,37.9481],[-92.3381,37.9382],[-92.892,37.8008],[-93.298,37.5722],[-93.5184,37.4369],[-93.6493,37.4052],[-93.851,37.4377],[-93.9586,37.4269],[-94.2815,37.3309],[-94.6559,37.2362],[-94.7879,37.18],[-94.8722,37.0378],[-94.9526,36.8588],[-95.0806,36.4849],[-95.0576,36.3026],[-94.9533,36.2142],[-94.6805,36.1619],[-94.5274,36.1019],[-94.4864,35.88],[-94.4854,35.7592],[-94.6231,35.5937],[-94.6138,35.4378],[-94.7946,35.1048],[-94.7731,34.9506],[-94.6665,34.8929]],[[-94.5534,36.2669],[-94.5424,36.3026],[-94.3874,36.3382],[-94.0605,36.4515],[-93.9734,36.4268],[-93.9172,36.2956],[-93.9382,36.218],[-94.5084,36.2152],[-94.5534,36.2669]],[[-94.3155,35.3661],[-94.3823,35.3868],[-94.4053,35.4653],[-94.3305,35.5082],[-94.205,35.5227],[-94.0871,35.483],[-94.1461,35.3893],[-94.3155,35.3661]]],[[[-90,33.406],[-90,33.7774],[-90.1926,33.7797],[-90.2927,33.8038],[-90.6354,33.9341],[-90.7878,34.0384],[-90.8785,34.2784],[-90.9686,34.4453],[-91.405,34.9902],[-91.5117,35.032],[-91.8994,35.0589],[-92.0691,35.0931],[-92.1853,35.1356],[-92.4318,35.1719],[-92.497,35.1067],[-92.635,35.1456],[-92.8287,35.2548],[-92.9667,35.1445],[-93.0106,35.0802],[-92.9822,35.0382],[-92.7938,35.0028],[-92.7437,34.9433],[-92.43,34.9073],[-92.3441,34.9651],[-92.204,34.8448],[-92.123,34.7278],[-92.0917,34.572],[-91.9943,34.4074],[-91.9006,34.3596],[-91.7595,34.3358],[-91.6427,34.2794],[-91.2175,33.9881],[-91.2237,33.9636],[-91.4915,33.8553],[-91.6464,33.7664],[-91.6952,33.6859],[-91.6513,33.6215],[-91.7239,33.5623],[-91.8577,33.5115],[-91.9388,33.532],[-91.8314,33.7089],[-91.8818,33.755],[-92.0816,33.773],[-92.1986,33.8063],[-92.236,33.7656],[-92.2844,33.5591],[-92.2516,33.39],[-92.1993,33.2478],[-92.0873,33.1821],[-91.8974,33.1561],[-91.822,33.2395],[-91.7372,33.2755],[-91.5687,33.2318],[-91.5162,33.1898],[-91.3072,33.1546],[-91.1226,33.2686],[-91.0283,33.211],[-90.6536,33.1547],[-90.4612,33.1768],[-90.1549,33.2548],[-90.0468,33.3288],[-90,33.406]],[[-90.9757,33.9327],[-90.8956,33.9008],[-90.8244,33.798],[-90.881,33.679],[-90.866,33.5787],[-91.0281,33.514],[-91.1648,33.4327],[-91.3665,33.4275],[-91.4811,33.4059],[-91.6855,33.4413],[-91.5867,33.5746],[-91.4531,33.6351],[-91.1692,33.7958],[-91.0796,33.9336],[-90.9757,33.9327]]],[[[-92.9519,33.375],[-93.0945,33.3958],[-93.2004,33.3489],[-93.157,33.2096],[-92.9462,33.047],[-92.7771,32.9796],[-92.6149,32.9938],[-92.5273,33.0498],[-92.5561,33.2216],[-92.9519,33.375]]],[[[-94.0589,34.3873],[-94.1725,34.3872],[-94.2322,34.3419],[-94.2348,34.2702],[-94.1726,34.2041],[-94.0732,34.2129],[-94.0127,34.2837],[-94.0589,34.3873]]],[[[-104.9524,33.1362],[-104.9243,33.2388],[-104.9666,33.4118],[-105.0482,33.4665],[-105.2569,33.4589],[-105.3773,33.3995],[-105.46,33.1907],[-105.4074,32.969],[-105.458,32.8318],[-105.5148,32.6004],[-105.5121,32.4284],[-105.2367,32.0921],[-105.132,32.0738],[-105.0767,31.9532],[-104.9195,31.9285],[-104.623,32.0307],[-104.5045,32.0464],[-104.4189,32.1475],[-104.4293,32.2461],[-104.7105,32.2529],[-104.7965,32.2898],[-104.8418,32.3484],[-104.865,32.5593],[-104.9203,32.741],[-104.9524,33.1362]]],[[[-106.339,33.2906],[-106.3683,33.3908],[-106.4779,33.2831],[-106.444,33.1707],[-106.3375,33.1217],[-106.2432,33.2042],[-106.339,33.2906]]],[[[-91.2685,35.6432],[-91.2008,35.7685],[-91.0257,35.8636],[-91.0039,35.9115],[-91.0514,35.9811],[-91.2876,36.1058],[-91.3973,36.2998],[-91.5278,36.4104],[-91.6746,36.4522],[-91.7796,36.4487],[-91.8931,36.3861],[-91.8523,36.2697],[-91.8456,36.1518],[-91.7664,36.0737],[-91.8102,36.0285],[-91.8356,35.7998],[-91.7144,35.6175],[-91.6611,35.3802],[-91.564,35.3051],[-91.4398,35.3992],[-91.344,35.5998],[-91.2685,35.6432]],[[-91.7401,36.2528],[-91.7454,36.2933],[-91.8481,36.3542],[-91.7784,36.4072],[-91.5551,36.3527],[-91.5627,36.2937],[-91.7282,36.1629],[-91.7401,36.2528]]],[[[-90.8893,35.8812],[-90.8095,35.8469],[-90.6238,35.9225],[-90.4329,36.0843],[-90.4152,36.1953],[-90.6228,36.2132],[-90.8328,36.1326],[-90.9194,36.0508],[-90.9219,35.9545],[-90.8893,35.8812]]],[[[-104.59,45.5],[-105.9326,45.5],[-105.9492,45.458],[-106.2332,45.3522],[-106.2751,45.2567],[-106.2646,45.1341],[-106.1868,45.0681],[-105.9982,45.0515],[-105.8441,44.9998],[-105.7262,44.8314],[-105.6961,44.7297],[-105.7996,44.6047],[-105.8676,44.4796],[-105.9873,44.3557],[-106.1347,44.3141],[-106.2454,44.329],[-106.443,44.4111],[-106.5904,44.4137],[-106.7617,44.3571],[-106.9393,44.1681],[-107.0616,44.0943],[-107.2524,44.0924],[-107.4786,44.2203],[-107.6497,44.3641],[-107.7888,44.4402],[-107.9952,44.4993],[-108.4309,44.4836],[-108.6377,44.5212],[-108.7318,44.4991],[-108.8756,44.4149],[-108.9829,44.3255],[-109.0601,44.2012],[-109.0775,44.1032],[-108.9671,43.879],[-108.9437,43.6862],[-108.904,43.5639],[-108.8485,43.4847],[-108.5091,43.3976],[-108.1633,43.339],[-107.9239,43.2743],[-107.6774,43.1903],[-107.3451,43.1557],[-106.9522,43.1757],[-106.5895,43.2112],[-106.1992,43.2937],[-106.0939,43.3931],[-105.9491,43.6776],[-105.8977,43.8033],[-105.8118,43.909],[-105.6402,43.9661],[-105.2924,43.9665],[-105.0848,43.9154],[-104.7781,43.9917],[-104.4896,44.1002],[-104.2492,44.1543],[-104.0183,44.248],[-103.8728,44.4181],[-103.7574,44.7129],[-103.7861,44.8138],[-104.012,45.054],[-104.2012,45.2284],[-104.6421,45.4168],[-104.59,45.5]]],[[[-100.5101,44.7856],[-100.3709,44.7713],[-100.1541,44.8009],[-100.0466,44.8689],[-100.0703,44.9775],[-100.1991,45.0245],[-100.4778,45.0435],[-100.6799,45.0138],[-100.7039,44.9476],[-100.6258,44.8211],[-100.5101,44.7856]]]]},"properties":{"DM":3}},
{"type":"Feature","geometry":{"type":"MultiPolygon","coordinates":[[[[-90.9757,33.9327],[-91.0796,33.9336],[-91.1692,33.7958],[-91.4531,33.6351],[-91.5867,33.5746],[-91.6855,33.4413],[-91.4811,33.4059],[-91.3665,33.4275],[-91.1648,33.4327],[-91.0281,33.514],[-90.866,33.5787],[-90.881,33.679],[-90.8244,33.798],[-90.8956,33.9008],[-90.9757,33.9327]]],[[[-91.7401,36.2528],[-91.7282,36.1629],[-91.5627,36.2937],[-91.5551,36.3527],[-91.7784,36.4072],[-91.8481,36.3542],[-91.7454,36.2933],[-91.7401,36.2528]]],[[[-94.5534,36.2669],[-94.5084,36.2152],[-93.9382,36.218],[-93.9172,36.2956],[-93.9734,36.4268],[-94.0605,36.4515],[-94.3874,36.3382],[-94.5424,36.3026],[-94.5534,36.2669]]],[[[-94.3155,35.3661],[-94.1461,35.3893],[-94.0871,35.483],[-94.205,35.5227],[-94.3305,35.5082],[-94.4053,35.4653],[-94.3823,35.3868],[-94.3155,35.3661]]],[[[-104.6561,38.7305],[-104.5641,38.7058],[-104.4642,38.7427],[-104.4248,38.8522],[-104.4739,38.9389],[-104.5567,38.9735],[-104.6649,38.9691],[-104.7288,38.9155],[-104.7229,38.8001],[-104.6561,38.7305]]],[[[-107.1976,39.2947],[-107.1354,39.128],[-107.0004,39.077],[-106.9396,39.0025],[-107.0351,38.9371],[-107.0598,38.8567],[-106.9999,38.703],[-106.9979,38.3542],[-107.0139,38.2467],[-106.9963,38.0662],[-106.9536,37.9863],[-106.7605,37.8223],[-106.5727,37.7916],[-106.472,37.749],[-106.3369,37.6246],[-106.2473,37.4326],[-106.1974,37.2717],[-106.0837,37.131],[-105.9573,37.0354],[-105.8156,37.0117],[-105.6525,37.0082],[-105.4992,37.0942],[-105.4436,37.2754],[-105.3955,37.3356],[-105.2724,37.3043],[-105.2448,37.1724],[-105.1996,37.1061],[-104.9765,37.0808],[-104.8985,37.1078],[-104.8688,37.279],[-104.8161,37.4511],[-104.8466,37.5584],[-105.002,37.63],[-105.2529,37.6346],[-105.3628,37.6632],[-105.3884,37.8009],[-105.4814,37.8682],[-105.6146,37.8235],[-105.6893,37.8744],[-105.9253,37.9247],[-106.1389,37.9492],[-106.3617,38.0487],[-106.3165,38.0756],[-106.1848,38.3027],[-106.0511,38.6522],[-105.9834,39.0232],[-105.8942,39.033],[-105.5215,39.1795],[-105.5499,39.2849],[-105.8658,39.3797],[-105.9453,39.4746],[-105.917,39.7287],[-105.9559,40.0352],[-106.0911,40.221],[-106.1411,40.2455],[-106.4057,40.3011],[-106.7219,40.3815],[-106.8212,40.3849],[-106.9487,40.3308],[-107.017,40.2231],[-107.0705,40.0643],[-107.093,39.8774],[-107.1365,39.7754],[-107.1918,39.521],[-107.1976,39.2947]]],[[[-105.2111,39.999],[-105.1947,39.8979],[-105.0771,39.8639],[-104.9276,39.9058],[-104.9406,40.0647],[-104.9755,40.1748],[-105.1063,40.1942],[-105.1785,40.1291],[-105.2111,39.999]]],[[[-106.8268,36.3299],[-106.6645,36.2057],[-106.3244,35.9651],[-106.2329,35.8129],[-106.1885,35.6734],[-106.1702,35.4882],[-106.0716,35.056],[-105.9701,34.7227],[-105.7261,34.6151],[-105.5836,34.6586],[-105.5527,34.7463],[-105.6265,35.3927],[-105.6168,35.5138],[-105.5176,35.639],[-105.5413,35.7108],[-105.6644,35.7717],[-105.67,35.9576],[-105.7718,36.0514],[-105.9172,36.1273],[-106.088,36.2591],[-106.141,36.3926],[-106.3481,36.6589],[-106.6306,36.7158],[-106.8899,36.6654],[-106.9854,36.4906],[-106.8268,36.3299]]],[[[-103.907,35.6979],[-103.8056,35.6938],[-103.383,35.9585],[-103.2259,36.0665],[-103.0416,36.102],[-102.968,36.1556],[-102.9676,36.3099],[-102.8819,36.4458],[-102.8566,36.5216],[-102.9065,36.5564],[-103.1033,36.5357],[-103.2669,36.5405],[-103.555,36.5017],[-103.8116,36.4408],[-103.9321,36.3833],[-104.0792,36.3911],[-104.15,36.4268],[-104.1561,36.4895],[-104.2194,36.5395],[-104.5497,36.4417],[-104.852,36.4527],[-105.0629,36.5154],[-105.5041,36.5838],[-105.6138,36.5915],[-105.6662,36.5404],[-105.6419,36.4634],[-105.5233,36.4063],[-105.0099,36.2956],[-104.9133,36.2451],[-104.7632,35.9325],[-104.5423,35.8059],[-104.1384,35.7069],[-103.907,35.6979]]],[[[-102.6595,35.7982],[-102.531,35.7423],[-102.4382,35.7467],[-102.3817,35.8239],[-102.4355,35.9208],[-102.5477,35.9652],[-102.6389,35.9359],[-102.6595,35.7982]]],[[[-101.2654,36.0343],[-101.296,35.8133],[-101.5097,35.7588],[-101.6461,35.8575],[-101.7768,35.8637],[-101.8733,35.7902],[-101.8323,35.6067],[-101.7561,35.5228],[-101.6026,35.1645],[-101.5415,35.1085],[-101.5843,35.0563],[-101.713,35.0013],[-101.8614,34.9915],[-102.0685,35.0521],[-102.3356,35.1789],[-102.5362,35.3664],[-102.7486,35.5066],[-102.9335,35.474],[-102.917,35.2662],[-102.6559,35.0476],[-102.4671,34.976],[-102.3359,34.9555],[-101.9982,34.8582],[-101.9959,34.7304],[-101.9153,34.6416],[-101.8588,34.539],[-101.6001,34.5453],[-101.4721,34.623],[-101.3226,34.5941],[-101.2379,34.5532],[-101.1413,34.4469],[-101.0387,34.5293],[-101.0625,34.6957],[-100.9936,34.7891],[-100.9931,35.0059],[-100.9397,35.1492],[-100.7295,35.3965],[-100.6975,35.495],[-100.6307,35.5758],[-100.4176,35.7607],[-100.2166,35.7821],[-100.0496,35.7002],[-99.9168,35.6844],[-99.846,35.5671],[-99.5213,35.2633],[-99.4587,35.1469],[-99.4227,34.9377],[-99.4409,34.846],[-99.6473,34.5598],[-99.6764,34.3674],[-99.7889,34.2513],[-100.0643,34.0586],[-100.0435,33.8969],[-99.6428,33.8965],[-99.0728,33.9204],[-98.3813,33.9804],[-98.337,34.0428],[-98.4483,34.1428],[-98.5886,34.1917],[-98.7557,34.2049],[-98.9199,34.2498],[-98.9793,34.3396],[-98.9465,34.5735],[-98.7628,34.8306],[-98.7427,34.9414],[-98.7679,35.0366],[-98.7332,35.1918],[-98.609,35.3458],[-98.5249,35.3784],[-98.4326,35.3415],[-98.369,35.2315],[-98.19,35.0127],[-98.0395,34.9286],[-97.9384,34.8951],[-97.7853,35.0153],[-97.6924,35.1811],[-97.5361,35.3604],[-97.5398,35.4618],[-97.6344,35.7436],[-97.7017,35.8466],[-97.8935,36.0293],[-97.9536,36.2909],[-98.0421,36.4559],[-98.1255,36.5206],[-98.2609,36.5168],[-98.5873,36.2763],[-98.7149,36.2162],[-98.8393,36.2569],[-98.9278,36.3534],[-98.896,36.4353],[-98.9072,36.5454],[-98.9808,36.5709],[-99.0528,36.4538],[-99.1396,36.3844],[-99.3059,36.3977],[-99.6296,36.641],[-99.6717,36.6175],[-99.6711,36.5156],[-99.5084,36.4453],[-99.515,36.3905],[-99.654,36.212],[-99.8411,36.0282],[-99.9256,35.9731],[-100.2109,35.8964],[-100.8557,35.794],[-100.9584,35.8],[-100.9953,35.8705],[-100.9443,35.9995],[-100.7162,36.0766],[-100.7361,36.1801],[-100.858,36.4054],[-100.9574,36.4896],[-101.1539,36.5875],[-101.3241,36.6082],[-101.4452,36.5629],[-101.4688,36.4002],[-101.3094,36.2872],[-101.3433,36.124],[-101.2654,36.0343]]],[[[-97.9505,34.1751],[-97.818,34.1486],[-97.7308,34.1864],[-97.6497,34.2613],[-97.6206,34.4332],[-97.644,34.5876],[-97.752,34.6115],[-97.9276,34.5495],[-98.0668,34.4824],[-98.0919,34.3676],[-98.0492,34.2381],[-97.9505,34.1751]]],[[[-96.4703,34.3365],[-96.4532,34.1251],[-96.4155,33.972],[-96.4615,33.7516],[-96.4115,33.7108],[-96.2725,33.6831],[-96.194,33.733],[-96.0499,33.8929],[-95.8274,34.0323],[-95.7292,34.1285],[-95.7071,34.1929],[-95.7366,34.2581],[-95.8442,34.3128],[-96.0344,34.3431],[-96.2977,34.3542],[-96.4703,34.3365]]],[[[-100.4739,33.8353],[-100.5198,33.8815],[-100.6953,33.9702],[-100.7968,33.8984],[-100.9376,33.7684],[-100.9137,33.668],[-100.7839,33.6557],[-100.6815,33.676],[-100.6326,33.6087],[-100.4307,33.6296],[-100.4138,33.7108],[-100.4739,33.8353]]],[[[-96.7554,32.6468],[-96.6084,32.6547],[-96.6023,32.7652],[-96.6581,32.8579],[-96.6906,33.002],[-96.7622,33.0591],[-96.8626,33.0528],[-96.9332,33.0021],[-96.9618,32.9124],[-96.945,32.8173],[-96.8547,32.6745],[-96.7554,32.6468]]],[[[-103.5586,42.4455],[-103.5113,42.407],[-103.1824,42.4189],[-103.1096,42.509],[-103.2458,42.5661],[-103.5208,42.5705],[-103.5586,42.4455]]],[[[-103.7043,41.2373],[-103.6914,41.1735],[-103.5071,41.1939],[-103.3779,41.2529],[-103.0708,41.3244],[-103.1384,41.3896],[-103.2817,41.4365],[-103.4659,41.5478],[-103.5634,41.5599],[-103.663,41.431],[-103.6571,41.3172],[-103.7043,41.2373]]]]},"properties":{"DM":4}}
]}